{
  "type": "FeatureCollection",
  "features": [
    {
      "type": "Feature",
      "geometry": {
        "type": "Point",
        "coordinates": [
          88.3600196,
          22.5727398
        ]
      },
      "properties": {
        "amenity": "hospital",
        "healthcare": "hospital",
        "name": "Eden Hospital",
        "name:en": "Eden Hospital",
        "osm_id": 1189036467
      }
    },
    {
      "type": "Feature",
      "geometry": {
        "type": "Point",
        "coordinates": [
          88.3614363,
          22.5722242
        ]
      },
      "properties": {
        "amenity": "hospital",
        "healthcare": "hospital",
        "name": "Calcutta Medical College & Hospital",
        "name:en": "Calcutta Medical College & Hospital",
        "wikidata": "Q3348933",
        "wikipedia": "en:Medical College and Hospital, Kolkata",
        "osm_id": 1189036837
      }
    },
    {
      "type": "Feature",
      "geometry": {
        "type": "Point",
        "coordinates": [
          88.3163322,
          22.4987178
        ]
      },
      "properties": {
        "addr:district": "South 24 Parganas",
        "addr:full": "Brahma Samaj Road, Vidyasagar Park, Behala",
        "addr:postcode": "700034",
        "addr:state": "West Bengal",
        "amenity": "hospital",
        "description": "Sub-District Hospital",
        "healthcare": "hospital",
        "name": "Vidyasagar State General Hospital",
        "source": "OpenGovernmentData",
        "website": "wbhealth.gov.in",
        "wikidata": "Q61453790",
        "osm_id": 1272967205
      }
    },
    {
      "type": "Feature",
      "geometry": {
        "type": "Point",
        "coordinates": [
          88.4289579,
          22.5843732
        ]
      },
      "properties": {
        "amenity": "hospital",
        "healthcare": "hospital",
        "name": "Anandalok(\u0986\u09a8\u09a8\u09cd\u09a6\u09b2\u09cb\u0995)",
        "name:bn": "\u0986\u09a8\u09a8\u09cd\u09a6\u09b2\u09cb\u0995\u00a0\u09b9\u09be\u09b8\u09aa\u09be\u09a4\u09be\u09b2",
        "osm_id": 1684554285
      }
    },
    {
      "type": "Feature",
      "geometry": {
        "type": "Point",
        "coordinates": [
          88.3121663,
          22.4951399
        ]
      },
      "properties": {
        "amenity": "hospital",
        "healthcare": "hospital",
        "osm_id": 1765139008
      }
    },
    {
      "type": "Feature",
      "geometry": {
        "type": "Point",
        "coordinates": [
          88.3836982,
          22.4580817
        ]
      },
      "properties": {
        "addr:district": "South 24 Parganas",
        "addr:full": "2406,Garia Main Road",
        "addr:postcode": "700084",
        "addr:state": "West Bengal",
        "amenity": "hospital",
        "building:use": "residential",
        "emergency": "yes",
        "healthcare": "hospital",
        "name": "Hindustan Health Point Pvt Ltd",
        "source": "OpenGovernmentData",
        "osm_id": 1822525113
      }
    },
    {
      "type": "Feature",
      "geometry": {
        "type": "Point",
        "coordinates": [
          88.3106772,
          22.4908706
        ]
      },
      "properties": {
        "addr:street": "D.r A.k paul road",
        "amenity": "clinic",
        "healthcare": "clinic",
        "name": "Chabi Medical",
        "osm_id": 1894676230
      }
    },
    {
      "type": "Feature",
      "geometry": {
        "type": "Point",
        "coordinates": [
          88.3938205,
          22.4809641
        ]
      },
      "properties": {
        "addr:district": "Kolkata",
        "addr:full": "360 Panchasayar",
        "addr:postcode": "700094",
        "addr:state": "West Bengal",
        "amenity": "hospital",
        "email": "ph.enquiry@peerlesshospital.com",
        "emergency": "yes",
        "healthcare": "hospital",
        "name": "Peerless Hospital and B.K.Roy Research Center",
        "operator:type": "private",
        "source": "OpenGovernmentData",
        "website": "https://www.peerlesshospital.com/",
        "wikidata": "Q30263004",
        "osm_id": 2192928421
      }
    },
    {
      "type": "Feature",
      "geometry": {
        "type": "Point",
        "coordinates": [
          89.0248954,
          22.4639038
        ]
      },
      "properties": {
        "amenity": "hospital",
        "name": "Kaliganj Upazila Health Complex",
        "osm_id": 2343351870
      }
    },
    {
      "type": "Feature",
      "geometry": {
        "type": "Point",
        "coordinates": [
          89.1026876,
          22.3439009
        ]
      },
      "properties": {
        "amenity": "hospital",
        "healthcare": "hospital",
        "name": "Shymnagar Upazila Health Complex",
        "operator": "Goverment",
        "operator:type": "government",
        "osm_id": 2343351923
      }
    },
    {
      "type": "Feature",
      "geometry": {
        "type": "Point",
        "coordinates": [
          88.4134692,
          22.5728078
        ]
      },
      "properties": {
        "addr:housename": "IB 175, Sector III, Salt Lake City Kolkata",
        "addr:postcode": "700091",
        "amenity": "hospital",
        "healthcare": "hospital",
        "name": "Subodh Mitra Cancer Hospital and Research Centre",
        "phone": "03323352515",
        "source": "OpenGovernmentData",
        "website": "http://ww16.cancerhospital.org/",
        "osm_id": 2365903278
      }
    },
    {
      "type": "Feature",
      "geometry": {
        "type": "Point",
        "coordinates": [
          88.4122473,
          22.5909895
        ]
      },
      "properties": {
        "amenity": "hospital",
        "healthcare": "hospital",
        "name": "Suraksha Diagnostic",
        "osm_id": 2460793572
      }
    },
    {
      "type": "Feature",
      "geometry": {
        "type": "Point",
        "coordinates": [
          88.4110886,
          22.5912273
        ]
      },
      "properties": {
        "amenity": "hospital",
        "healthcare": "hospital",
        "name": "Bidhannagar State General Hospital",
        "osm_id": 2460827333
      }
    },
    {
      "type": "Feature",
      "geometry": {
        "type": "Point",
        "coordinates": [
          88.4105441,
          22.5908731
        ]
      },
      "properties": {
        "amenity": "hospital",
        "healthcare": "hospital",
        "name": "Seba Hospital",
        "osm_id": 2460827352
      }
    },
    {
      "type": "Feature",
      "geometry": {
        "type": "Point",
        "coordinates": [
          88.4089267,
          22.5896424
        ]
      },
      "properties": {
        "addr:district": "Kolkata",
        "addr:full": "Andromeda, Dd-30, Sector-1, Saltlake City, Salt Lake",
        "addr:housename": "DD-30, Sector-1, Salt Lake City, Kolkata, West Bengal2nd Cross Road, DD Block, Salt Lake City, Bidhan Nagar, West Bengal 700064",
        "addr:postcode": "700064",
        "addr:state": "West Bengal",
        "amenity": "hospital",
        "contact:phone": "339890000",
        "healthcare": "hospital",
        "name": "Vasan Eye Care Hospital, Kolkata",
        "source": "OpenGovernmentData",
        "osm_id": 2460827384
      }
    },
    {
      "type": "Feature",
      "geometry": {
        "type": "Point",
        "coordinates": [
          88.4914262,
          22.5855232
        ]
      },
      "properties": {
        "amenity": "hospital",
        "healthcare": "hospital",
        "name": "Global Healthcare System",
        "osm_id": 2464908634
      }
    },
    {
      "type": "Feature",
      "geometry": {
        "type": "Point",
        "coordinates": [
          88.3471209,
          22.5264408
        ]
      },
      "properties": {
        "amenity": "hospital",
        "healthcare": "hospital",
        "healthcare:speciality": "paediatrics",
        "name": "Chittaranjan Shishu Hospital",
        "name:etymology:wikidata": "Q560182",
        "osm_id": 2471894122
      }
    },
    {
      "type": "Feature",
      "geometry": {
        "type": "Point",
        "coordinates": [
          88.3470069,
          22.5259264
        ]
      },
      "properties": {
        "amenity": "hospital",
        "healthcare": "hospital",
        "name": "Chittaranjan Seva Sadan",
        "name:etymology:wikidata": "Q560182",
        "osm_id": 2471894125
      }
    },
    {
      "type": "Feature",
      "geometry": {
        "type": "Point",
        "coordinates": [
          88.3466423,
          22.5252694
        ]
      },
      "properties": {
        "addr:city": "Kolkata",
        "addr:district": "Kolkata",
        "addr:housenumber": "37",
        "addr:postcode": "700026",
        "addr:state": "West Bengal",
        "addr:street": "Shyama Prasad Mukherjee Road",
        "amenity": "hospital",
        "check_date": "2023-09-30",
        "healthcare": "hospital",
        "internet_access": "wlan",
        "internet_access:fee": "no",
        "name": "Chittaranjan National Cancer Institute Hospital",
        "name:etymology:wikidata": "Q560182",
        "payment:mastercard": "yes",
        "payment:visa": "yes",
        "source": "OpenGovernmentData",
        "wheelchair": "yes",
        "wikidata": "Q5102433",
        "wikipedia": "en:Chittaranjan National Cancer Institute",
        "osm_id": 2471894143
      }
    },
    {
      "type": "Feature",
      "geometry": {
        "type": "Point",
        "coordinates": [
          88.3451221,
          22.5291683
        ]
      },
      "properties": {
        "addr:district": "Kolkata",
        "addr:full": "27/T, Raj Krishna Street, Uttarpara,",
        "addr:postcode": "712258",
        "addr:state": "West Bengal",
        "amenity": "clinic",
        "email": "info@thecarenursinghome.com",
        "healthcare": "clinic",
        "name": "Centre Point Nursing Home",
        "phone": "9830511168;9051968444",
        "source": "OpenGovernmentData",
        "website": "http://thecarenursinghome.com/",
        "osm_id": 2471903968
      }
    },
    {
      "type": "Feature",
      "geometry": {
        "type": "Point",
        "coordinates": [
          88.1853849,
          21.8764139
        ]
      },
      "properties": {
        "addr:postcode": "743347",
        "amenity": "hospital",
        "name": "Nonamath Sub Center",
        "phone": "+9187 59 810923",
        "osm_id": 2478662597
      }
    },
    {
      "type": "Feature",
      "geometry": {
        "type": "Point",
        "coordinates": [
          88.3641593,
          22.5263392
        ]
      },
      "properties": {
        "addr:housenumber": "52/2B",
        "addr:postcode": "700019",
        "addr:street": "Hazra Road",
        "amenity": "clinic",
        "check_date": "2023-12-16",
        "healthcare": "clinic",
        "name": "Quadra Medical Services Pvt Ltd",
        "operator:type": "private",
        "osm_id": 3250373761
      }
    },
    {
      "type": "Feature",
      "geometry": {
        "type": "Point",
        "coordinates": [
          88.3507269,
          22.5895694
        ]
      },
      "properties": {
        "amenity": "hospital",
        "healthcare": "hospital",
        "name": "Mayor Chect Clinick",
        "osm_id": 3324142933
      }
    },
    {
      "type": "Feature",
      "geometry": {
        "type": "Point",
        "coordinates": [
          88.0905806,
          22.1423439
        ]
      },
      "properties": {
        "addr:city": "Haldia",
        "addr:district": "Medinipur East",
        "addr:full": "Viveknagar, P.O. Chaitanyapur (Haldia)",
        "addr:postcode": "721645",
        "addr:state": "West Bengal",
        "addr:street": "Brajalalchak-Kukrahati Road",
        "amenity": "hospital",
        "name": "Vivekananda Mission Asram Netra Niramay Niketan",
        "operator": "Vivekananda Mission Asram",
        "source": "OpenGovernmentData",
        "osm_id": 3715059897
      }
    },
    {
      "type": "Feature",
      "geometry": {
        "type": "Point",
        "coordinates": [
          88.4002766,
          22.5922822
        ]
      },
      "properties": {
        "amenity": "clinic",
        "healthcare": "clinic",
        "name": "Dr Paul's Clinic",
        "osm_id": 4280999798
      }
    },
    {
      "type": "Feature",
      "geometry": {
        "type": "Point",
        "coordinates": [
          88.3079611,
          22.4731537
        ]
      },
      "properties": {
        "addr:district": "Kolkata",
        "addr:full": "130E, Bhattacharya Para Road",
        "addr:postcode": "700063",
        "addr:state": "West Bengal",
        "amenity": "hospital",
        "healthcare": "hospital",
        "name": "Prima Orthopaedic Centre",
        "name:en": "Prima Orthopaedic Centre",
        "phone": "033-24968255",
        "source": "OpenGovernmentData",
        "osm_id": 4596276123
      }
    },
    {
      "type": "Feature",
      "geometry": {
        "type": "Point",
        "coordinates": [
          88.3730073,
          22.5728574
        ]
      },
      "properties": {
        "addr:city": "KOLKATA",
        "addr:housenumber": "301",
        "addr:postcode": "700009",
        "addr:street": "Acharya Jagadish Chandra Bose Road",
        "amenity": "hospital",
        "check_date": "2023-09-30",
        "healthcare": "hospital",
        "internet_access": "wlan",
        "internet_access:fee": "no",
        "name": "ESI HOSPITAL, SEALDAH",
        "operator": "Employees' State Insurance",
        "operator:short": "ESI",
        "operator:type": "public",
        "operator:wikidata": "Q3595726",
        "payment:mastercard": "yes",
        "payment:visa": "yes",
        "wheelchair": "yes",
        "osm_id": 4834257106
      }
    },
    {
      "type": "Feature",
      "geometry": {
        "type": "Point",
        "coordinates": [
          88.3460553,
          22.4866272
        ]
      },
      "properties": {
        "amenity": "hospital",
        "healthcare": "hospital",
        "name": "Chandi tala health center",
        "opening_hours": "Mo-Sa 09:00-15:00",
        "osm_id": 5162659222
      }
    },
    {
      "type": "Feature",
      "geometry": {
        "type": "Point",
        "coordinates": [
          88.0078149,
          22.5721626
        ]
      },
      "properties": {
        "addr:housenumber": "50",
        "addr:postcode": "711401",
        "addr:street": "Amta Haritala",
        "amenity": "clinic",
        "internet_access": "wlan",
        "name": "Dr. Amalendu Ghosh",
        "opening_hours": "24/7",
        "phone": "9800525930",
        "osm_id": 5355548922
      }
    },
    {
      "type": "Feature",
      "geometry": {
        "type": "Point",
        "coordinates": [
          88.3205755,
          22.5065586
        ]
      },
      "properties": {
        "addr:district": "Kolkata",
        "addr:full": "151 and 153 Diamond Harbour Road",
        "addr:housenumber": "151",
        "addr:postcode": "700034",
        "addr:state": "West Bengal",
        "addr:street": "Diamond Harbour Road",
        "amenity": "hospital",
        "contact:phone": "3324072112",
        "email": "info@bbbhospital.org",
        "healthcare": "hospital",
        "name": "Behala Balananda Brahmachari Hospital and Research Center",
        "operator:type": "private",
        "source": "OpenGovernmentData",
        "osm_id": 5358863021
      }
    },
    {
      "type": "Feature",
      "geometry": {
        "type": "Point",
        "coordinates": [
          88.375858,
          22.4792072
        ]
      },
      "properties": {
        "amenity": "hospital",
        "healthcare": "hospital",
        "name": "IRIS HOSPITAL",
        "osm_id": 5385568522
      }
    },
    {
      "type": "Feature",
      "geometry": {
        "type": "Point",
        "coordinates": [
          88.410894,
          22.5907911
        ]
      },
      "properties": {
        "amenity": "hospital",
        "healthcare": "hospital",
        "name": "Bidhannagar Sub-Divisional Hospital",
        "name:bn": "\u09ac\u09bf\u09a7\u09be\u09a8\u09a8\u0997\u09b0 \u09ae\u09b9\u0995\u09c1\u09ae\u09be \u09b9\u09be\u09b8\u09aa\u09be\u09a4\u09be\u09b2",
        "osm_id": 5473635802
      }
    },
    {
      "type": "Feature",
      "geometry": {
        "type": "Point",
        "coordinates": [
          88.3493982,
          22.5248903
        ]
      },
      "properties": {
        "addr:street": "Beltola Road",
        "amenity": "clinic",
        "healthcare": "clinic",
        "name": "Paramount Clinic",
        "osm_id": 5574213623
      }
    },
    {
      "type": "Feature",
      "geometry": {
        "type": "Point",
        "coordinates": [
          88.3486944,
          22.5239877
        ]
      },
      "properties": {
        "addr:district": "Kolkata",
        "addr:full": "109/1, Hazra Road",
        "addr:postcode": "700026",
        "addr:state": "West Bengal",
        "amenity": "hospital",
        "healthcare": "hospital",
        "name": "Paramount Nursing Home",
        "source": "OpenGovernmentData",
        "osm_id": 5574214722
      }
    },
    {
      "type": "Feature",
      "geometry": {
        "type": "Point",
        "coordinates": [
          88.3679312,
          22.5627691
        ]
      },
      "properties": {
        "addr:street": "AJC Bose Road",
        "amenity": "hospital",
        "check_date": "2026-03-22",
        "healthcare": "hospital",
        "name": "Dr Rafi Ahmed Dental College & Hospital",
        "wikidata": "Q5304333",
        "wikimedia_commons": "Category:Dr. R. Ahmed Dental College and Hospital",
        "wikipedia": "en:Dr. R. Ahmed Dental College and Hospital",
        "osm_id": 5832603185
      }
    },
    {
      "type": "Feature",
      "geometry": {
        "type": "Point",
        "coordinates": [
          88.3695623,
          22.5648794
        ]
      },
      "properties": {
        "addr:street": "AJC Bose Road",
        "amenity": "hospital",
        "check_date": "2025-04-30",
        "emergency": "yes",
        "healthcare": "hospital",
        "name": "UNB building, NRS medical college",
        "operator": "GOVT OF WEST BENGAL",
        "operator:type": "government",
        "osm_id": 5832603186
      }
    },
    {
      "type": "Feature",
      "geometry": {
        "type": "Point",
        "coordinates": [
          88.3686937,
          22.5645047
        ]
      },
      "properties": {
        "amenity": "hospital",
        "check_date": "2026-03-22",
        "healthcare": "hospital",
        "name": "NRS OPD Building",
        "operator:type": "government",
        "osm_id": 5832603385
      }
    },
    {
      "type": "Feature",
      "geometry": {
        "type": "Point",
        "coordinates": [
          88.3698611,
          22.5633946
        ]
      },
      "properties": {
        "amenity": "hospital",
        "check_date": "2026-03-22",
        "healthcare": "hospital",
        "name": "Bekar Ward, NRS Medical College",
        "name:en": "Baker Ward",
        "osm_id": 5832603485
      }
    },
    {
      "type": "Feature",
      "geometry": {
        "type": "Point",
        "coordinates": [
          88.3691544,
          22.5652972
        ]
      },
      "properties": {
        "amenity": "hospital",
        "check_date": "2026-03-22",
        "description": "Emergency department",
        "emergency": "yes",
        "healthcare": "hospital",
        "name": "NRS Medical college & Hospital",
        "osm_id": 5832603585
      }
    },
    {
      "type": "Feature",
      "geometry": {
        "type": "Point",
        "coordinates": [
          88.367509,
          22.5629472
        ]
      },
      "properties": {
        "addr:street": "AJC Bose Road",
        "amenity": "hospital",
        "check_date": "2026-03-22",
        "healthcare": "hospital",
        "healthcare:speciality": "dental_oral_maxillo_facial_surgery",
        "name": "Dr Rafi Ahmed Dental College & Hospital, Old Campus",
        "osm_id": 5832603685
      }
    },
    {
      "type": "Feature",
      "geometry": {
        "type": "Point",
        "coordinates": [
          88.4423075,
          22.5878701
        ]
      },
      "properties": {
        "amenity": "hospital",
        "healthcare": "hospital",
        "name": "Tarulia Upashasthya Kendra",
        "osm_id": 6069716076
      }
    },
    {
      "type": "Feature",
      "geometry": {
        "type": "Point",
        "coordinates": [
          88.3690769,
          22.563659
        ]
      },
      "properties": {
        "amenity": "hospital",
        "check_date": "2026-03-22",
        "healthcare": "hospital",
        "name": "Obs & Gynaecology Building, NRS",
        "osm_id": 6180273185
      }
    },
    {
      "type": "Feature",
      "geometry": {
        "type": "Point",
        "coordinates": [
          88.3195026,
          22.4590152
        ]
      },
      "properties": {
        "addr:postcode": "700104",
        "addr:street": "Mahatma Gandhi Road",
        "amenity": "hospital",
        "healthcare": "hospital",
        "name": "Thakur Pukur Cancer Hospital",
        "opening_hours": "24/7",
        "phone": "913324536711",
        "osm_id": 6420585685
      }
    },
    {
      "type": "Feature",
      "geometry": {
        "type": "Point",
        "coordinates": [
          88.3602395,
          22.5012444
        ]
      },
      "properties": {
        "amenity": "hospital",
        "emergency": "yes",
        "healthcare": "hospital",
        "osm_id": 6602110919
      }
    },
    {
      "type": "Feature",
      "geometry": {
        "type": "Point",
        "coordinates": [
          88.3723557,
          22.5572974
        ]
      },
      "properties": {
        "addr:district": "Kolkata",
        "addr:full": "Kalicharan Seth Lane, Mondal Para Lane, Sinthi",
        "addr:postcode": "700014",
        "addr:state": "West Bengal",
        "amenity": "hospital",
        "contact:phone": "22651808",
        "healthcare": "hospital",
        "name": "Micro Phaco Surgery Centre",
        "source": "OpenGovernmentData",
        "osm_id": 7048046835
      }
    },
    {
      "type": "Feature",
      "geometry": {
        "type": "Point",
        "coordinates": [
          88.3639514,
          22.5919688
        ]
      },
      "properties": {
        "addr:district": "Kolkata",
        "addr:full": "15/1,Jatindra Mohan Avenue",
        "addr:postcode": "700006",
        "addr:state": "West Bengal",
        "amenity": "clinic",
        "check_date": "2023-10-04",
        "healthcare": "clinic",
        "name": "Recovery Nursing Home Pvt Ltd",
        "source": "OpenGovernmentData",
        "osm_id": 7048053724
      }
    },
    {
      "type": "Feature",
      "geometry": {
        "type": "Point",
        "coordinates": [
          88.3850406,
          22.4831664
        ]
      },
      "properties": {
        "addr:district": "Kolkata",
        "addr:full": "22, Baghajatin Station Road, Baghajatin Colony",
        "addr:postcode": "700032",
        "addr:state": "West Bengal",
        "amenity": "hospital",
        "healthcare": "hospital",
        "name": "Red Plus Society Nursing Home",
        "source": "OpenGovernmentData",
        "osm_id": 7048063851
      }
    },
    {
      "type": "Feature",
      "geometry": {
        "type": "Point",
        "coordinates": [
          88.3409129,
          22.5339512
        ]
      },
      "properties": {
        "addr:district": "Kolkata",
        "addr:full": "55/C, Dhirendra Nath Ghosh Road",
        "addr:postcode": "700025",
        "addr:state": "West Bengal",
        "amenity": "clinic",
        "contact:phone": "28702219",
        "healthcare": "clinic",
        "name": "Relief Centre",
        "source": "OpenGovernmentData",
        "osm_id": 7048064567
      }
    },
    {
      "type": "Feature",
      "geometry": {
        "type": "Point",
        "coordinates": [
          88.3898123,
          22.4652784
        ]
      },
      "properties": {
        "addr:district": "South 24 Parganas",
        "addr:full": "Kalitala, Garia Station Road, Near Shahid Khudiram Metro Station",
        "addr:postcode": "700084",
        "addr:state": "West Bengal",
        "amenity": "hospital",
        "contact:phone": "03324628677;24628678",
        "healthcare": "hospital",
        "name": "Remedy Hospital (Unit Of Remedy Medical Services Pvt Ltd)",
        "source": "OpenGovernmentData",
        "website": "https://www.remedygroup.in/",
        "osm_id": 7048073590
      }
    },
    {
      "type": "Feature",
      "geometry": {
        "type": "Point",
        "coordinates": [
          88.0947118,
          22.468412
        ]
      },
      "properties": {
        "addr:district": "Howrah",
        "addr:full": "257 A, Bazarpara, Uluberia",
        "addr:postcode": "711316",
        "addr:state": "West Bengal",
        "amenity": "clinic",
        "contact:phone": "26610473",
        "name": "Care and Cure Nursing Home",
        "source": "OpenGovernmentData",
        "osm_id": 7048093135
      }
    },
    {
      "type": "Feature",
      "geometry": {
        "type": "Point",
        "coordinates": [
          88.3394948,
          22.5943066
        ]
      },
      "properties": {
        "addr:district": "Howrah",
        "addr:full": "63, G.T. Road (North)",
        "addr:postcode": "711101",
        "addr:state": "West Bengal",
        "amenity": "clinic",
        "name": "Bivek Nursing Home",
        "source": "OpenGovernmentData",
        "osm_id": 7048096276
      }
    },
    {
      "type": "Feature",
      "geometry": {
        "type": "Point",
        "coordinates": [
          88.3355954,
          22.5082554
        ]
      },
      "properties": {
        "addr:district": "Kolkata",
        "addr:full": "609, Block `O`,New Alipore",
        "addr:postcode": "700053",
        "addr:state": "West Bengal",
        "amenity": "clinic",
        "contact:phone": "32923101",
        "healthcare": "clinic",
        "name": "Orchid Skin Clinic",
        "source": "OpenGovernmentData",
        "osm_id": 7048109952
      }
    },
    {
      "type": "Feature",
      "geometry": {
        "type": "Point",
        "coordinates": [
          88.3929551,
          22.5900155
        ]
      },
      "properties": {
        "addr:district": "Kolkata",
        "addr:full": "P-155/1,C.I.T Scheme-Vii(M),Ultadanga",
        "addr:postcode": "700054",
        "addr:state": "West Bengal",
        "addr:street": "CIT Road",
        "amenity": "hospital",
        "contact:phone": "03323552923;03323551140",
        "healthcare": "hospital",
        "name": "Rameswara Nursing Home Pvt Ltd",
        "source": "OpenGovernmentData",
        "website": "https://rameswaranursinghome.com",
        "osm_id": 7048119664
      }
    },
    {
      "type": "Feature",
      "geometry": {
        "type": "Point",
        "coordinates": [
          88.3859539,
          22.5737119
        ]
      },
      "properties": {
        "addr:district": "Kolkata",
        "addr:full": "132,2/12, Narkeldanga Main Road, near Sri Gurudas Banerjee Halt",
        "addr:postcode": "700054",
        "addr:state": "West Bengal",
        "amenity": "clinic",
        "contact:phone": "23528351",
        "healthcare": "clinic",
        "name": "Ramkrishna Medical Complex Nursing Home",
        "source": "OpenGovernmentData",
        "website": "https://rkmcnh.com/",
        "osm_id": 7048119861
      }
    },
    {
      "type": "Feature",
      "geometry": {
        "type": "Point",
        "coordinates": [
          88.3235926,
          22.4889098
        ]
      },
      "properties": {
        "addr:district": "Kolkata",
        "addr:full": "#844-Araja Ram Mohan Roy Road , Barisha",
        "addr:postcode": "700008",
        "addr:state": "West Bengal",
        "amenity": "clinic",
        "healthcare": "clinic",
        "name": "Apex Clinic Pvt Ltd",
        "source": "OpenGovernmentData",
        "osm_id": 7048122196
      }
    },
    {
      "type": "Feature",
      "geometry": {
        "type": "Point",
        "coordinates": [
          88.3592599,
          22.5474203
        ]
      },
      "properties": {
        "addr:district": "Kolkata",
        "addr:full": "2, Rawdon Street",
        "addr:postcode": "700017",
        "addr:state": "West Bengal",
        "amenity": "hospital",
        "check_date": "2026-03-22",
        "healthcare": "hospital",
        "healthcare:speciality": "paediatric_surgery",
        "name": "Bhagirathi Neotia Woman And Child Care Centre",
        "source": "OpenGovernmentData",
        "osm_id": 7048136974
      }
    },
    {
      "type": "Feature",
      "geometry": {
        "type": "Point",
        "coordinates": [
          88.2868892,
          22.4856094
        ]
      },
      "properties": {
        "addr:district": "Kolkata",
        "addr:full": "# 633, Biren Roy Road (West)",
        "addr:postcode": "700061",
        "addr:state": "West Bengal",
        "amenity": "clinic",
        "healthcare": "clinic",
        "name": "Sakuntala Nursing Home",
        "source": "OpenGovernmentData",
        "osm_id": 7048149624
      }
    },
    {
      "type": "Feature",
      "geometry": {
        "type": "Point",
        "coordinates": [
          88.3647182,
          22.5169662
        ]
      },
      "properties": {
        "addr:district": "Kolkata",
        "addr:full": "P404/7A,Hemanta Mukhopadhaya Sarani,Gariahat Road",
        "addr:postcode": "700029",
        "addr:state": "West Bengal",
        "amenity": "clinic",
        "contact:phone": "3324640211",
        "healthcare": "clinic",
        "name": "Ramesh Chandra Sen Clinic",
        "source": "OpenGovernmentData",
        "osm_id": 7048156152
      }
    },
    {
      "type": "Feature",
      "geometry": {
        "type": "Point",
        "coordinates": [
          88.3519824,
          22.5234205
        ]
      },
      "properties": {
        "addr:district": "Kolkata",
        "addr:full": "99,Sarat Bose Road,Kalighat",
        "addr:postcode": "700026",
        "addr:state": "West Bengal",
        "amenity": "hospital",
        "healthcare": "hospital",
        "name": "Rama Krishna Mission Seva Pratisthan",
        "source": "OpenGovernmentData",
        "website": "https://rkmsevapratishthan.org/",
        "osm_id": 7048158968
      }
    },
    {
      "type": "Feature",
      "geometry": {
        "type": "Point",
        "coordinates": [
          88.34363,
          22.5137804
        ]
      },
      "properties": {
        "addr:district": "Kolkata",
        "addr:full": "7A,Sree Mohan Lane",
        "addr:postcode": "700026",
        "addr:state": "West Bengal",
        "amenity": "hospital",
        "healthcare": "hospital",
        "healthcare:speciality": "paediatrics;gynaecology;maternity",
        "name": "Ramakrishma Sarada Mission Matri Bhavan/Matri Bhavan Hospital",
        "source": "OpenGovernmentData",
        "website": "https://rksm-matribhavan.org/",
        "osm_id": 7048161360
      }
    },
    {
      "type": "Feature",
      "geometry": {
        "type": "Point",
        "coordinates": [
          88.1881423,
          22.2031036
        ]
      },
      "properties": {
        "addr:district": "South 24 Parganas",
        "addr:full": "New Town, Diamond Habour (Near Rabindra Bhawan),Nursing Home, Bus Stop",
        "addr:postcode": "743331",
        "addr:state": "West Bengal",
        "amenity": "clinic",
        "name": "Seba Nursing Home",
        "source": "OpenGovernmentData",
        "osm_id": 7048228841
      }
    },
    {
      "type": "Feature",
      "geometry": {
        "type": "Point",
        "coordinates": [
          88.3474602,
          22.5198434
        ]
      },
      "properties": {
        "addr:district": "Kolkata",
        "addr:full": "34, Satish Mukherjee Road",
        "addr:postcode": "700026",
        "addr:state": "West Bengal",
        "amenity": "hospital",
        "contact:phone": "03324641210;24642782",
        "healthcare": "hospital",
        "healthcare:speciality": "ophthalmology",
        "name": "Probal Eye Institute",
        "source": "OpenGovernmentData",
        "website": "https://probaleyeinstitute.com/",
        "osm_id": 7048235268
      }
    },
    {
      "type": "Feature",
      "geometry": {
        "type": "Point",
        "coordinates": [
          88.2138714,
          22.5855217
        ]
      },
      "properties": {
        "addr:district": "Howrah",
        "addr:full": "Nh - 6, Alampur More, Po New Kosopah",
        "addr:postcode": "711302",
        "addr:state": "West Bengal",
        "amenity": "clinic",
        "contact:phone": "03326478988;26698989",
        "name": "Green View Clinic Pvt Ltd",
        "source": "OpenGovernmentData",
        "osm_id": 7048290222
      }
    },
    {
      "type": "Feature",
      "geometry": {
        "type": "Point",
        "coordinates": [
          88.3176662,
          22.1106234
        ]
      },
      "properties": {
        "addr:district": "South 24 Parganas",
        "addr:full": "Kulpi - Baruipur Road,Lakshmikantapur",
        "addr:postcode": "743355",
        "addr:state": "West Bengal",
        "amenity": "clinic",
        "name": "Greenland Nursing Home",
        "source": "OpenGovernmentData",
        "osm_id": 7048291884
      }
    },
    {
      "type": "Feature",
      "geometry": {
        "type": "Point",
        "coordinates": [
          87.8708397,
          22.4493533
        ]
      },
      "properties": {
        "addr:district": "Medinipur East",
        "addr:full": "Vill-Sahapur, P.O.-Kolaghat, P.S.-Ktpp.",
        "addr:postcode": "721134",
        "addr:state": "West Bengal",
        "amenity": "clinic",
        "contact:phone": "3228325705",
        "name": "Green View Nursing Home, Medinipur East",
        "source": "OpenGovernmentData",
        "osm_id": 7048292684
      }
    },
    {
      "type": "Feature",
      "geometry": {
        "type": "Point",
        "coordinates": [
          88.1890865,
          22.4863466
        ]
      },
      "properties": {
        "addr:district": "South 24 Parganas",
        "addr:full": "71, Mahatma Gandhi Road,Budge",
        "addr:postcode": "700137",
        "addr:state": "West Bengal",
        "amenity": "hospital",
        "healthcare": "hospital",
        "name": "Gulabi Raj Shyamlal Memorial Rotary Eye Hospital",
        "source": "OpenGovernmentData",
        "osm_id": 7048300901
      }
    },
    {
      "type": "Feature",
      "geometry": {
        "type": "Point",
        "coordinates": [
          88.3554102,
          22.5424238
        ]
      },
      "properties": {
        "addr:district": "Kolkata",
        "addr:full": "10, Loudon Street,Elgin",
        "addr:postcode": "700017",
        "addr:state": "West Bengal",
        "amenity": "hospital",
        "check_date": "2026-03-22",
        "email": "info@birlaeye.com",
        "healthcare": "hospital",
        "name": "Priyamvada Birla Aravind Eye Hospital",
        "opening_hours": "Mo-Sa 08:30-17:30",
        "operator:type": "private",
        "phone": "03322894343",
        "source": "OpenGovernmentData",
        "website": "http://www.birlaeye.org/",
        "osm_id": 7048456215
      }
    },
    {
      "type": "Feature",
      "geometry": {
        "type": "Point",
        "coordinates": [
          88.0769366,
          22.0664967
        ]
      },
      "properties": {
        "addr:district": "Medinipur East",
        "addr:full": "P.O. Debhog, P.S. Bhabanipur, Haldia",
        "addr:postcode": "721657",
        "addr:state": "West Bengal",
        "amenity": "hospital",
        "healthcare": "hospital",
        "name": "Haldia Seva Sadan",
        "source": "OpenGovernmentData",
        "osm_id": 7048461922
      }
    },
    {
      "type": "Feature",
      "geometry": {
        "type": "Point",
        "coordinates": [
          88.3651547,
          22.542529
        ]
      },
      "properties": {
        "addr:district": "Kolkata",
        "addr:full": "42,Sk Mujibur Rahman Sarani,Circus Avenue, Beck Bagan",
        "addr:postcode": "700017",
        "addr:state": "West Bengal",
        "amenity": "hospital",
        "check_date": "2026-03-22",
        "healthcare": "hospital",
        "name": "Harvard Medicare And Research Institute (P) Ltd.",
        "source": "OpenGovernmentData",
        "osm_id": 7048489106
      }
    },
    {
      "type": "Feature",
      "geometry": {
        "type": "Point",
        "coordinates": [
          88.3542247,
          22.5477696
        ]
      },
      "properties": {
        "addr:district": "Kolkata",
        "addr:full": "4 A, Wood Street",
        "addr:postcode": "700016",
        "addr:state": "West Bengal",
        "amenity": "hospital",
        "healthcare": "hospital",
        "name": "Life Line Diagnostic Centre And Nursing Home",
        "source": "OpenGovernmentData",
        "osm_id": 7048590774
      }
    },
    {
      "type": "Feature",
      "geometry": {
        "type": "Point",
        "coordinates": [
          88.3232278,
          22.58174
        ]
      },
      "properties": {
        "addr:district": "Howrah",
        "addr:full": "262,Netaji Subhash Road",
        "addr:postcode": "711101",
        "addr:state": "West Bengal",
        "amenity": "hospital",
        "contact:mobile": "9804172455",
        "contact:phone": "26409141",
        "healthcare": "hospital",
        "name": "People Meditreat Pvt Ltd",
        "source": "OpenGovernmentData",
        "osm_id": 7048662834
      }
    },
    {
      "type": "Feature",
      "geometry": {
        "type": "Point",
        "coordinates": [
          88.3486591,
          22.5392491
        ]
      },
      "properties": {
        "addr:district": "Cooch Behar",
        "addr:full": "5,Suburban Hospital Road",
        "addr:housenumber": "5",
        "addr:postcode": "700020",
        "addr:state": "West Bengal",
        "addr:street": "Suburban Hospital Road",
        "amenity": "clinic",
        "check_date": "2026-03-22",
        "healthcare": "clinic",
        "name": "P.G.PolyClinic",
        "opening_hours": "14:00-16:00",
        "phone": "03322041100",
        "source": "OpenGovernmentData",
        "osm_id": 7048675310
      }
    },
    {
      "type": "Feature",
      "geometry": {
        "type": "Point",
        "coordinates": [
          88.416684,
          22.5713405
        ]
      },
      "properties": {
        "addr:district": "Kolkata",
        "addr:full": "IC Block Salt Lake,Sector-III",
        "addr:postcode": "700091",
        "addr:state": "West Bengal",
        "amenity": "clinic",
        "check_date": "2023-10-27",
        "contact:phone": "3323352801",
        "healthcare": "clinic",
        "name": "CGHS Polyclinic",
        "opening_hours": "Mo-Sa 07:30-14:00",
        "operator:type": "government",
        "source": "OpenGovernmentData",
        "website": "http://nb.bsf.gov.in/CGHS%20DIspenseries.pdf",
        "osm_id": 7048691389
      }
    },
    {
      "type": "Feature",
      "geometry": {
        "type": "Point",
        "coordinates": [
          87.8649777,
          22.4107334
        ]
      },
      "properties": {
        "addr:district": "Medinipur East",
        "addr:full": "Haldia - Tamluk - Mechada Road,P.O : Mechida, P.S : Kolaghat ( Mecheda )",
        "addr:postcode": "721137",
        "addr:state": "West Bengal",
        "amenity": "clinic",
        "contact:phone": "9153164542",
        "healthcare": "clinic",
        "name": "Popular Nursing Home, Medinipur East",
        "source": "OpenGovernmentData",
        "osm_id": 7048692516
      }
    },
    {
      "type": "Feature",
      "geometry": {
        "type": "Point",
        "coordinates": [
          88.3743808,
          22.5347322
        ]
      },
      "properties": {
        "addr:district": "Kolkata",
        "addr:full": "No. 16C Topsia,Tiljala",
        "addr:postcode": "700046",
        "addr:state": "West Bengal",
        "amenity": "hospital",
        "healthcare": "hospital",
        "name": "Swastik Seva Sadan",
        "source": "OpenGovernmentData",
        "osm_id": 7048758386
      }
    },
    {
      "type": "Feature",
      "geometry": {
        "type": "Point",
        "coordinates": [
          88.3253306,
          22.5322517
        ]
      },
      "properties": {
        "addr:district": "Kolkata",
        "addr:full": "4D-Ekbalpore Lane",
        "addr:housenumber": "19A",
        "addr:postcode": "700023",
        "addr:state": "West Bengal",
        "addr:street": "Ekbalpur Lane",
        "amenity": "clinic",
        "check_date": "2023-10-28",
        "healthcare": "clinic",
        "name": "Netaji Subhash Nursing Home and Diagnostic Centre",
        "name:etymology:wikidata": "Q2153",
        "opening_hours": "24/7",
        "phone": "09831070697",
        "source": "OpenGovernmentData",
        "website": "https://www.diagnosticcentres.in/diagnostic-centres/west-bengal/kolkata/netaji-subhash-nursing-home-and-diagnostic-centre.html",
        "osm_id": 7048778850
      }
    },
    {
      "type": "Feature",
      "geometry": {
        "type": "Point",
        "coordinates": [
          87.9121001,
          22.2833075
        ]
      },
      "properties": {
        "addr:district": "Medinipur East",
        "addr:full": "487/N, Dharinda,Tamluk",
        "addr:postcode": "721636",
        "addr:state": "West Bengal",
        "amenity": "clinic",
        "name": "Paradise Diagnostic Centre And Nursing Home",
        "phone": "09434801333 ;03228266743; 08436003545",
        "source": "OpenGovernmentData",
        "osm_id": 7048804046
      }
    },
    {
      "type": "Feature",
      "geometry": {
        "type": "Point",
        "coordinates": [
          88.3883254,
          22.5772196
        ]
      },
      "properties": {
        "addr:district": "Kolkata",
        "addr:full": "P-290 C I T Scheme 6-M Upendra Chandra Banerjee Road",
        "addr:postcode": "700054",
        "addr:state": "West Bengal",
        "amenity": "clinic",
        "contact:phone": "03323528863;23528430",
        "healthcare": "clinic",
        "name": "Shusrusha Nursing Home, Kolkata",
        "source": "OpenGovernmentData",
        "osm_id": 7048811784
      }
    },
    {
      "type": "Feature",
      "geometry": {
        "type": "Point",
        "coordinates": [
          88.354917,
          22.5538559
        ]
      },
      "properties": {
        "addr:district": "Kolkata",
        "addr:housenumber": "114A;114B",
        "addr:postcode": "700016",
        "addr:state": "West Bengal",
        "addr:street": "Ripon Street",
        "amenity": "clinic",
        "healthcare": "clinic",
        "healthcare:speciality": "gynaecology;ophthalmology;orthopaedics",
        "name": "Mayflower Nursing Home",
        "source": "OpenGovernmentData",
        "osm_id": 7050646692
      }
    },
    {
      "type": "Feature",
      "geometry": {
        "type": "Point",
        "coordinates": [
          88.3550012,
          22.5403082
        ]
      },
      "properties": {
        "addr:district": "Kolkata",
        "addr:full": "15/2,Sarat Bose Road",
        "addr:postcode": "700020",
        "addr:state": "West Bengal",
        "amenity": "hospital",
        "check_date": "2026-03-22",
        "healthcare": "hospital",
        "healthcare:speciality": "orthopaedics",
        "name": "The Orthopaedic And Fracture Clinic",
        "source": "OpenGovernmentData",
        "osm_id": 7050661963
      }
    },
    {
      "type": "Feature",
      "geometry": {
        "type": "Point",
        "coordinates": [
          88.3620675,
          22.5720525
        ]
      },
      "properties": {
        "addr:district": "Kolkata",
        "addr:full": "30-D,College Street",
        "addr:postcode": "700073",
        "addr:state": "West Bengal",
        "amenity": "clinic",
        "healthcare": "clinic",
        "name": "The Sherwood Nursing Home",
        "name:en": "The Sherwood Nursing Home",
        "source": "OpenGovernmentData",
        "osm_id": 7050669492
      }
    },
    {
      "type": "Feature",
      "geometry": {
        "type": "Point",
        "coordinates": [
          88.3613339,
          22.4743339
        ]
      },
      "properties": {
        "addr:district": "Kolkata",
        "addr:full": "200/1, Netaji Subhash Chandra Bose Road",
        "addr:postcode": "700047",
        "addr:state": "West Bengal",
        "amenity": "clinic",
        "contact:phone": "24711475",
        "healthcare": "clinic",
        "name": "Udayan Nursing Home",
        "source": "OpenGovernmentData",
        "osm_id": 7050694352
      }
    },
    {
      "type": "Feature",
      "geometry": {
        "type": "Point",
        "coordinates": [
          88.3379249,
          22.5972239
        ]
      },
      "properties": {
        "addr:district": "Howrah",
        "addr:full": "50/2 /1, Bhairab Dutta Lane,Nandi Bagan, Salkia",
        "addr:postcode": "711106",
        "addr:state": "West Bengal",
        "amenity": "clinic",
        "name": "Udit Nursing Home",
        "source": "OpenGovernmentData",
        "osm_id": 7050759527
      }
    },
    {
      "type": "Feature",
      "geometry": {
        "type": "Point",
        "coordinates": [
          88.2696868,
          22.5440241
        ]
      },
      "properties": {
        "addr:district": "Kolkata",
        "addr:full": "V-122/A/2,S.A.Farooquie Road,Opp: Bartala Post Office",
        "addr:postcode": "700018",
        "addr:state": "West Bengal",
        "amenity": "hospital",
        "contact:phone": "30216666",
        "name": "Unipon Hospital and Medical Sciences Pvt.Ltd -Kolkata",
        "source": "OpenGovernmentData",
        "osm_id": 7050784008
      }
    },
    {
      "type": "Feature",
      "geometry": {
        "type": "Point",
        "coordinates": [
          88.3606586,
          22.5240061
        ]
      },
      "properties": {
        "addr:district": "Kolkata",
        "addr:full": "1/3, Dover Place",
        "addr:postcode": "700019",
        "addr:state": "West Bengal",
        "amenity": "hospital",
        "check_date": "2023-12-16",
        "healthcare": "hospital",
        "healthcare:speciality": "ophthalmology",
        "internet_access": "no",
        "name": "Dr Nihar Munshi Eye Foundation",
        "operator:type": "private",
        "payment:cash": "yes",
        "payment:mastercard": "yes",
        "payment:visa": "yes",
        "source": "OpenGovernmentData",
        "wheelchair": "yes",
        "osm_id": 7050801780
      }
    },
    {
      "type": "Feature",
      "geometry": {
        "type": "Point",
        "coordinates": [
          88.3745605,
          22.5811797
        ]
      },
      "properties": {
        "addr:district": "Kolkata",
        "addr:full": "288 / 2, A. P. C. Road",
        "addr:postcode": "700033",
        "addr:state": "West Bengal",
        "amenity": "clinic",
        "contact:phone": "23507272",
        "healthcare": "clinic",
        "name": "Capitol Nursing Home",
        "source": "OpenGovernmentData",
        "osm_id": 7050802280
      }
    },
    {
      "type": "Feature",
      "geometry": {
        "type": "Point",
        "coordinates": [
          88.3105063,
          22.4660881
        ]
      },
      "properties": {
        "addr:district": "Kolkata",
        "addr:full": "113, James Long Sarani",
        "addr:postcode": "700063",
        "addr:state": "West Bengal",
        "amenity": "hospital",
        "contact:phone": "3324536221",
        "healthcare": "hospital",
        "name": "DM Hospitals Pvt. Ltd",
        "source": "OpenGovernmentData",
        "osm_id": 7050837362
      }
    },
    {
      "type": "Feature",
      "geometry": {
        "type": "Point",
        "coordinates": [
          88.3380973,
          22.5086023
        ]
      },
      "properties": {
        "addr:district": "Kolkata",
        "addr:full": "No.46,Pramatha Chowdhary Sarani,Near Rasai Factory",
        "addr:postcode": "700053",
        "addr:state": "West Bengal",
        "amenity": "hospital",
        "contact:phone": "3324003522",
        "healthcare": "hospital",
        "name": "Shradha Health Care Pvt. Ltd",
        "source": "OpenGovernmentData",
        "osm_id": 7050840075
      }
    },
    {
      "type": "Feature",
      "geometry": {
        "type": "Point",
        "coordinates": [
          88.3750211,
          22.5794459
        ]
      },
      "properties": {
        "addr:district": "Kolkata",
        "addr:full": "4 Federation Street",
        "addr:postcode": "700009",
        "addr:state": "West Bengal",
        "amenity": "clinic",
        "contact:phone": "23502375",
        "healthcare": "clinic",
        "name": "Federation Nursing Home",
        "source": "OpenGovernmentData",
        "osm_id": 7050867445
      }
    },
    {
      "type": "Feature",
      "geometry": {
        "type": "Point",
        "coordinates": [
          88.189639,
          22.1870672
        ]
      },
      "properties": {
        "addr:district": "South 24 Parganas",
        "addr:full": "Madhavpur Pot P.S.,Diamond Harbour,Near Hotel Gitanjali (Residental)",
        "addr:postcode": "743331",
        "addr:state": "West Bengal",
        "amenity": "hospital",
        "contact:phone": "3174258689",
        "name": "Maa Karunamayee Nursing Home",
        "source": "OpenGovernmentData",
        "osm_id": 7050948384
      }
    },
    {
      "type": "Feature",
      "geometry": {
        "type": "Point",
        "coordinates": [
          88.2469967,
          22.0817788
        ]
      },
      "properties": {
        "addr:district": "South 24 Parganas",
        "addr:full": "Vill & Po:Kulpi, Near Kulpi Police Station",
        "addr:postcode": "743351",
        "addr:state": "West Bengal",
        "amenity": "clinic",
        "name": "Maa Durga Nursing Home, South 24 Parganas",
        "source": "OpenGovernmentData",
        "osm_id": 7050964639
      }
    },
    {
      "type": "Feature",
      "geometry": {
        "type": "Point",
        "coordinates": [
          88.6120856,
          22.5014708
        ]
      },
      "properties": {
        "addr:district": "South 24 Parganas",
        "addr:full": "Ghatakpukur,P.O-B, Gobindopur, Bhangar",
        "addr:postcode": "743502",
        "addr:state": "West Bengal",
        "amenity": "hospital",
        "contact:mobile": "9836536388",
        "contact:phone": "3218270909",
        "name": "Maa Anowara General Hospital",
        "source": "OpenGovernmentData",
        "osm_id": 7050971541
      }
    },
    {
      "type": "Feature",
      "geometry": {
        "type": "Point",
        "coordinates": [
          88.3515425,
          22.546022
        ]
      },
      "properties": {
        "addr:district": "Kolkata",
        "addr:full": "11, Shakespeare Sarani Road",
        "addr:housenumber": "11",
        "addr:postcode": "700071",
        "addr:state": "West Bengal",
        "addr:street": "Shakespeare Sarani",
        "amenity": "hospital",
        "check_date": "2023-10-28",
        "email": "admin@nightingalehospital.com",
        "healthcare": "hospital",
        "name": "Nightingale Hospital",
        "opening_hours": "24/7",
        "operator:type": "private",
        "phone": "03335005949",
        "source": "OpenGovernmentData",
        "website": "https://nightingalehospital.com/",
        "wikidata": "Q30270145",
        "osm_id": 7050974464
      }
    },
    {
      "type": "Feature",
      "geometry": {
        "type": "Point",
        "coordinates": [
          88.3591291,
          22.5187786
        ]
      },
      "properties": {
        "addr:district": "Kolkata",
        "addr:full": "123A, Rash Behari Avenue",
        "addr:postcode": "700029",
        "addr:state": "West Bengal",
        "amenity": "hospital",
        "check_date": "2023-10-04",
        "contact:phone": "3324640230",
        "healthcare": "hospital",
        "name": "N G Medicare And Calcutta Hope Infertility Clinic",
        "source": "OpenGovernmentData",
        "osm_id": 7051027437
      }
    },
    {
      "type": "Feature",
      "geometry": {
        "type": "Point",
        "coordinates": [
          88.3250094,
          22.534884
        ]
      },
      "properties": {
        "addr:district": "Kolkata",
        "addr:full": "9, Ibrahim Road",
        "addr:housenumber": "9",
        "addr:postcode": "700023",
        "addr:state": "West Bengal",
        "addr:street": "Ibrahim Road",
        "amenity": "clinic",
        "check_date": "2023-10-28",
        "healthcare": "clinic",
        "name": "Ekbalpur Nursing Home Pvt Ltd",
        "opening_hours": "24/7",
        "phone": "03371440909",
        "source": "OpenGovernmentData",
        "website": "https://www.ekbalpurnursinghome.org/",
        "osm_id": 7051040667
      }
    },
    {
      "type": "Feature",
      "geometry": {
        "type": "Point",
        "coordinates": [
          88.3492184,
          22.522012
        ]
      },
      "properties": {
        "addr:district": "Kolkata",
        "addr:full": "11/1A,Manohar Pukur Road",
        "addr:postcode": "700026",
        "addr:state": "West Bengal",
        "amenity": "clinic",
        "healthcare": "clinic",
        "name": "Elite Nursing Home",
        "source": "OpenGovernmentData",
        "website": "https://maritimemedical.in/",
        "osm_id": 7051091185
      }
    },
    {
      "type": "Feature",
      "geometry": {
        "type": "Point",
        "coordinates": [
          88.3917877,
          22.5784424
        ]
      },
      "properties": {
        "addr:district": "Kolkata",
        "addr:full": "205, Ramkrishna Samadhi Road",
        "addr:postcode": "700054",
        "addr:state": "West Bengal",
        "amenity": "clinic",
        "contact:phone": "3323200457",
        "healthcare": "clinic",
        "name": "Emily Nursing Home",
        "source": "OpenGovernmentData",
        "osm_id": 7051101273
      }
    },
    {
      "type": "Feature",
      "geometry": {
        "type": "Point",
        "coordinates": [
          88.3880956,
          22.5807877
        ]
      },
      "properties": {
        "addr:district": "Kolkata",
        "addr:full": "P-1, C.I.T. Road, Scheme Vii-M, Nirmala Market, Kankurgachi",
        "addr:postcode": "700054",
        "addr:state": "West Bengal",
        "amenity": "hospital",
        "healthcare": "hospital",
        "name": "Eye Foundation And Research Centre",
        "source": "OpenGovernmentData",
        "osm_id": 7051190630
      }
    },
    {
      "type": "Feature",
      "geometry": {
        "type": "Point",
        "coordinates": [
          88.3880688,
          22.580763
        ]
      },
      "properties": {
        "addr:district": "Kolkata",
        "addr:full": "P-1, C.I.T. - Manicktala Main Road,Sch Vii-M",
        "addr:postcode": "700054",
        "addr:state": "West Bengal",
        "amenity": "clinic",
        "healthcare": "clinic",
        "name": "Florid Nursing Home",
        "source": "OpenGovernmentData",
        "osm_id": 7051202125
      }
    },
    {
      "type": "Feature",
      "geometry": {
        "type": "Point",
        "coordinates": [
          88.3559132,
          22.5181685
        ]
      },
      "properties": {
        "addr:district": "Kolkata",
        "addr:full": "111A, Rash Behari Avenue",
        "addr:postcode": "700029",
        "addr:state": "West Bengal",
        "amenity": "hospital",
        "contact:phone": "3366276800",
        "email": "enquiries@fortishospitals.in",
        "healthcare": "hospital",
        "name": "Fortis Healthcare",
        "operator": "Fortis Healthcare",
        "operator:type": "private",
        "operator:wikidata": "Q7810035",
        "source": "OpenGovernmentData",
        "osm_id": 7051204581
      }
    },
    {
      "type": "Feature",
      "geometry": {
        "type": "Point",
        "coordinates": [
          88.3618898,
          22.539975
        ]
      },
      "properties": {
        "addr:district": "Kolkata",
        "addr:full": "32-A,Lower Range Road",
        "addr:postcode": "700017",
        "addr:state": "West Bengal",
        "amenity": "hospital",
        "check_date": "2026-03-22",
        "healthcare": "hospital",
        "healthcare:speciality": "ophthalmology",
        "name": "Farsight Eye Research Centre",
        "source": "OpenGovernmentData",
        "osm_id": 7051208986
      }
    },
    {
      "type": "Feature",
      "geometry": {
        "type": "Point",
        "coordinates": [
          88.3613265,
          22.5835237
        ]
      },
      "properties": {
        "addr:district": "Kolkata",
        "addr:full": "12, Pratap Ghosh Lane, Jorasanko",
        "addr:postcode": "700007",
        "addr:state": "West Bengal",
        "amenity": "clinic",
        "healthcare": "clinic",
        "name": "Jeevan Jyoti Nursing Home, Kolkata",
        "source": "OpenGovernmentData",
        "osm_id": 7051213366
      }
    },
    {
      "type": "Feature",
      "geometry": {
        "type": "Point",
        "coordinates": [
          88.3744177,
          22.5997713
        ]
      },
      "properties": {
        "addr:district": "Kolkata",
        "addr:full": "227, Acharya Praffula Chandra Road,( Near Shyambazar Cesc Building )",
        "addr:postcode": "700004",
        "addr:state": "West Bengal",
        "amenity": "hospital",
        "check_date": "2023-09-30",
        "healthcare": "hospital",
        "internet_access": "wlan",
        "internet_access:fee": "no",
        "name": "Five Point Micro Surgery Centre Pvt Ltd",
        "payment:mastercard": "yes",
        "payment:visa": "yes",
        "source": "OpenGovernmentData",
        "wheelchair": "yes",
        "osm_id": 7051213951
      }
    },
    {
      "type": "Feature",
      "geometry": {
        "type": "Point",
        "coordinates": [
          88.3621646,
          22.5395258
        ]
      },
      "properties": {
        "addr:district": "Kolkata",
        "addr:full": "40A, Beck Bagan Row",
        "addr:postcode": "700029",
        "addr:state": "West Bengal",
        "amenity": "hospital",
        "check_date": "2026-03-22",
        "healthcare": "hospital",
        "name": "Implant House Laser and Diagnostic Centre",
        "source": "OpenGovernmentData",
        "osm_id": 7051230850
      }
    },
    {
      "type": "Feature",
      "geometry": {
        "type": "Point",
        "coordinates": [
          88.3950521,
          22.5629144
        ]
      },
      "properties": {
        "addr:district": "Kolkata",
        "addr:full": "51-C/2 G, Chaulpatty Road, Beleghata, Near Joramandir",
        "addr:postcode": "700010",
        "addr:state": "West Bengal",
        "amenity": "hospital",
        "contact:phone": "3323720271",
        "healthcare": "hospital",
        "healthcare:speciality": "ophthalmology",
        "name": "Vivekananda Eye Care Centre",
        "source": "OpenGovernmentData",
        "osm_id": 7051238080
      }
    },
    {
      "type": "Feature",
      "geometry": {
        "type": "Point",
        "coordinates": [
          87.9201277,
          22.2831433
        ]
      },
      "properties": {
        "addr:district": "Medinipur East",
        "addr:full": "Medinipur East",
        "addr:postcode": "721636",
        "addr:state": "West Bengal",
        "amenity": "hospital",
        "name": "Pranabananda Seva Sadan",
        "source": "OpenGovernmentData",
        "osm_id": 7051239380
      }
    },
    {
      "type": "Feature",
      "geometry": {
        "type": "Point",
        "coordinates": [
          88.293448,
          22.4398748
        ]
      },
      "properties": {
        "addr:district": "South 24 Parganas",
        "addr:full": "Diamond Harbour Road , Pailan",
        "addr:postcode": "700104",
        "addr:state": "West Bengal",
        "amenity": "hospital",
        "healthcare": "hospital",
        "name": "Bharat Sevashram Sangha Hospital",
        "source": "OpenGovernmentData",
        "osm_id": 7051244689
      }
    },
    {
      "type": "Feature",
      "geometry": {
        "type": "Point",
        "coordinates": [
          88.3656241,
          22.5810552
        ]
      },
      "properties": {
        "addr:district": "Kolkata",
        "addr:full": "4A, Rajendra Deb Road",
        "addr:postcode": "700007",
        "addr:state": "West Bengal",
        "amenity": "hospital",
        "check_date": "2023-09-30",
        "healthcare": "hospital",
        "name": "Aurobindo Netralaya",
        "source": "OpenGovernmentData",
        "osm_id": 7051316701
      }
    },
    {
      "type": "Feature",
      "geometry": {
        "type": "Point",
        "coordinates": [
          88.3551662,
          22.5446657
        ]
      },
      "properties": {
        "addr:district": "Kolkata",
        "addr:full": "3 - B, Albert Road",
        "addr:postcode": "700017",
        "addr:state": "West Bengal",
        "amenity": "hospital",
        "healthcare": "hospital",
        "name": "Gamma Centauri Health Care P Ltd.,",
        "source": "OpenGovernmentData",
        "osm_id": 7051316710
      }
    },
    {
      "type": "Feature",
      "geometry": {
        "type": "Point",
        "coordinates": [
          88.4090735,
          22.5726216
        ]
      },
      "properties": {
        "addr:district": "Kolkata",
        "addr:full": "IA/173, Salt Lake City,Bidhannagar",
        "addr:postcode": "700097",
        "addr:state": "West Bengal",
        "amenity": "hospital",
        "contact:phone": "3323352681",
        "healthcare": "hospital",
        "name": "Salt Lake Eye Foundation",
        "source": "OpenGovernmentData",
        "website": "https://susrut.org/",
        "osm_id": 7053438377
      }
    },
    {
      "type": "Feature",
      "geometry": {
        "type": "Point",
        "coordinates": [
          88.1908715,
          22.1988247
        ]
      },
      "properties": {
        "addr:district": "South 24 Parganas",
        "addr:full": "Newtown, Diamond harbour",
        "addr:postcode": "743331",
        "addr:state": "West Bengal",
        "amenity": "clinic",
        "name": "Samrat Nursing Home",
        "source": "OpenGovernmentData",
        "osm_id": 7053444107
      }
    },
    {
      "type": "Feature",
      "geometry": {
        "type": "Point",
        "coordinates": [
          88.3612588,
          22.5417995
        ]
      },
      "properties": {
        "addr:district": "Kolkata",
        "addr:full": "5/1A, Nurulla Doctor Lane, Behind Bangladesh High Commissioner Office",
        "addr:postcode": "700017",
        "addr:state": "West Bengal",
        "amenity": "clinic",
        "check_date": "2026-03-22",
        "healthcare": "clinic",
        "name": "Sana Nursing Home",
        "source": "OpenGovernmentData",
        "osm_id": 7053446874
      }
    },
    {
      "type": "Feature",
      "geometry": {
        "type": "Point",
        "coordinates": [
          88.35042,
          22.5380513
        ]
      },
      "properties": {
        "addr:district": "Kolkata",
        "addr:full": "4,Roy Mansions Elgin Road, (10/4D, Lala Lajpat Rai Sarani)",
        "addr:housenumber": "10/4D",
        "addr:postcode": "700020",
        "addr:state": "West Bengal",
        "addr:street": "Elgin Road",
        "amenity": "clinic",
        "check_date": "2026-03-22",
        "healthcare": "clinic",
        "name": "Samaritan Clinic (P) Ltd.",
        "opening_hours": "24/7",
        "phone": "03340608313",
        "source": "OpenGovernmentData",
        "website": "https://samaritancare.in/",
        "osm_id": 7053458582
      }
    },
    {
      "type": "Feature",
      "geometry": {
        "type": "Point",
        "coordinates": [
          88.4606239,
          22.5814378
        ]
      },
      "properties": {
        "addr:district": "Kolkata",
        "addr:full": "1st Floor Block G ,Salt Lake City,Newtown",
        "addr:postcode": "700064",
        "addr:state": "West Bengal",
        "amenity": "hospital",
        "healthcare": "hospital",
        "name": "Sanjeevani Health and Lifestyle Pvt Ltd",
        "source": "OpenGovernmentData",
        "osm_id": 7053475028
      }
    },
    {
      "type": "Feature",
      "geometry": {
        "type": "Point",
        "coordinates": [
          88.1149891,
          22.4806192
        ]
      },
      "properties": {
        "addr:district": "Howrah",
        "addr:full": "Off Great Eastern Highway,Post Sijberia, Fuleswar, Uluberia",
        "addr:postcode": "711316",
        "addr:state": "West Bengal",
        "amenity": "hospital",
        "name": "Sanjiban Hospital",
        "source": "OpenGovernmentData",
        "website": "https://sanjibanhospital.org/",
        "osm_id": 7053491351
      }
    },
    {
      "type": "Feature",
      "geometry": {
        "type": "Point",
        "coordinates": [
          88.4010842,
          22.4917727
        ]
      },
      "properties": {
        "addr:district": "Kolkata",
        "addr:full": "No 147, Mukundapur Em By Pass, Satyajit Kanan",
        "addr:postcode": "700099",
        "addr:state": "West Bengal",
        "amenity": "clinic",
        "contact:phone": "3344013000",
        "healthcare": "clinic",
        "healthcare:speciality": "ophthalmology",
        "name": "Aditya Birla Sankara Nethralaya",
        "source": "OpenGovernmentData",
        "website": "https://sankaranethralaya.org/",
        "osm_id": 7053610426
      }
    },
    {
      "type": "Feature",
      "geometry": {
        "type": "Point",
        "coordinates": [
          88.3489408,
          22.5065184
        ]
      },
      "properties": {
        "addr:district": "Kolkata",
        "addr:full": "38U, Sultan Alam Road",
        "addr:postcode": "700033",
        "addr:state": "West Bengal",
        "amenity": "clinic",
        "healthcare": "clinic",
        "name": "Santosh Clinic",
        "source": "OpenGovernmentData",
        "osm_id": 7053675897
      }
    },
    {
      "type": "Feature",
      "geometry": {
        "type": "Point",
        "coordinates": [
          88.3197114,
          22.4592477
        ]
      },
      "properties": {
        "addr:district": "Kolkata",
        "addr:full": "109,Mahatma Gandhi Road,Thakurpukur",
        "addr:postcode": "700063",
        "addr:state": "West Bengal",
        "amenity": "hospital",
        "healthcare": "hospital",
        "name": "Saroj Gupta Cancer Centre And Research Institute",
        "source": "OpenGovernmentData",
        "website": "cancercentrecalcutta.org",
        "osm_id": 7053689148
      }
    },
    {
      "type": "Feature",
      "geometry": {
        "type": "Point",
        "coordinates": [
          88.4431829,
          22.4396455
        ]
      },
      "properties": {
        "addr:district": "South 24 Parganas",
        "addr:full": "Sonarpur Chakbaria Road,Sonarpur",
        "addr:postcode": "700150",
        "addr:state": "West Bengal",
        "amenity": "clinic",
        "contact:phone": "3324347360",
        "healthcare": "clinic",
        "name": "Satyarani Memorial Nursing Home And Diagnostic Centre",
        "source": "OpenGovernmentData",
        "osm_id": 7053704967
      }
    },
    {
      "type": "Feature",
      "geometry": {
        "type": "Point",
        "coordinates": [
          88.2779373,
          22.4370275
        ]
      },
      "properties": {
        "addr:district": "South 24 Parganas",
        "addr:full": "Bakrahat Road,Thakurpukur,Vishnupur",
        "addr:postcode": "700104",
        "addr:state": "West Bengal",
        "amenity": "hospital",
        "contact:phone": "3324980366",
        "healthcare": "hospital",
        "name": "Searight Hospital and Welfare Society",
        "source": "OpenGovernmentData",
        "osm_id": 7053714207
      }
    },
    {
      "type": "Feature",
      "geometry": {
        "type": "Point",
        "coordinates": [
          88.3718884,
          22.596824
        ]
      },
      "properties": {
        "addr:district": "Kolkata",
        "addr:full": "#136/1, Bidhan Sarani",
        "addr:postcode": "700004",
        "addr:state": "West Bengal",
        "amenity": "clinic",
        "healthcare": "clinic",
        "name": "Serum Sristi Nursing Home",
        "source": "OpenGovernmentData",
        "website": "https://sserumanalysiscentre.com",
        "osm_id": 7053716362
      }
    },
    {
      "type": "Feature",
      "geometry": {
        "type": "Point",
        "coordinates": [
          88.4111023,
          22.5911184
        ]
      },
      "properties": {
        "addr:district": "Kolkata",
        "addr:full": "DD-35, Salt Lake View City, Bidhan Nagar",
        "addr:postcode": "700064",
        "addr:state": "West Bengal",
        "amenity": "hospital",
        "contact:phone": "3323373486",
        "healthcare": "hospital",
        "name": "Seba Hospital",
        "source": "OpenGovernmentData",
        "website": "https://www.sebahospital.com/",
        "osm_id": 7053734498
      }
    },
    {
      "type": "Feature",
      "geometry": {
        "type": "Point",
        "coordinates": [
          88.2260755,
          22.5857817
        ]
      },
      "properties": {
        "addr:district": "Howrah",
        "addr:full": "Gar Mirjapur,(Andul Road),Po- Mashila",
        "addr:postcode": "711302",
        "addr:state": "West Bengal",
        "amenity": "clinic",
        "name": "Sebayan Nursing Services Pvt. Ltd.",
        "source": "OpenGovernmentData",
        "osm_id": 7053742804
      }
    },
    {
      "type": "Feature",
      "geometry": {
        "type": "Point",
        "coordinates": [
          88.3636942,
          22.5619285
        ]
      },
      "properties": {
        "addr:district": "Kolkata",
        "addr:full": "133, Lenin Sarani Road",
        "addr:postcode": "700013",
        "addr:state": "West Bengal",
        "amenity": "clinic",
        "check_date": "2026-03-22",
        "healthcare": "clinic",
        "name": "Seba Niketan Nursing Home",
        "source": "OpenGovernmentData",
        "osm_id": 7053743259
      }
    },
    {
      "type": "Feature",
      "geometry": {
        "type": "Point",
        "coordinates": [
          88.4078622,
          22.3705576
        ]
      },
      "properties": {
        "addr:district": "South 24 Parganas",
        "addr:full": "Dhopagachi-P-O-Kundarali-Baruipur",
        "addr:postcode": "743610",
        "addr:state": "West Bengal",
        "amenity": "hospital",
        "name": "Second Sight Southend Eye Hospital",
        "source": "OpenGovernmentData",
        "osm_id": 7053748498
      }
    },
    {
      "type": "Feature",
      "geometry": {
        "type": "Point",
        "coordinates": [
          88.3304657,
          22.5782195
        ]
      },
      "properties": {
        "addr:district": "Howrah",
        "addr:full": "5,Grand Trunk Road ,Belur",
        "addr:postcode": "711101",
        "addr:state": "West Bengal",
        "amenity": "hospital",
        "healthcare": "hospital",
        "name": "Belur Sramajibi Swasthya Prakalpa Samity",
        "source": "OpenGovernmentData",
        "osm_id": 7053865156
      }
    },
    {
      "type": "Feature",
      "geometry": {
        "type": "Point",
        "coordinates": [
          88.3561304,
          22.5428721
        ]
      },
      "properties": {
        "addr:district": "Kolkata",
        "addr:full": "8Th Floor Maruti Building 12 U N Brahmachari Street, loudon street",
        "addr:postcode": "700017",
        "addr:state": "West Bengal",
        "amenity": "clinic",
        "check_date": "2026-03-22",
        "contact:phone": "03322817780;22817781",
        "healthcare": "clinic",
        "name": "MP Birla Eye Clinic",
        "source": "OpenGovernmentData",
        "osm_id": 7053870657
      }
    },
    {
      "type": "Feature",
      "geometry": {
        "type": "Point",
        "coordinates": [
          88.3406983,
          22.5929943
        ]
      },
      "properties": {
        "addr:district": "Howrah",
        "addr:full": "2, Khirod Chandra Ghosh Road (Watkins Lane)",
        "addr:postcode": "711101",
        "addr:state": "West Bengal",
        "amenity": "clinic",
        "contact:phone": "26661900",
        "healthcare": "clinic",
        "name": "Watkins Nursing Home",
        "source": "OpenGovernmentData",
        "osm_id": 7053879587
      }
    },
    {
      "type": "Feature",
      "geometry": {
        "type": "Point",
        "coordinates": [
          88.3634217,
          22.552661
        ]
      },
      "properties": {
        "addr:district": "Kolkata",
        "addr:full": "52, Ripon Street",
        "addr:postcode": "700016",
        "addr:state": "West Bengal",
        "amenity": "clinic",
        "check_date": "2026-03-22",
        "healthcare": "clinic",
        "name": "Ripon Nursing Home",
        "source": "OpenGovernmentData",
        "osm_id": 7053904328
      }
    },
    {
      "type": "Feature",
      "geometry": {
        "type": "Point",
        "coordinates": [
          88.4364411,
          22.4390827
        ]
      },
      "properties": {
        "addr:district": "South 24 Parganas",
        "addr:full": "No. 150 A.P. Nagar,Sonarpur",
        "addr:postcode": "700150",
        "addr:state": "West Bengal",
        "amenity": "hospital",
        "contact:phone": "24281144",
        "healthcare": "hospital",
        "name": "Kalpana Maternity and Nursing Home, South 24 Parganas",
        "source": "OpenGovernmentData",
        "osm_id": 7053932820
      }
    },
    {
      "type": "Feature",
      "geometry": {
        "type": "Point",
        "coordinates": [
          88.3162104,
          22.5043682
        ]
      },
      "properties": {
        "addr:district": "Kolkata",
        "addr:full": "19/2, Banamali Naskar Road, Opp To Behala Thana",
        "addr:postcode": "700060",
        "addr:state": "West Bengal",
        "amenity": "clinic",
        "healthcare": "clinic",
        "name": "Kolkata Women's Clinic",
        "source": "OpenGovernmentData",
        "osm_id": 7053988697
      }
    },
    {
      "type": "Feature",
      "geometry": {
        "type": "Point",
        "coordinates": [
          88.3633871,
          22.4730934
        ]
      },
      "properties": {
        "addr:district": "Kolkata",
        "addr:full": "348/47, Netaji Subhash Chandra Bose Road",
        "addr:postcode": "700047",
        "addr:state": "West Bengal",
        "amenity": "clinic",
        "contact:mobile": "9831034036",
        "contact:phone": "3324996033",
        "healthcare": "clinic",
        "name": "Kumar Surgical and Laparoscopic Clinic",
        "source": "OpenGovernmentData",
        "osm_id": 7058928791
      }
    },
    {
      "type": "Feature",
      "geometry": {
        "type": "Point",
        "coordinates": [
          88.357894,
          22.564549
        ]
      },
      "properties": {
        "addr:district": "Kolkata",
        "addr:full": "41, Princep Biplabi Anukul Chandra Street, Chandini Chowk street",
        "addr:postcode": "700072",
        "addr:state": "West Bengal",
        "amenity": "clinic",
        "check_date": "2026-03-22",
        "healthcare": "clinic",
        "name": "Princep Nursing Home",
        "source": "OpenGovernmentData",
        "osm_id": 7058966323
      }
    },
    {
      "type": "Feature",
      "geometry": {
        "type": "Point",
        "coordinates": [
          88.3606486,
          22.5200708
        ]
      },
      "properties": {
        "addr:district": "Kolkata",
        "addr:full": "37/1, B. Hindustan Road,Gariahat, Behind Basanti Devi College",
        "addr:postcode": "700029",
        "addr:state": "West Bengal",
        "amenity": "clinic",
        "contact:phone": "3340011593",
        "healthcare": "clinic",
        "name": "Prince Nursing Home, Kolkata",
        "source": "OpenGovernmentData",
        "osm_id": 7058971692
      }
    },
    {
      "type": "Feature",
      "geometry": {
        "type": "Point",
        "coordinates": [
          88.3723074,
          22.5386694
        ]
      },
      "properties": {
        "addr:district": "Kolkata",
        "addr:full": "11, Dr. Biresh Guha Street",
        "addr:postcode": "700017",
        "addr:state": "West Bengal",
        "amenity": "hospital",
        "healthcare": "hospital",
        "name": "Institute Of Child Health",
        "source": "OpenGovernmentData",
        "wikidata": "Q28154828",
        "wikipedia": "en:Institute of Child Health, Kolkata",
        "osm_id": 7059017540
      }
    },
    {
      "type": "Feature",
      "geometry": {
        "type": "Point",
        "coordinates": [
          88.3530888,
          22.5165078
        ]
      },
      "properties": {
        "addr:district": "Kolkata",
        "addr:full": "34 B, Jatin Das Road",
        "addr:postcode": "700029",
        "addr:state": "West Bengal",
        "amenity": "hospital",
        "healthcare": "hospital",
        "name": "B.N Basu Memorial Clinic Appolo Nursing Home",
        "source": "OpenGovernmentData",
        "osm_id": 7059027977
      }
    },
    {
      "type": "Feature",
      "geometry": {
        "type": "Point",
        "coordinates": [
          88.3063807,
          22.4580615
        ]
      },
      "properties": {
        "addr:district": "Kolkata",
        "addr:full": "204A, Diamond Harbour Road , Thakurpukur",
        "addr:postcode": "700063",
        "addr:state": "West Bengal",
        "amenity": "hospital",
        "contact:phone": "24674006",
        "healthcare": "hospital",
        "name": "Swadesh Basu Hospital",
        "source": "OpenGovernmentData",
        "osm_id": 7059096584
      }
    },
    {
      "type": "Feature",
      "geometry": {
        "type": "Point",
        "coordinates": [
          88.3613316,
          22.5567342
        ]
      },
      "properties": {
        "addr:district": "Kolkata",
        "addr:full": "No.3,Komedan Bagan Lane,Near Jora Girja, Corporation ,Garage On Ajc Bose Road",
        "addr:postcode": "700016",
        "addr:state": "West Bengal",
        "amenity": "hospital",
        "check_date": "2026-03-22",
        "contact:phone": "22493361",
        "healthcare": "hospital",
        "name": "Angel Maternity and Nursing Home",
        "source": "OpenGovernmentData",
        "osm_id": 7059136652
      }
    },
    {
      "type": "Feature",
      "geometry": {
        "type": "Point",
        "coordinates": [
          88.3713623,
          22.5176756
        ]
      },
      "properties": {
        "addr:district": "Kolkata",
        "addr:full": "11A, Station Road, Ballygunge",
        "addr:postcode": "700019",
        "addr:state": "West Bengal",
        "amenity": "clinic",
        "contact:phone": "24610315",
        "healthcare": "clinic",
        "name": "Acharya Srimat Yogesh Brahmachari Charitable Eye Clinic",
        "source": "OpenGovernmentData",
        "osm_id": 7059152397
      }
    },
    {
      "type": "Feature",
      "geometry": {
        "type": "Point",
        "coordinates": [
          88.3483134,
          22.5136699
        ]
      },
      "properties": {
        "addr:district": "Kolkata",
        "addr:full": "39A, Southern Avenue",
        "addr:postcode": "700029",
        "addr:state": "West Bengal",
        "amenity": "hospital",
        "healthcare": "hospital",
        "healthcare:speciality": "orthopaedics",
        "name": "Infirmary Orthopaedic Centre and Nursing Home",
        "source": "OpenGovernmentData",
        "osm_id": 7059220242
      }
    },
    {
      "type": "Feature",
      "geometry": {
        "type": "Point",
        "coordinates": [
          88.3674172,
          22.5058109
        ]
      },
      "properties": {
        "addr:district": "Kolkata",
        "addr:full": "33, Gariahat Road (South) Opp To Jodhpur Park",
        "addr:postcode": "700031",
        "addr:state": "West Bengal",
        "amenity": "hospital",
        "contact:phone": "3340271000",
        "healthcare": "hospital",
        "healthcare:speciality": "urology",
        "name": "RG Stone Urology And Laparoscopy Hospital, Kolkata",
        "source": "OpenGovernmentData",
        "website": "https://www.rghospitals.com",
        "osm_id": 7059255451
      }
    },
    {
      "type": "Feature",
      "geometry": {
        "type": "Point",
        "coordinates": [
          88.3544611,
          22.5544676
        ]
      },
      "properties": {
        "amenity": "clinic",
        "contact:phone": "+91 33 2229 3325;+91 33 2229 7620",
        "healthcare": "clinic",
        "healthcare:speciality": "orthopaedics;dermatology;general;otolaryngology;psychiatry",
        "name": "Sindhi Polyclinic",
        "wheelchair": "no",
        "osm_id": 7059347947
      }
    },
    {
      "type": "Feature",
      "geometry": {
        "type": "Point",
        "coordinates": [
          88.3664475,
          22.5427124
        ]
      },
      "properties": {
        "addr:district": "Kolkata",
        "addr:full": "94, Park Street, Park Circus",
        "addr:housenumber": "2",
        "addr:place": "Syed Amir Ali Avenue",
        "addr:postcode": "700017",
        "addr:state": "West Bengal",
        "amenity": "hospital",
        "check_date": "2023-12-16",
        "emergency": "yes",
        "healthcare": "hospital",
        "internet_access": "wlan",
        "internet_access:fee": "customers",
        "name": "Islamia Medical Institute",
        "operator:type": "government",
        "payment:cash": "yes",
        "payment:mastercard": "yes",
        "payment:visa": "yes",
        "source": "OpenGovernmentData",
        "wheelchair": "yes",
        "osm_id": 7062120846
      }
    },
    {
      "type": "Feature",
      "geometry": {
        "type": "Point",
        "coordinates": [
          88.3708055,
          22.5447604
        ]
      },
      "properties": {
        "addr:district": "Kolkata",
        "addr:full": "73,Chittaranjan Avenue,Darga Road",
        "addr:postcode": "700017",
        "addr:state": "West Bengal",
        "amenity": "hospital",
        "healthcare": "hospital",
        "name": "Islamia Hospital",
        "source": "OpenGovernmentData",
        "osm_id": 7062138859
      }
    },
    {
      "type": "Feature",
      "geometry": {
        "type": "Point",
        "coordinates": [
          88.3974566,
          22.504121
        ]
      },
      "properties": {
        "addr:district": "Kolkata",
        "addr:full": "853, Kalikapur Road",
        "addr:postcode": "700078",
        "addr:state": "West Bengal",
        "amenity": "hospital",
        "healthcare": "hospital",
        "name": "A.H.IVF and Infertility Research Centre [P] Ltd",
        "source": "OpenGovernmentData",
        "osm_id": 7062150359
      }
    },
    {
      "type": "Feature",
      "geometry": {
        "type": "Point",
        "coordinates": [
          88.2719104,
          22.5672178
        ]
      },
      "properties": {
        "addr:district": "Howrah",
        "addr:full": "Andul Road,Podra, Howarah-9,Near West Bank Hospital",
        "addr:postcode": "711109",
        "addr:state": "West Bengal",
        "amenity": "clinic",
        "contact:phone": "3326445329",
        "name": "Indus Nursing Home Pvt. Ltd.",
        "source": "OpenGovernmentData",
        "osm_id": 7062173629
      }
    },
    {
      "type": "Feature",
      "geometry": {
        "type": "Point",
        "coordinates": [
          88.3641677,
          22.5373304
        ]
      },
      "properties": {
        "addr:district": "Kolkata",
        "addr:full": "13A,Colonel Biswas Road",
        "addr:postcode": "700019",
        "addr:state": "West Bengal",
        "amenity": "hospital",
        "healthcare": "hospital",
        "name": "Implant's Better Sight Centre Pvt Ltd",
        "source": "OpenGovernmentData",
        "website": "implantsbettersight.com",
        "osm_id": 7062229867
      }
    },
    {
      "type": "Feature",
      "geometry": {
        "type": "Point",
        "coordinates": [
          88.3608012,
          22.5186369
        ]
      },
      "properties": {
        "addr:district": "Kolkata",
        "addr:full": "133E, Rash Behari Avenue, Hindusthan Park",
        "addr:postcode": "700029",
        "addr:state": "West Bengal",
        "amenity": "clinic",
        "healthcare": "clinic",
        "name": "Omega Optics",
        "source": "OpenGovernmentData",
        "osm_id": 7062308629
      }
    },
    {
      "type": "Feature",
      "geometry": {
        "type": "Point",
        "coordinates": [
          88.1391035,
          22.0811959
        ]
      },
      "properties": {
        "addr:district": "Medinipur East",
        "addr:full": "Hpl Link Road,Basudevpur Haldia Khanjanchak",
        "addr:postcode": "721602",
        "addr:state": "West Bengal",
        "amenity": "clinic",
        "contact:mobile": "9332310164",
        "healthcare": "clinic",
        "name": "Mediland Nursing Home",
        "source": "OpenGovernmentData",
        "osm_id": 7062308670
      }
    },
    {
      "type": "Feature",
      "geometry": {
        "type": "Point",
        "coordinates": [
          88.4209541,
          22.3899049
        ]
      },
      "properties": {
        "addr:district": "South 24 Parganas",
        "addr:full": "Vii. Hariharpur, P.O. Dakshin Gobindapur, P.S. Baruipur",
        "addr:postcode": "700145",
        "addr:state": "West Bengal",
        "amenity": "hospital",
        "contact:phone": "24378484",
        "email": "mail@antaraglobal.org; antaragram365@gmail.com",
        "name": "Antara Psychiatric Centre",
        "phone": "(+91) 033 2437 8484 / 0593 / 0439",
        "source": "OpenGovernmentData",
        "website": "https://antaraglobal.org/",
        "osm_id": 7062316890
      }
    },
    {
      "type": "Feature",
      "geometry": {
        "type": "Point",
        "coordinates": [
          88.3238551,
          22.5927864
        ]
      },
      "properties": {
        "addr:district": "Howrah",
        "addr:full": "178 Belilious Road near Puspasree Cinema Kadamtala Howrah",
        "addr:postcode": "711101",
        "addr:state": "West Bengal",
        "amenity": "clinic",
        "healthcare": "clinic",
        "name": "Care and Cure Polyclinic Cum Nursing Home",
        "source": "OpenGovernmentData",
        "osm_id": 7062316903
      }
    },
    {
      "type": "Feature",
      "geometry": {
        "type": "Point",
        "coordinates": [
          88.3197241,
          22.5816657
        ]
      },
      "properties": {
        "addr:district": "Howrah",
        "addr:full": "5/7 Halder Para Lane,Naora",
        "addr:postcode": "711101",
        "addr:state": "West Bengal",
        "amenity": "hospital",
        "healthcare": "hospital",
        "name": "Dristi Eye Foundation",
        "source": "OpenGovernmentData",
        "osm_id": 7062316904
      }
    },
    {
      "type": "Feature",
      "geometry": {
        "type": "Point",
        "coordinates": [
          88.4386868,
          22.4554384
        ]
      },
      "properties": {
        "addr:district": "South 24 Parganas",
        "addr:full": "Khudigachi, Sonapur",
        "addr:postcode": "700150",
        "addr:state": "West Bengal",
        "amenity": "clinic",
        "healthcare": "clinic",
        "name": "Sushila Clinic",
        "source": "OpenGovernmentData",
        "osm_id": 7062332246
      }
    },
    {
      "type": "Feature",
      "geometry": {
        "type": "Point",
        "coordinates": [
          88.3977811,
          22.5631533
        ]
      },
      "properties": {
        "addr:district": "Kolkata",
        "addr:full": "56H, Dr Suresh Chandra Banerjee Road, Beliaghata",
        "addr:postcode": "700010",
        "addr:state": "West Bengal",
        "amenity": "clinic",
        "contact:phone": "03323539586;23539586",
        "healthcare": "clinic",
        "name": "H.P.Poddar Memorial Clinic And Nursing Home",
        "source": "OpenGovernmentData",
        "osm_id": 7062349054
      }
    },
    {
      "type": "Feature",
      "geometry": {
        "type": "Point",
        "coordinates": [
          88.092767,
          22.4678202
        ]
      },
      "properties": {
        "addr:district": "Howrah",
        "addr:full": "Bazarpara, Uluberia",
        "addr:postcode": "711316",
        "addr:state": "West Bengal",
        "amenity": "clinic",
        "name": "Ideal Clinic and Hospital (Pvt) Ltd",
        "source": "OpenGovernmentData",
        "website": "https://idealhospital.com/",
        "osm_id": 7062368398
      }
    },
    {
      "type": "Feature",
      "geometry": {
        "type": "Point",
        "coordinates": [
          88.3257073,
          22.4825494
        ]
      },
      "properties": {
        "addr:district": "Kolkata",
        "addr:full": "Kudghat, 51-A, Gangapuri, Purbaputiari",
        "addr:postcode": "700092",
        "addr:state": "West Bengal",
        "amenity": "clinic",
        "contact:phone": "3324311328",
        "health_facility:type": "dispensary",
        "healthcare": "centre",
        "name": "CGHS Dispensary, Kudghat",
        "operator:type": "government",
        "source": "OpenGovernmentData",
        "osm_id": 7062373772
      }
    },
    {
      "type": "Feature",
      "geometry": {
        "type": "Point",
        "coordinates": [
          88.3197763,
          22.5144766
        ]
      },
      "properties": {
        "addr:district": "Kolkata",
        "addr:full": "Mint Colony, 9, Mint Guard House",
        "addr:postcode": "700053",
        "addr:state": "West Bengal",
        "amenity": "clinic",
        "contact:phone": "3324010558",
        "health_facility:type": "dispensary",
        "healthcare": "centre",
        "name": "CGHS Dispensary, Mint Colony",
        "operator:type": "government",
        "source": "OpenGovernmentData",
        "website": "http://nb.bsf.gov.in/CGHS%20DIspenseries.pdf",
        "osm_id": 7062373774
      }
    },
    {
      "type": "Feature",
      "geometry": {
        "type": "Point",
        "coordinates": [
          88.3684555,
          22.527795
        ]
      },
      "properties": {
        "addr:district": "Kolkata",
        "addr:full": "99/5/8C, Bullygunge Place",
        "addr:postcode": "700019",
        "addr:state": "West Bengal",
        "amenity": "hospital",
        "check_date": "2023-12-16",
        "healthcare": "hospital",
        "healthcare:speciality": "ophthalmology",
        "name": "Deshari Complete Eye Care",
        "source": "OpenGovernmentData",
        "osm_id": 7062396399
      }
    },
    {
      "type": "Feature",
      "geometry": {
        "type": "Point",
        "coordinates": [
          88.3717764,
          22.5188765
        ]
      },
      "properties": {
        "addr:district": "Kolkata",
        "addr:full": "4K, Ballygunge Station Road",
        "addr:postcode": "700019",
        "addr:state": "West Bengal",
        "amenity": "hospital",
        "contact:phone": "24611512",
        "healthcare": "hospital",
        "name": "B.K.Dutt Memorial Medical Centre",
        "source": "OpenGovernmentData",
        "osm_id": 7062396402
      }
    },
    {
      "type": "Feature",
      "geometry": {
        "type": "Point",
        "coordinates": [
          88.3337856,
          22.5812075
        ]
      },
      "properties": {
        "addr:district": "Howrah",
        "addr:full": "9,Near Bangabasi Cinema Hall,Nityadhan Mukherjee Road,Kadamtala",
        "addr:postcode": "711101",
        "addr:state": "West Bengal",
        "amenity": "hospital",
        "healthcare": "hospital",
        "name": "Howrah Lions Hospital",
        "source": "OpenGovernmentData",
        "osm_id": 7062411420
      }
    },
    {
      "type": "Feature",
      "geometry": {
        "type": "Point",
        "coordinates": [
          88.0933182,
          22.4822995
        ]
      },
      "properties": {
        "addr:district": "Howrah",
        "addr:full": "Charushila Manmathanath Dey Memorial Unit,Jadurberia,Uluberia",
        "addr:postcode": "711316",
        "addr:state": "West Bengal",
        "amenity": "hospital",
        "name": "Howrah Lions Hospital-Jaduberia",
        "source": "OpenGovernmentData",
        "osm_id": 7062411421
      }
    },
    {
      "type": "Feature",
      "geometry": {
        "type": "Point",
        "coordinates": [
          88.3296449,
          22.5802119
        ]
      },
      "properties": {
        "addr:district": "Howrah",
        "addr:full": "80/1,Chintamani Dey Road",
        "addr:postcode": "711101",
        "addr:state": "West Bengal",
        "amenity": "clinic",
        "healthcare": "clinic",
        "name": "Howrah Nursing Home",
        "source": "OpenGovernmentData",
        "osm_id": 7062411432
      }
    },
    {
      "type": "Feature",
      "geometry": {
        "type": "Point",
        "coordinates": [
          88.0938634,
          22.4691289
        ]
      },
      "properties": {
        "addr:district": "Howrah",
        "addr:full": "Mohini Complex, Near Bazarpara, Uluberia Station Road, Banitala",
        "addr:postcode": "711316",
        "addr:state": "West Bengal",
        "amenity": "hospital",
        "name": "Sister Nibedita Hospital",
        "source": "OpenGovernmentData",
        "osm_id": 7062470834
      }
    },
    {
      "type": "Feature",
      "geometry": {
        "type": "Point",
        "coordinates": [
          88.3532457,
          22.5310898
        ]
      },
      "properties": {
        "addr:district": "Hooghly",
        "addr:full": "21, Prannath Pandit Street",
        "addr:postcode": "700 025",
        "addr:state": "West Bengal",
        "amenity": "hospital",
        "check_date": "2026-03-22",
        "email": "info@healthpointhospital.com",
        "healthcare": "hospital",
        "name": "Health Point Hospitals",
        "phone": "91 629 220 6008",
        "source": "OpenGovernmentData",
        "website": "https://www.healthpointhospital.com/",
        "osm_id": 7062470862
      }
    },
    {
      "type": "Feature",
      "geometry": {
        "type": "Point",
        "coordinates": [
          88.3897726,
          22.5729159
        ]
      },
      "properties": {
        "addr:district": "Kolkata",
        "addr:full": "P 17, C I T Road , Phoolbagan",
        "addr:postcode": "700054",
        "addr:state": "West Bengal",
        "amenity": "clinic",
        "healthcare": "clinic",
        "name": "Orchid Nursing Home",
        "source": "OpenGovernmentData",
        "osm_id": 7062632512
      }
    },
    {
      "type": "Feature",
      "geometry": {
        "type": "Point",
        "coordinates": [
          88.1874229,
          22.203588
        ]
      },
      "properties": {
        "addr:district": "South 24 Parganas",
        "addr:full": "New Town , 24 Pgs South, Diamond Harbour",
        "addr:postcode": "743331",
        "addr:state": "West Bengal",
        "amenity": "clinic",
        "name": "Dr. Das' Nursing Home and Diagnostic Centre",
        "source": "OpenGovernmentData",
        "osm_id": 7062632513
      }
    },
    {
      "type": "Feature",
      "geometry": {
        "type": "Point",
        "coordinates": [
          88.3918507,
          22.5682569
        ]
      },
      "properties": {
        "addr:district": "Kolkata",
        "addr:full": "P168,C I T Road,Beliaghata",
        "addr:postcode": "700010",
        "addr:state": "West Bengal",
        "amenity": "hospital",
        "contact:phone": "23710135",
        "healthcare": "hospital",
        "name": "Poorva Eye Care",
        "source": "OpenGovernmentData",
        "website": "https://poorvaeyecare.com/",
        "osm_id": 7062656664
      }
    },
    {
      "type": "Feature",
      "geometry": {
        "type": "Point",
        "coordinates": [
          88.3575051,
          22.5175943
        ]
      },
      "properties": {
        "addr:district": "Kolkata",
        "addr:full": "70A, Purna Das Road",
        "addr:postcode": "700029",
        "addr:state": "West Bengal",
        "amenity": "clinic",
        "contact:phone": "24661229",
        "healthcare": "clinic",
        "name": "Park Site Nursing Home",
        "source": "OpenGovernmentData",
        "osm_id": 7062656674
      }
    },
    {
      "type": "Feature",
      "geometry": {
        "type": "Point",
        "coordinates": [
          88.3530942,
          22.5415518
        ]
      },
      "properties": {
        "addr:district": "Kolkata",
        "addr:full": "4,Gorky Terrace, Park Medical Research Society",
        "addr:postcode": "700017",
        "addr:state": "West Bengal",
        "amenity": "clinic",
        "check_date": "2026-03-22",
        "healthcare": "clinic",
        "name": "Park Clinic, Kolkata",
        "source": "OpenGovernmentData",
        "website": "http://www.parkclinickolkata.in/",
        "osm_id": 7062656675
      }
    },
    {
      "type": "Feature",
      "geometry": {
        "type": "Point",
        "coordinates": [
          88.3414158,
          22.5031868
        ]
      },
      "properties": {
        "addr:district": "Kolkata",
        "addr:full": "101, Tollygunge Circular Road, Tollygunge",
        "addr:postcode": "700053",
        "addr:state": "West Bengal",
        "amenity": "hospital",
        "healthcare": "hospital",
        "healthcare:speciality": "ayurveda",
        "name": "Siddhi Multi Speciality Ayurveda Hospital and Research Institute",
        "source": "OpenGovernmentData",
        "osm_id": 7065226681
      }
    },
    {
      "type": "Feature",
      "geometry": {
        "type": "Point",
        "coordinates": [
          88.3610965,
          22.5029093
        ]
      },
      "properties": {
        "addr:district": "Kolkata",
        "addr:full": "396, Prince Anwar Shah Road",
        "addr:postcode": "700045",
        "addr:state": "West Bengal",
        "amenity": "hospital",
        "contact:phone": "03324736940;24720836",
        "healthcare": "hospital",
        "healthcare:speciality": "ophthalmology",
        "name": "SilverLine Eye Hospital",
        "source": "OpenGovernmentData",
        "osm_id": 7065226682
      }
    },
    {
      "type": "Feature",
      "geometry": {
        "type": "Point",
        "coordinates": [
          88.3547008,
          22.5196582
        ]
      },
      "properties": {
        "addr:district": "Kolkata",
        "addr:full": "86,Monohar Pukur Road",
        "addr:postcode": "700001",
        "addr:state": "West Bengal",
        "amenity": "clinic",
        "healthcare": "clinic",
        "name": "Southern Nursing Home",
        "source": "OpenGovernmentData",
        "osm_id": 7065232692
      }
    },
    {
      "type": "Feature",
      "geometry": {
        "type": "Point",
        "coordinates": [
          88.339032,
          22.4851657
        ]
      },
      "properties": {
        "addr:district": "Kolkata",
        "addr:full": "55,M.G. Road, Amherst Street",
        "addr:postcode": "700009",
        "addr:state": "West Bengal",
        "amenity": "clinic",
        "healthcare": "clinic",
        "name": "Sree Krishna Nursing Home",
        "source": "OpenGovernmentData",
        "osm_id": 7065232711
      }
    },
    {
      "type": "Feature",
      "geometry": {
        "type": "Point",
        "coordinates": [
          88.3644935,
          22.5032339
        ]
      },
      "properties": {
        "addr:district": "Kolkata",
        "addr:full": "1 H,Garihat Road (South),Jodhpur Park",
        "addr:postcode": "700068",
        "addr:state": "West Bengal",
        "amenity": "hospital",
        "contact:phone": "03340171717;24143881",
        "healthcare": "hospital",
        "name": "Sri Aurobindo Seva Kendra (EEDF)",
        "source": "OpenGovernmentData",
        "website": "https://eedf.in/",
        "osm_id": 7065232712
      }
    },
    {
      "type": "Feature",
      "geometry": {
        "type": "Point",
        "coordinates": [
          88.3931999,
          22.566876
        ]
      },
      "properties": {
        "addr:district": "Kolkata",
        "addr:full": "56, Hem Chandra Naskar Road, Beliaghata",
        "addr:postcode": "700010",
        "addr:state": "West Bengal",
        "amenity": "hospital",
        "contact:phone": "3323720038",
        "healthcare": "hospital",
        "name": "Srijoni Healing Home",
        "source": "OpenGovernmentData",
        "website": "https://srijonihealinghome.com/",
        "osm_id": 7065232720
      }
    },
    {
      "type": "Feature",
      "geometry": {
        "type": "Point",
        "coordinates": [
          88.3518905,
          22.5353788
        ]
      },
      "properties": {
        "addr:district": "Kolkata",
        "addr:full": "4, Justice Chandra Madhav Road",
        "addr:postcode": "700020",
        "addr:state": "West Bengal",
        "amenity": "hospital",
        "healthcare": "hospital",
        "name": "Sri Lakshmi Narayana Trust Maternity Home and Hospital",
        "source": "OpenGovernmentData",
        "osm_id": 7065232721
      }
    },
    {
      "type": "Feature",
      "geometry": {
        "type": "Point",
        "coordinates": [
          88.3187538,
          22.562627
        ]
      },
      "properties": {
        "addr:district": "Howrah",
        "addr:full": "263/3,G.T. Road(South),Shibpur",
        "addr:postcode": "711314",
        "addr:state": "West Bengal",
        "amenity": "hospital",
        "contact:phone": "03326782283;26783881",
        "healthcare": "hospital",
        "name": "SMI Pvt Ltd",
        "source": "OpenGovernmentData",
        "osm_id": 7065252195
      }
    },
    {
      "type": "Feature",
      "geometry": {
        "type": "Point",
        "coordinates": [
          88.3257383,
          22.5697343
        ]
      },
      "properties": {
        "addr:district": "Howrah",
        "addr:full": "Ma Bindhyachal Apartment,169, G.T.Road, Shibpur",
        "addr:postcode": "711102",
        "addr:state": "West Bengal",
        "amenity": "hospital",
        "contact:phone": "26426050",
        "healthcare": "hospital",
        "name": "Smt. Sarla Pahwa Memorial Eye Centre",
        "source": "OpenGovernmentData",
        "osm_id": 7065252203
      }
    },
    {
      "type": "Feature",
      "geometry": {
        "type": "Point",
        "coordinates": [
          88.3617966,
          22.520098
        ]
      },
      "properties": {
        "addr:district": "Kolkata",
        "addr:full": "19 A, Hindusthan Road,Near Gariahat Thana, Gariahat Post Office",
        "addr:postcode": "700029",
        "addr:state": "West Bengal",
        "amenity": "clinic",
        "check_date": "2023-10-04",
        "contact:phone": "3324643191",
        "healthcare": "clinic",
        "name": "South Calcutta Clinic",
        "source": "OpenGovernmentData",
        "osm_id": 7065252213
      }
    },
    {
      "type": "Feature",
      "geometry": {
        "type": "Point",
        "coordinates": [
          88.3214307,
          22.5097756
        ]
      },
      "properties": {
        "addr:district": "Kolkata",
        "addr:full": "67, Diamond Harbour Road",
        "addr:postcode": "700038",
        "addr:state": "West Bengal",
        "amenity": "clinic",
        "contact:phone": "03323967333;23980275",
        "healthcare": "clinic",
        "name": "South Suburban Clinic",
        "source": "OpenGovernmentData",
        "osm_id": 7065252214
      }
    },
    {
      "type": "Feature",
      "geometry": {
        "type": "Point",
        "coordinates": [
          88.355944,
          22.5819362
        ]
      },
      "properties": {
        "addr:district": "Kolkata",
        "addr:full": "35 & 37, Burtolla Street, M G Road",
        "addr:postcode": "700007",
        "addr:state": "West Bengal",
        "amenity": "hospital",
        "check_date": "2023-10-30",
        "healthcare": "hospital",
        "name": "Shree Vishudhanand Hospital and Research Institute",
        "operator:type": "government",
        "phone": "033 40233030",
        "source": "OpenGovernmentData",
        "website": "https://jsdl.in/DT-37BPSIW2",
        "osm_id": 7065265207
      }
    },
    {
      "type": "Feature",
      "geometry": {
        "type": "Point",
        "coordinates": [
          88.3421754,
          22.5925889
        ]
      },
      "properties": {
        "addr:district": "Howrah",
        "addr:full": "21/1, Dobson Road",
        "addr:postcode": "711101",
        "addr:state": "West Bengal",
        "amenity": "hospital",
        "contact:phone": "3326667494",
        "healthcare": "hospital",
        "name": "Alpha Medical Services Pvt. Ltd.",
        "source": "OpenGovernmentData",
        "osm_id": 7065269299
      }
    },
    {
      "type": "Feature",
      "geometry": {
        "type": "Point",
        "coordinates": [
          88.3735091,
          22.5997076
        ]
      },
      "properties": {
        "addr:district": "Kolkata",
        "addr:full": "2A, Kalachand Sanyal Lane",
        "addr:postcode": "700004",
        "addr:state": "West Bengal",
        "amenity": "clinic",
        "healthcare": "clinic",
        "name": "New Nirnoy Nursing Home",
        "source": "OpenGovernmentData",
        "osm_id": 7065473112
      }
    },
    {
      "type": "Feature",
      "geometry": {
        "type": "Point",
        "coordinates": [
          88.3817637,
          22.534982
        ]
      },
      "properties": {
        "addr:district": "Malda",
        "addr:full": "Gazole",
        "addr:postcode": "732124",
        "addr:state": "West Bengal",
        "amenity": "clinic",
        "fixme": "Address and location is not matching...",
        "healthcare": "clinic",
        "name": "Dolphin Nursing Home",
        "source": "OpenGovernmentData",
        "osm_id": 7065473122
      }
    },
    {
      "type": "Feature",
      "geometry": {
        "type": "Point",
        "coordinates": [
          87.9158659,
          22.2905507
        ]
      },
      "properties": {
        "addr:district": "Medinipur East",
        "addr:full": "Padumbasan, PO Tamluk",
        "addr:postcode": "721636",
        "addr:state": "West Bengal",
        "amenity": "clinic",
        "name": "Seva Nursing Home, Medinipur East",
        "source": "OpenGovernmentData",
        "osm_id": 7065473736
      }
    },
    {
      "type": "Feature",
      "geometry": {
        "type": "Point",
        "coordinates": [
          88.3739229,
          22.4674584
        ]
      },
      "properties": {
        "addr:district": "Kolkata",
        "addr:full": "398/1, Netaji Subhas Chandra Bose Road",
        "addr:postcode": "700047",
        "addr:state": "West Bengal",
        "amenity": "hospital",
        "healthcare": "hospital",
        "name": "Sevangan Medical Complex",
        "source": "OpenGovernmentData",
        "osm_id": 7065473746
      }
    },
    {
      "type": "Feature",
      "geometry": {
        "type": "Point",
        "coordinates": [
          88.4318921,
          22.364906
        ]
      },
      "properties": {
        "addr:district": "South 24 Parganas",
        "addr:full": "Sajahan Road,Baruipur",
        "addr:postcode": "700144",
        "addr:state": "West Bengal",
        "amenity": "hospital",
        "healthcare": "hospital",
        "name": "Sevatirtham Nursing Home",
        "source": "OpenGovernmentData",
        "website": "https://sevatirthamnursinghome.com/",
        "osm_id": 7065473747
      }
    },
    {
      "type": "Feature",
      "geometry": {
        "type": "Point",
        "coordinates": [
          88.3648288,
          22.5925956
        ]
      },
      "properties": {
        "addr:district": "Kolkata",
        "addr:full": "20, Jatindra Mohan Avenue",
        "addr:postcode": "700006",
        "addr:state": "West Bengal",
        "amenity": "clinic",
        "healthcare": "clinic",
        "name": "Shakambari Nursing Home",
        "source": "OpenGovernmentData",
        "osm_id": 7065473752
      }
    },
    {
      "type": "Feature",
      "geometry": {
        "type": "Point",
        "coordinates": [
          88.3487061,
          22.5055997
        ]
      },
      "properties": {
        "addr:district": "Kolkata",
        "addr:full": "#48/41A,Purna Chandra Mitra Lane(Swiss Park)",
        "addr:postcode": "700033",
        "addr:state": "West Bengal",
        "amenity": "clinic",
        "healthcare": "clinic",
        "healthcare:speciality": "nephrology",
        "name": "Shankarnath Dialysis Centre and Nursing Home",
        "source": "OpenGovernmentData",
        "osm_id": 7065473759
      }
    },
    {
      "type": "Feature",
      "geometry": {
        "type": "Point",
        "coordinates": [
          88.341794,
          22.596013
        ]
      },
      "properties": {
        "addr:district": "Howrah",
        "addr:full": "72,Jelia Para Lane,Salkia",
        "addr:postcode": "711106",
        "addr:state": "West Bengal",
        "amenity": "hospital",
        "name": "Shiny Swadha Eye Care",
        "source": "OpenGovernmentData",
        "osm_id": 7065473779
      }
    },
    {
      "type": "Feature",
      "geometry": {
        "type": "Point",
        "coordinates": [
          88.3297522,
          22.5714259
        ]
      },
      "properties": {
        "addr:district": "Howrah",
        "addr:full": "493,B/12,G.T. Road,Shibpor (South)",
        "addr:postcode": "711102",
        "addr:state": "West Bengal",
        "amenity": "hospital",
        "healthcare": "hospital",
        "name": "Shree Jain Hospital And Research Centre",
        "source": "OpenGovernmentData",
        "osm_id": 7065473780
      }
    },
    {
      "type": "Feature",
      "geometry": {
        "type": "Point",
        "coordinates": [
          88.3756904,
          22.4814755
        ]
      },
      "properties": {
        "addr:district": "Kolkata",
        "addr:full": "69/1/1/3, Raja S C Mullick Road, Vidhyasagar Bus Stop",
        "addr:postcode": "700047",
        "addr:state": "West Bengal",
        "amenity": "hospital",
        "check_date": "2023-10-19",
        "healthcare": "hospital",
        "healthcare:speciality": "optometry",
        "name": "Dakshinee Eye Foundation",
        "operator:type": "public",
        "payment:cash": "yes",
        "payment:mastercard": "yes",
        "payment:visa": "yes",
        "source": "OpenGovernmentData",
        "osm_id": 7065549006
      }
    },
    {
      "type": "Feature",
      "geometry": {
        "type": "Point",
        "coordinates": [
          88.328214,
          22.5738494
        ]
      },
      "properties": {
        "addr:district": "Kolkata",
        "addr:full": "No.138, Sree Appartment, Baisnabpara Bazar",
        "addr:postcode": "711102",
        "addr:state": "West Bengal",
        "amenity": "hospital",
        "healthcare": "hospital",
        "name": "D.B. Eye Foundation",
        "source": "OpenGovernmentData",
        "osm_id": 7065549022
      }
    },
    {
      "type": "Feature",
      "geometry": {
        "type": "Point",
        "coordinates": [
          88.3629365,
          22.5017644
        ]
      },
      "properties": {
        "addr:district": "Kolkata",
        "addr:full": "377, Prince Anwar Shah Road,Jodhpur Park",
        "addr:postcode": "700068",
        "addr:state": "West Bengal",
        "amenity": "clinic",
        "healthcare": "clinic",
        "name": "Cure Centre Nursing Home",
        "source": "OpenGovernmentData",
        "osm_id": 7065549028
      }
    },
    {
      "type": "Feature",
      "geometry": {
        "type": "Point",
        "coordinates": [
          88.3574648,
          22.5152875
        ]
      },
      "properties": {
        "addr:district": "Kolkata",
        "addr:full": "Lake Road",
        "addr:postcode": "700001",
        "addr:state": "West Bengal",
        "amenity": "hospital",
        "healthcare": "hospital",
        "name": "Complete Care",
        "source": "OpenGovernmentData",
        "osm_id": 7065549029
      }
    },
    {
      "type": "Feature",
      "geometry": {
        "type": "Point",
        "coordinates": [
          88.3668593,
          22.5616486
        ]
      },
      "properties": {
        "addr:district": "Kolkata",
        "addr:full": "21/1, Creek Row, Entally,Lenin Sarani Road",
        "addr:postcode": "700014",
        "addr:state": "West Bengal",
        "amenity": "clinic",
        "check_date": "2026-03-22",
        "healthcare": "clinic",
        "name": "Circular Nursing Home",
        "source": "OpenGovernmentData",
        "osm_id": 7065549037
      }
    },
    {
      "type": "Feature",
      "geometry": {
        "type": "Point",
        "coordinates": [
          88.341103,
          22.5927849
        ]
      },
      "properties": {
        "addr:district": "Howrah",
        "addr:full": "1/4/2 , K C Ghosh Road",
        "addr:postcode": "711101",
        "addr:state": "West Bengal",
        "amenity": "clinic",
        "contact:phone": "26665784",
        "healthcare": "clinic",
        "name": "Micro-Surgical Eye Clinic and Nursing Home",
        "source": "OpenGovernmentData",
        "osm_id": 7065628301
      }
    },
    {
      "type": "Feature",
      "geometry": {
        "type": "Point",
        "coordinates": [
          88.3210942,
          22.5016929
        ]
      },
      "properties": {
        "addr:district": "Kolkata",
        "addr:full": "57A, Roy Bahadur Road",
        "addr:postcode": "700034",
        "addr:state": "West Bengal",
        "amenity": "hospital",
        "contact:phone": "24788169",
        "healthcare": "hospital",
        "name": "Mohanananda Brahmachari Sishu Seva Pratisthan",
        "source": "OpenGovernmentData",
        "osm_id": 7065628333
      }
    },
    {
      "type": "Feature",
      "geometry": {
        "type": "Point",
        "coordinates": [
          87.9213595,
          22.2798018
        ]
      },
      "properties": {
        "addr:district": "Medinipur East",
        "addr:full": "Dharinda, Tamluk Near D. M. Office",
        "addr:postcode": "721636",
        "addr:state": "West Bengal",
        "amenity": "hospital",
        "name": "Genesis Health Point",
        "source": "OpenGovernmentData",
        "osm_id": 7065628338
      }
    },
    {
      "type": "Feature",
      "geometry": {
        "type": "Point",
        "coordinates": [
          88.3252857,
          22.5319734
        ]
      },
      "properties": {
        "addr:district": "Kolkata",
        "addr:full": "23/A, Ekbalpore Lane, Khidderpore",
        "addr:housenumber": "20/A",
        "addr:postcode": "700023",
        "addr:state": "West Bengal",
        "addr:street": "Ekbalpur Lane",
        "amenity": "clinic",
        "check_date": "2023-10-28",
        "contact:phone": "3324568337",
        "healthcare": "clinic",
        "name": "Mandakini Nursing Home",
        "source": "OpenGovernmentData",
        "osm_id": 7065628357
      }
    },
    {
      "type": "Feature",
      "geometry": {
        "type": "Point",
        "coordinates": [
          88.3486225,
          22.5043139
        ]
      },
      "properties": {
        "addr:district": "Kolkata",
        "addr:full": "48/4 Swiss Park",
        "addr:postcode": "700033",
        "addr:state": "West Bengal",
        "amenity": "clinic",
        "healthcare": "clinic",
        "name": "Swiss Park Nursing Home",
        "source": "OpenGovernmentData",
        "osm_id": 7065668380
      }
    },
    {
      "type": "Feature",
      "geometry": {
        "type": "Point",
        "coordinates": [
          88.6654481,
          22.3123415
        ]
      },
      "properties": {
        "addr:district": "South 24 Parganas",
        "addr:full": "Canning",
        "addr:postcode": "743329",
        "addr:state": "West Bengal",
        "amenity": "clinic",
        "contact:phone": "33256402",
        "name": "Deepanjan Nursing Home",
        "source": "OpenGovernmentData",
        "osm_id": 7065687774
      }
    },
    {
      "type": "Feature",
      "geometry": {
        "type": "Point",
        "coordinates": [
          88.3720238,
          22.5997447
        ]
      },
      "properties": {
        "addr:district": "Kolkata",
        "addr:full": "2, Nayratna Lane",
        "addr:postcode": "700004",
        "addr:state": "West Bengal",
        "amenity": "clinic",
        "healthcare": "clinic",
        "name": "Dreamland Nursing Home (Only Kolkata Police)",
        "source": "OpenGovernmentData",
        "osm_id": 7065687779
      }
    },
    {
      "type": "Feature",
      "geometry": {
        "type": "Point",
        "coordinates": [
          88.3414561,
          22.593185
        ]
      },
      "properties": {
        "addr:district": "Howrah",
        "addr:full": "40, Dobson Road, Near Ambika Tower",
        "addr:postcode": "711101",
        "addr:state": "West Bengal",
        "amenity": "clinic",
        "contact:phone": "26667692",
        "healthcare": "clinic",
        "name": "Debsishu Nursing Home Pvt. Ltd.",
        "source": "OpenGovernmentData",
        "osm_id": 7065687780
      }
    },
    {
      "type": "Feature",
      "geometry": {
        "type": "Point",
        "coordinates": [
          88.3266748,
          22.5325631
        ]
      },
      "properties": {
        "addr:district": "Kolkata",
        "addr:full": "64A, Diamond Harbour Road",
        "addr:housenumber": "64A",
        "addr:postcode": "700023",
        "addr:state": "West Bengal",
        "addr:street": "Diamond Harbour Road",
        "amenity": "clinic",
        "check_date": "2023-10-28",
        "contact:phone": "3324568168",
        "healthcare": "clinic",
        "name": "Medi Citi Nursing Home",
        "opening_hours": "24/7",
        "source": "OpenGovernmentData",
        "osm_id": 7065692292
      }
    },
    {
      "type": "Feature",
      "geometry": {
        "type": "Point",
        "coordinates": [
          88.610455,
          22.5007028
        ]
      },
      "properties": {
        "addr:district": "Kalikapur",
        "addr:full": "Kalikapur",
        "addr:postcode": "743502",
        "addr:state": "West Bengal",
        "amenity": "clinic",
        "name": "Al - Ameen Nursing Home",
        "source": "OpenGovernmentData",
        "osm_id": 7065692293
      }
    },
    {
      "type": "Feature",
      "geometry": {
        "type": "Point",
        "coordinates": [
          88.4076208,
          22.4800554
        ]
      },
      "properties": {
        "addr:district": "Kolkata",
        "addr:full": "3081, Nayabad, Kolkata",
        "addr:postcode": "700016",
        "addr:state": "West Bengal",
        "amenity": "hospital",
        "contact:phone": "033 2432 0043/39;9874210007/05",
        "email": "info@nscri.in",
        "healthcare": "hospital",
        "name": "Netaji Subhash Chandra Bose Cancer Reasearch Inst",
        "source": "OpenGovernmentData",
        "osm_id": 7065692304
      }
    },
    {
      "type": "Feature",
      "geometry": {
        "type": "Point",
        "coordinates": [
          88.3439103,
          22.5079159
        ]
      },
      "properties": {
        "addr:district": "Kolkata",
        "addr:full": "51, Charu Chandra Avenue",
        "addr:postcode": "700033",
        "addr:state": "West Bengal",
        "amenity": "hospital",
        "healthcare": "hospital",
        "name": "Debdoot Sevayan",
        "source": "OpenGovernmentData",
        "osm_id": 7065697990
      }
    },
    {
      "type": "Feature",
      "geometry": {
        "type": "Point",
        "coordinates": [
          88.3504455,
          22.5198037
        ]
      },
      "properties": {
        "addr:district": "Kolkata",
        "addr:full": "24, Bipin Pal Road, Manohar Pukur Road , Manoharpukur",
        "addr:postcode": "700026",
        "addr:state": "West Bengal",
        "amenity": "clinic",
        "contact:phone": "03324669910;24660702",
        "healthcare": "clinic",
        "name": "Microlap Nursing Home",
        "source": "OpenGovernmentData",
        "osm_id": 7065864042
      }
    },
    {
      "type": "Feature",
      "geometry": {
        "type": "Point",
        "coordinates": [
          88.3262127,
          22.5296568
        ]
      },
      "properties": {
        "addr:district": "Kolkata",
        "addr:full": "51A, Diamond Harbour Road",
        "addr:postcode": "700027",
        "addr:state": "West Bengal",
        "amenity": "hospital",
        "healthcare": "hospital",
        "name": "Bellona Nursing Home And Diagnostic Centre",
        "source": "OpenGovernmentData",
        "osm_id": 7065864053
      }
    },
    {
      "type": "Feature",
      "geometry": {
        "type": "Point",
        "coordinates": [
          87.8609464,
          22.0895804
        ]
      },
      "properties": {
        "addr:district": "Medinipur East",
        "addr:full": "Erashal Po Math,Chandipur",
        "addr:postcode": "721659",
        "addr:state": "West Bengal",
        "amenity": "clinic",
        "name": "New Life Line Nursing Home",
        "source": "OpenGovernmentData",
        "osm_id": 7065864056
      }
    },
    {
      "type": "Feature",
      "geometry": {
        "type": "Point",
        "coordinates": [
          88.3598238,
          22.5534735
        ]
      },
      "properties": {
        "addr:district": "Kolkata",
        "addr:full": "D/178, Shastri Avenue, Durgapur",
        "addr:postcode": "713212",
        "addr:state": "West Bengal",
        "amenity": "clinic",
        "healthcare": "clinic",
        "name": "Heritage Clinic and Nursing Home",
        "source": "OpenGovernmentData",
        "osm_id": 7065866504
      }
    },
    {
      "type": "Feature",
      "geometry": {
        "type": "Point",
        "coordinates": [
          88.2705381,
          22.5523295
        ]
      },
      "properties": {
        "addr:district": "Kolkata",
        "addr:full": "Dr. A.K.Road,Metiabruz",
        "addr:postcode": "700018",
        "addr:state": "West Bengal",
        "amenity": "clinic",
        "contact:phone": "24693185",
        "name": "A Hamid's Clinic, Maternity and Nursing Home",
        "source": "OpenGovernmentData",
        "osm_id": 7065866513
      }
    },
    {
      "type": "Feature",
      "geometry": {
        "type": "Point",
        "coordinates": [
          88.301756,
          22.5768741
        ]
      },
      "properties": {
        "addr:district": "Howrah",
        "addr:full": "1/10, Bholanath Nandy Lane",
        "addr:postcode": "711104",
        "addr:state": "West Bengal",
        "amenity": "hospital",
        "contact:phone": "26778050",
        "name": "Chokher Aloy",
        "source": "OpenGovernmentData",
        "osm_id": 7065866518
      }
    },
    {
      "type": "Feature",
      "geometry": {
        "type": "Point",
        "coordinates": [
          88.3708222,
          22.5041947
        ]
      },
      "properties": {
        "addr:district": "Kolkata",
        "addr:full": "Near Krishna Glass Factory, 6/10 Central Park, Jadavpur University",
        "addr:postcode": "700032",
        "addr:state": "West Bengal",
        "amenity": "hospital",
        "healthcare": "hospital",
        "name": "Dr. Mina Majumder Seva Mandir Pvt. Ltd",
        "source": "OpenGovernmentData",
        "osm_id": 7065866539
      }
    },
    {
      "type": "Feature",
      "geometry": {
        "type": "Point",
        "coordinates": [
          88.3724515,
          22.5554132
        ]
      },
      "properties": {
        "addr:district": "Kolkata",
        "addr:full": "P-46 Cit Road",
        "addr:postcode": "700015",
        "addr:state": "West Bengal",
        "amenity": "clinic",
        "contact:phone": "03365188666;22454285",
        "healthcare": "clinic",
        "name": "Merryland Nursing Home",
        "source": "OpenGovernmentData",
        "osm_id": 7065866571
      }
    },
    {
      "type": "Feature",
      "geometry": {
        "type": "Point",
        "coordinates": [
          88.2555755,
          22.578847
        ]
      },
      "properties": {
        "addr:district": "Howrah",
        "addr:full": "Andulrailway Siding.Jhorehat",
        "addr:postcode": "711302",
        "addr:state": "West Bengal",
        "amenity": "hospital",
        "healthcare": "hospital",
        "name": "Disha Eye Care",
        "source": "OpenGovernmentData",
        "osm_id": 7065866583
      }
    },
    {
      "type": "Feature",
      "geometry": {
        "type": "Point",
        "coordinates": [
          88.3721741,
          22.5983673
        ]
      },
      "properties": {
        "addr:district": "Kolkata",
        "addr:full": "133, Bidhansarani",
        "addr:postcode": "700006",
        "addr:state": "West Bengal",
        "amenity": "clinic",
        "check_date": "2023-10-04",
        "healthcare": "clinic",
        "name": "Northland Nursing Home",
        "source": "OpenGovernmentData",
        "osm_id": 7065868600
      }
    },
    {
      "type": "Feature",
      "geometry": {
        "type": "Point",
        "coordinates": [
          88.3486564,
          22.510522
        ]
      },
      "properties": {
        "addr:district": "Kolkata",
        "addr:full": "46, Lake Temple Road",
        "addr:postcode": "700029",
        "addr:state": "West Bengal",
        "amenity": "clinic",
        "contact:phone": "03324658225; 24655841",
        "healthcare": "clinic",
        "name": "Mohan Clinic",
        "source": "OpenGovernmentData",
        "osm_id": 7065868601
      }
    },
    {
      "type": "Feature",
      "geometry": {
        "type": "Point",
        "coordinates": [
          88.3471169,
          22.5144649
        ]
      },
      "properties": {
        "addr:district": "Kolkata",
        "addr:full": "23, Southern Avenue",
        "addr:postcode": "700026",
        "addr:state": "West Bengal",
        "amenity": "clinic",
        "contact:phone": "24637273",
        "healthcare": "clinic",
        "name": "N.G. Nursing Home",
        "source": "OpenGovernmentData",
        "osm_id": 7065868617
      }
    },
    {
      "type": "Feature",
      "geometry": {
        "type": "Point",
        "coordinates": [
          88.3545157,
          22.5185965
        ]
      },
      "properties": {
        "addr:district": "Kolkata",
        "addr:full": "6 A, Sarat Bose Road, near Deshapriya Park E",
        "addr:postcode": "700029",
        "addr:state": "West Bengal",
        "amenity": "hospital",
        "healthcare": "hospital",
        "healthcare:speciality": "ophthalmology",
        "name": "Nemesis Eye Centre",
        "source": "OpenGovernmentData",
        "osm_id": 7065868649
      }
    },
    {
      "type": "Feature",
      "geometry": {
        "type": "Point",
        "coordinates": [
          88.392359,
          22.5669126
        ]
      },
      "properties": {
        "addr:district": "Kolkata",
        "addr:full": "11/A, Abinash Chandra Banerjee Lane",
        "addr:postcode": "700010",
        "addr:state": "West Bengal",
        "amenity": "clinic",
        "email": "info@divinenursinghome.com",
        "healthcare": "clinic",
        "name": "Divine Nursing Home",
        "operator:type": "private",
        "source": "OpenGovernmentData",
        "osm_id": 7065868651
      }
    },
    {
      "type": "Feature",
      "geometry": {
        "type": "Point",
        "coordinates": [
          88.3045549,
          22.4573942
        ]
      },
      "properties": {
        "addr:district": "Kolkata",
        "addr:full": "8A, Diamond Harbour Road Thakurpukur",
        "addr:postcode": "700063",
        "addr:state": "West Bengal",
        "amenity": "hospital",
        "healthcare": "hospital",
        "name": "Bangur Medicare Research Institute",
        "source": "OpenGovernmentData",
        "osm_id": 7065868655
      }
    },
    {
      "type": "Feature",
      "geometry": {
        "type": "Point",
        "coordinates": [
          88.3447391,
          22.5030685
        ]
      },
      "properties": {
        "addr:district": "Kolkata",
        "addr:full": "40, Deshapran Sashmal Road , Lake Gardens",
        "addr:postcode": "700033",
        "addr:state": "West Bengal",
        "amenity": "hospital",
        "healthcare": "hospital",
        "name": "RSV Hospital",
        "source": "OpenGovernmentData",
        "website": "https://rsvhospital.com/",
        "osm_id": 7065871405
      }
    },
    {
      "type": "Feature",
      "geometry": {
        "type": "Point",
        "coordinates": [
          88.3525456,
          22.5133932
        ]
      },
      "properties": {
        "addr:district": "Kolkata",
        "addr:full": "97A,1st Floor,Southern Avenue,Sarat Bose Road",
        "addr:postcode": "700029",
        "addr:state": "West Bengal",
        "amenity": "clinic",
        "healthcare": "clinic",
        "name": "Amri Medical Centre",
        "source": "OpenGovernmentData",
        "osm_id": 7065871410
      }
    },
    {
      "type": "Feature",
      "geometry": {
        "type": "Point",
        "coordinates": [
          88.3922598,
          22.5137686
        ]
      },
      "properties": {
        "addr:district": "Kolkata",
        "addr:full": "418, Rajdanga Main Road,Block DD",
        "addr:postcode": "700107",
        "addr:state": "West Bengal",
        "amenity": "hospital",
        "contact:phone": "3324418223",
        "healthcare": "hospital",
        "name": "Amrapali Medical Center and Nursing Home Pvt Ltd",
        "source": "OpenGovernmentData",
        "osm_id": 7065871411
      }
    },
    {
      "type": "Feature",
      "geometry": {
        "type": "Point",
        "coordinates": [
          88.3617255,
          22.524196
        ]
      },
      "properties": {
        "addr:district": "Kolkata",
        "addr:full": "8B, Garcha First Lane, Ballygunge",
        "addr:postcode": "700019",
        "addr:state": "West Bengal",
        "amenity": "hospital",
        "check_date": "2023-12-16",
        "contact:mobile": "8017306599",
        "contact:phone": "3366037324",
        "healthcare": "hospital",
        "name": "All Asia Medical Institute",
        "operator:type": "private",
        "source": "OpenGovernmentData",
        "website": "https://www.aamihospitals.com/",
        "osm_id": 7065871417
      }
    },
    {
      "type": "Feature",
      "geometry": {
        "type": "Point",
        "coordinates": [
          88.3732912,
          22.5111409
        ]
      },
      "properties": {
        "addr:district": "Kolkata",
        "addr:full": "13, Sarat Ghosh Garden Road",
        "addr:postcode": "700031",
        "addr:state": "West Bengal",
        "amenity": "hospital",
        "contact:phone": "24152038",
        "healthcare": "hospital",
        "name": "Dhakuria Sree Ramkrishna Sebasram",
        "source": "OpenGovernmentData",
        "osm_id": 7065871453
      }
    },
    {
      "type": "Feature",
      "geometry": {
        "type": "Point",
        "coordinates": [
          88.3456953,
          22.5203148
        ]
      },
      "properties": {
        "addr:district": "Kolkata",
        "addr:full": "21B, Sadananda Road,Kali Temple Road",
        "addr:postcode": "700026",
        "addr:state": "West Bengal",
        "amenity": "clinic",
        "healthcare": "clinic",
        "name": "Ashutosh Nursing Home",
        "source": "OpenGovernmentData",
        "osm_id": 7068297492
      }
    },
    {
      "type": "Feature",
      "geometry": {
        "type": "Point",
        "coordinates": [
          88.3214565,
          22.5177264
        ]
      },
      "properties": {
        "addr:district": "Kolkata",
        "addr:full": "1, Diamond Harbour Road, Majerhat",
        "addr:postcode": "700053",
        "addr:state": "West Bengal",
        "amenity": "hospital",
        "email": "calport@kolkataporttrust.gov.in",
        "healthcare": "hospital",
        "name": "Kolkata Port Trust Centenary Hospital",
        "phone": "(91-33) 2230-3451",
        "source": "OpenGovernmentData",
        "website": "https://www.kolkataporttrust.gov.in/",
        "osm_id": 7068409204
      }
    },
    {
      "type": "Feature",
      "geometry": {
        "type": "Point",
        "coordinates": [
          88.3714922,
          22.5400643
        ]
      },
      "properties": {
        "addr:district": "Kolkata",
        "addr:full": "94A Dilkusha Street Dilkusha Street",
        "addr:postcode": "700017",
        "addr:state": "West Bengal",
        "amenity": "clinic",
        "contact:phone": "3322404318",
        "healthcare": "clinic",
        "name": "Dilkusha Nursing Home",
        "source": "OpenGovernmentData",
        "osm_id": 7068409205
      }
    },
    {
      "type": "Feature",
      "geometry": {
        "type": "Point",
        "coordinates": [
          87.915367,
          22.2921282
        ]
      },
      "properties": {
        "addr:district": "Medinipur East",
        "addr:full": "Padumbasan Tamiuk,Purba Medinipur",
        "addr:postcode": "721636",
        "addr:state": "West Bengal",
        "amenity": "clinic",
        "name": "Mas Clinic And Hospital",
        "source": "OpenGovernmentData",
        "osm_id": 7068409206
      }
    },
    {
      "type": "Feature",
      "geometry": {
        "type": "Point",
        "coordinates": [
          88.3587602,
          22.5710004
        ]
      },
      "properties": {
        "addr:district": "Kolkata",
        "addr:full": "# 70, Chittaranjan Avenue",
        "addr:postcode": "700012",
        "addr:state": "West Bengal",
        "amenity": "clinic",
        "contact:phone": "3324751418",
        "healthcare": "clinic",
        "name": "Arham Clinics",
        "name:en": "Arham Clinics",
        "source": "OpenGovernmentData",
        "osm_id": 7068409247
      }
    },
    {
      "type": "Feature",
      "geometry": {
        "type": "Point",
        "coordinates": [
          88.3762866,
          22.5832265
        ]
      },
      "properties": {
        "addr:district": "Kolkata",
        "addr:full": "58/1S, Raja Dinendra Street",
        "addr:postcode": "700006",
        "addr:state": "West Bengal",
        "amenity": "hospital",
        "healthcare": "hospital",
        "name": "Jitendra Narayan Ray Hospital",
        "source": "OpenGovernmentData",
        "osm_id": 7068409266
      }
    },
    {
      "type": "Feature",
      "geometry": {
        "type": "Point",
        "coordinates": [
          87.9194554,
          22.2832939
        ]
      },
      "properties": {
        "addr:district": "Medinipur East",
        "addr:full": "Sankarara : Tamluk",
        "addr:postcode": "721636",
        "addr:state": "West Bengal",
        "amenity": "clinic",
        "name": "Matangini Nursing Home,Tamluk",
        "source": "OpenGovernmentData",
        "osm_id": 7068409281
      }
    },
    {
      "type": "Feature",
      "geometry": {
        "type": "Point",
        "coordinates": [
          88.0145048,
          22.5695008
        ]
      },
      "properties": {
        "addr:district": "Howrah",
        "addr:full": "Amta",
        "addr:postcode": "711416",
        "addr:state": "West Bengal",
        "amenity": "clinic",
        "contact:phone": "3214265080",
        "name": "Star Nursing Home",
        "source": "OpenGovernmentData",
        "osm_id": 7068409680
      }
    },
    {
      "type": "Feature",
      "geometry": {
        "type": "Point",
        "coordinates": [
          88.3711521,
          22.5223254
        ]
      },
      "properties": {
        "addr:district": "Kolkata",
        "addr:full": "227/A, Rashbehari Avenue",
        "addr:postcode": "700019",
        "addr:state": "West Bengal",
        "amenity": "hospital",
        "contact:phone": "32914212",
        "healthcare": "hospital",
        "name": "Mood",
        "source": "OpenGovernmentData",
        "osm_id": 7068429387
      }
    },
    {
      "type": "Feature",
      "geometry": {
        "type": "Point",
        "coordinates": [
          88.3904962,
          22.4848844
        ]
      },
      "properties": {
        "addr:district": "Kolkata",
        "addr:full": "1219, Survey Park, Sammilani Park Road,Santoshpur",
        "addr:postcode": "700075",
        "addr:state": "West Bengal",
        "amenity": "hospital",
        "contact:phone": "3324164555",
        "healthcare": "hospital",
        "name": "Apex Institute Of Medical Sciences",
        "source": "OpenGovernmentData",
        "website": "https://www.apeximskolkata.com/",
        "osm_id": 7068614354
      }
    },
    {
      "type": "Feature",
      "geometry": {
        "type": "Point",
        "coordinates": [
          88.1871003,
          22.4873919
        ]
      },
      "properties": {
        "addr:district": "South 24 Parganas",
        "addr:full": "Mahatma Gandhi Road,Chowrasta,Budge",
        "addr:postcode": "700137",
        "addr:state": "West Bengal",
        "amenity": "clinic",
        "name": "Arti Nursing Home",
        "source": "OpenGovernmentData",
        "osm_id": 7068614355
      }
    },
    {
      "type": "Feature",
      "geometry": {
        "type": "Point",
        "coordinates": [
          88.3260045,
          22.5859742
        ]
      },
      "properties": {
        "addr:district": "Howrah",
        "addr:full": "100,Deshpran Shasmal Road",
        "addr:postcode": "711101",
        "addr:state": "West Bengal",
        "amenity": "clinic",
        "healthcare": "clinic",
        "name": "Arcadia Nursing Home [Pvt.] Ltd.",
        "source": "OpenGovernmentData",
        "osm_id": 7068614360
      }
    },
    {
      "type": "Feature",
      "geometry": {
        "type": "Point",
        "coordinates": [
          88.3387953,
          22.5026069
        ]
      },
      "properties": {
        "addr:district": "Kolkata",
        "addr:full": "71, Tollyganj Circular Road",
        "addr:postcode": "700053",
        "addr:state": "West Bengal",
        "amenity": "hospital",
        "contact:phone": "03324000684;24000681",
        "healthcare": "hospital",
        "name": "Arogya Maternity and Nursing Home",
        "source": "OpenGovernmentData",
        "osm_id": 7068614368
      }
    },
    {
      "type": "Feature",
      "geometry": {
        "type": "Point",
        "coordinates": [
          88.3539256,
          22.5866107
        ]
      },
      "properties": {
        "addr:district": "Kolkata",
        "addr:full": "55, Kalikrishna Tagore Street",
        "addr:postcode": "700007",
        "addr:state": "West Bengal",
        "amenity": "hospital",
        "healthcare": "hospital",
        "name": "Asharam Bhiwaniwala Hospital",
        "source": "OpenGovernmentData",
        "osm_id": 7068631608
      }
    },
    {
      "type": "Feature",
      "geometry": {
        "type": "Point",
        "coordinates": [
          88.2704237,
          22.5673073
        ]
      },
      "properties": {
        "addr:district": "Howrah",
        "addr:full": "Andul Road",
        "addr:postcode": "711109",
        "addr:state": "West Bengal",
        "amenity": "hospital",
        "emergency": "yes",
        "name": "N H Narayana Multispeciality Hospital",
        "source": "OpenGovernmentData",
        "osm_id": 7068798167
      }
    },
    {
      "type": "Feature",
      "geometry": {
        "type": "Point",
        "coordinates": [
          88.343991,
          22.5366525
        ]
      },
      "properties": {
        "addr:district": "Kolkata",
        "addr:full": "42/IA,Harish Mulherjee Road, Elgin Road",
        "addr:housenumber": "42/1a",
        "addr:postcode": "700020",
        "addr:state": "West Bengal",
        "addr:street": "Harish Mukherjee Road",
        "amenity": "hospital",
        "check_date": "2023-10-28",
        "email": "info@khfindia.com",
        "healthcare": "hospital",
        "healthcare:speciality": "cardiology",
        "name": "Kolkata Heart Foundation",
        "opening_hours": "10:00-20:00",
        "source": "OpenGovernmentData",
        "website": "https://www.drkunalsarkar.com/appointment/",
        "osm_id": 7068798177
      }
    },
    {
      "type": "Feature",
      "geometry": {
        "type": "Point",
        "coordinates": [
          88.3525617,
          22.5233166
        ]
      },
      "properties": {
        "addr:district": "Kolkata",
        "addr:full": "114B, Sarat Bose Road, Opposite Shishu Mangal Hospital",
        "addr:postcode": "700029",
        "addr:state": "West Bengal",
        "amenity": "hospital",
        "healthcare": "hospital",
        "name": "Calcutta Heart Research Center",
        "source": "OpenGovernmentData",
        "osm_id": 7068798178
      }
    },
    {
      "type": "Feature",
      "geometry": {
        "type": "Point",
        "coordinates": [
          88.3687308,
          22.5304401
        ]
      },
      "properties": {
        "addr:district": "Kolkata",
        "addr:full": "20/C, Broad Street,(Ballygunge)",
        "addr:housenumber": "32",
        "addr:postcode": "700019",
        "addr:state": "West Bengal",
        "addr:street": "Old Balligunge 1st Lane",
        "amenity": "clinic",
        "check_date": "2023-12-16",
        "contact:phone": "22871442",
        "healthcare": "clinic",
        "name": "Repose Clinic and Research Centre Pvt. Ltd.",
        "operator:type": "private",
        "source": "OpenGovernmentData",
        "osm_id": 7068848793
      }
    },
    {
      "type": "Feature",
      "geometry": {
        "type": "Point",
        "coordinates": [
          87.8586039,
          22.0893298
        ]
      },
      "properties": {
        "addr:district": "Medinipur East",
        "addr:full": "Vill-Kalikakhali, P.O Math-Chandipur, P.S Chandipur",
        "addr:postcode": "721659",
        "addr:state": "West Bengal",
        "amenity": "clinic",
        "name": "Mother Nursing Home, Medinipur East",
        "source": "OpenGovernmentData",
        "osm_id": 7068848810
      }
    },
    {
      "type": "Feature",
      "geometry": {
        "type": "Point",
        "coordinates": [
          88.4080387,
          22.5877134
        ]
      },
      "properties": {
        "addr:district": "Kolkata",
        "addr:full": "Block Dc, 1st Floor, City Centre, Salt Lake City",
        "addr:postcode": "700064",
        "addr:state": "West Bengal",
        "amenity": "clinic",
        "healthcare": "clinic",
        "name": "The Apollo Clinic",
        "source": "OpenGovernmentData",
        "osm_id": 7068848849
      }
    },
    {
      "type": "Feature",
      "geometry": {
        "type": "Point",
        "coordinates": [
          88.1860912,
          22.2040455
        ]
      },
      "properties": {
        "addr:district": "South 24 Parganas",
        "addr:full": "Kapat Hat, Diamod Harbour",
        "addr:postcode": "743331",
        "addr:state": "West Bengal",
        "amenity": "clinic",
        "name": "Dr. Baidya's Nursing Home",
        "source": "OpenGovernmentData",
        "osm_id": 7068848855
      }
    },
    {
      "type": "Feature",
      "geometry": {
        "type": "Point",
        "coordinates": [
          88.3632544,
          22.5197226
        ]
      },
      "properties": {
        "addr:district": "Kolkata",
        "addr:full": "2B, Ramani Chaterjee Road",
        "addr:postcode": "700029",
        "addr:state": "West Bengal",
        "amenity": "clinic",
        "check_date": "2023-12-16",
        "healthcare": "clinic",
        "internet_access": "wlan",
        "internet_access:fee": "customers",
        "name": "Grandview Nursing Home",
        "operator:type": "private",
        "payment:cash": "yes",
        "payment:mastercard": "yes",
        "payment:visa": "yes",
        "source": "OpenGovernmentData",
        "wheelchair": "yes",
        "osm_id": 7069043469
      }
    },
    {
      "type": "Feature",
      "geometry": {
        "type": "Point",
        "coordinates": [
          88.9163815,
          22.5686798
        ]
      },
      "properties": {
        "addr:district": "North 24 Parganas",
        "addr:full": "P.S.Hasnabad,Martin Road",
        "addr:postcode": "743426",
        "addr:state": "West Bengal",
        "amenity": "hospital",
        "name": "Matrisadan Nursing Home",
        "source": "OpenGovernmentData",
        "osm_id": 7069043470
      }
    },
    {
      "type": "Feature",
      "geometry": {
        "type": "Point",
        "coordinates": [
          88.3524887,
          22.5207604
        ]
      },
      "properties": {
        "addr:district": "Kolkata",
        "addr:full": "105, Manoharpukur Road",
        "addr:postcode": "700029",
        "addr:state": "West Bengal",
        "amenity": "hospital",
        "contact:phone": "03324668529;24197326",
        "healthcare": "hospital",
        "healthcare:speciality": "ophthalmology",
        "name": "Amulya Jyoti Eye Foundation",
        "source": "OpenGovernmentData",
        "website": "https://amulyajyoti.org/",
        "osm_id": 7069051085
      }
    },
    {
      "type": "Feature",
      "geometry": {
        "type": "Point",
        "coordinates": [
          88.4231722,
          22.5847892
        ]
      },
      "properties": {
        "addr:city": "Bidhannagar",
        "addr:district": "Kolkata",
        "addr:full": "Dk - 7/3,3rd Avenue Road,Salt Lake City",
        "addr:postcode": "700091",
        "addr:state": "West Bengal",
        "amenity": "hospital",
        "emergency": "yes",
        "healthcare": "hospital",
        "name": "Anandalok Hospital, Salt Lake City",
        "source": "OpenGovernmentData",
        "wikidata": "Q4751335",
        "wikipedia": "en:Anandalok Hospital",
        "osm_id": 7069051103
      }
    },
    {
      "type": "Feature",
      "geometry": {
        "type": "Point",
        "coordinates": [
          88.3418547,
          22.5919035
        ]
      },
      "properties": {
        "addr:district": "Howrah",
        "addr:full": "11/12, Burnt Salt Gola Lane",
        "addr:postcode": "711101",
        "addr:state": "West Bengal",
        "amenity": "hospital",
        "contact:phone": "3326661768",
        "healthcare": "hospital",
        "name": "Anjali Eye Center",
        "source": "OpenGovernmentData",
        "website": "https://drnavingupta.com/",
        "osm_id": 7069051117
      }
    },
    {
      "type": "Feature",
      "geometry": {
        "type": "Point",
        "coordinates": [
          87.9233607,
          22.2782816
        ]
      },
      "properties": {
        "addr:district": "Medinipur East",
        "addr:full": "Tamlok Hospital,Purba Midnapur, Tamluk",
        "addr:postcode": "721137",
        "addr:state": "West Bengal",
        "amenity": "hospital",
        "contact:phone": "9163686495",
        "name": "Sunayan Eye care and Research Center",
        "source": "OpenGovernmentData",
        "osm_id": 7069092133
      }
    },
    {
      "type": "Feature",
      "geometry": {
        "type": "Point",
        "coordinates": [
          88.363941,
          22.5252905
        ]
      },
      "properties": {
        "addr:district": "Kolkata",
        "addr:full": "51-B, Garcha Road",
        "addr:housenumber": "54/1 A",
        "addr:postcode": "700019",
        "addr:state": "West Bengal",
        "addr:street": "Hazra Road",
        "amenity": "hospital",
        "check_date": "2023-12-16",
        "healthcare": "hospital",
        "name": "Micro Surgery Day Centre",
        "source": "OpenGovernmentData",
        "osm_id": 7069095504
      }
    },
    {
      "type": "Feature",
      "geometry": {
        "type": "Point",
        "coordinates": [
          88.3606895,
          22.5837064
        ]
      },
      "properties": {
        "addr:district": "Howrah",
        "addr:full": "116, Rajballav Saha Lane",
        "addr:postcode": "711101",
        "addr:state": "West Bengal",
        "amenity": "hospital",
        "healthcare": "hospital",
        "name": "Mitra Snagh Hospital",
        "source": "OpenGovernmentData",
        "osm_id": 7069095510
      }
    },
    {
      "type": "Feature",
      "geometry": {
        "type": "Point",
        "coordinates": [
          88.3934138,
          22.5767533
        ]
      },
      "properties": {
        "addr:district": "Kolkata",
        "addr:full": "2C, Motilal Basak Lane, Phoolbagan, Kankurgachi",
        "addr:postcode": "700054",
        "addr:state": "West Bengal",
        "amenity": "clinic",
        "healthcare": "clinic",
        "name": "Charring Cross Nursing Home",
        "source": "OpenGovernmentData",
        "osm_id": 7069095515
      }
    },
    {
      "type": "Feature",
      "geometry": {
        "type": "Point",
        "coordinates": [
          88.404779,
          22.465116
        ]
      },
      "properties": {
        "addr:district": "South 24 Parganas",
        "addr:full": "Balia Middle Town, Garia",
        "addr:postcode": "700084",
        "addr:state": "West Bengal",
        "amenity": "hospital",
        "healthcare": "hospital",
        "healthcare:speciality": "ophthalmology;optometry",
        "name": "Namita Biswas Memorial Eye Hospital",
        "source": "OpenGovernmentData",
        "osm_id": 7069095521
      }
    },
    {
      "type": "Feature",
      "geometry": {
        "type": "Point",
        "coordinates": [
          88.3689896,
          22.5901136
        ]
      },
      "properties": {
        "addr:district": "Kolkata",
        "addr:full": "168, Bidhan Sarani",
        "addr:postcode": "700006",
        "addr:state": "West Bengal",
        "amenity": "clinic",
        "contact:phone": "3325558034",
        "health_facility:type": "dispensary",
        "healthcare": "centre",
        "name": "CGHS Dispensary, Bidhan Sarani",
        "operator:type": "government",
        "source": "OpenGovernmentData",
        "website": "http://nb.bsf.gov.in/CGHS%20DIspenseries.pdf",
        "osm_id": 7069095522
      }
    },
    {
      "type": "Feature",
      "geometry": {
        "type": "Point",
        "coordinates": [
          88.321133,
          22.5641763
        ]
      },
      "properties": {
        "addr:district": "Howrah",
        "addr:full": "285/1, G. T Road, (South) , Shibpur",
        "addr:postcode": "711102",
        "addr:state": "West Bengal",
        "amenity": "hospital",
        "healthcare": "hospital",
        "name": "Mandelia Maternity and Nursing Home",
        "source": "OpenGovernmentData",
        "osm_id": 7069095553
      }
    },
    {
      "type": "Feature",
      "geometry": {
        "type": "Point",
        "coordinates": [
          88.3480369,
          22.5200298
        ]
      },
      "properties": {
        "addr:district": "Kolkata",
        "addr:full": "2,Greek Church Row Kalighat",
        "addr:postcode": "700026",
        "addr:state": "West Bengal",
        "amenity": "hospital",
        "healthcare": "hospital",
        "name": "Palm Springs",
        "source": "OpenGovernmentData",
        "osm_id": 7069095554
      }
    },
    {
      "type": "Feature",
      "geometry": {
        "type": "Point",
        "coordinates": [
          88.3622351,
          22.5622368
        ]
      },
      "properties": {
        "addr:district": "Kolkata",
        "addr:full": "139 A, Lenin Sarani",
        "addr:postcode": "700013",
        "addr:state": "West Bengal",
        "amenity": "hospital",
        "check_date": "2026-03-22",
        "email": "info@gddihealthcare.com",
        "healthcare": "hospital",
        "healthcare:speciality": "diabetology",
        "name": "GD Hospital and Diabetes Institute",
        "operator:type": "private",
        "source": "OpenGovernmentData",
        "website": "https://www.gddihealthcare.com",
        "osm_id": 7069095555
      }
    },
    {
      "type": "Feature",
      "geometry": {
        "type": "Point",
        "coordinates": [
          88.0934443,
          22.484426
        ]
      },
      "properties": {
        "addr:district": "Howrah",
        "addr:full": "Near Esi Hospital,Uluberia",
        "addr:postcode": "711316",
        "addr:state": "West Bengal",
        "amenity": "clinic",
        "name": "Blue- View Nursing Home",
        "source": "OpenGovernmentData",
        "osm_id": 7069095556
      }
    },
    {
      "type": "Feature",
      "geometry": {
        "type": "Point",
        "coordinates": [
          88.3934359,
          22.4873268
        ]
      },
      "properties": {
        "addr:district": "Kolkata",
        "addr:full": "1050/1, Eastern Metropolitan Bypass, Survey Park, Santoshpur",
        "addr:postcode": "700075",
        "addr:state": "West Bengal",
        "amenity": "hospital",
        "contact:phone": "3324188223",
        "healthcare": "hospital",
        "name": "Sunetra Eye and Family Care Centre",
        "source": "OpenGovernmentData",
        "osm_id": 7069095563
      }
    },
    {
      "type": "Feature",
      "geometry": {
        "type": "Point",
        "coordinates": [
          88.3581018,
          22.5842853
        ]
      },
      "properties": {
        "addr:district": "Kolkata",
        "addr:full": "228, Rabindra Sarani, Burrabazar",
        "addr:postcode": "700007",
        "addr:state": "West Bengal",
        "amenity": "hospital",
        "healthcare": "hospital",
        "name": "Matri Mangal Pratishthan",
        "source": "OpenGovernmentData",
        "osm_id": 7069095565
      }
    },
    {
      "type": "Feature",
      "geometry": {
        "type": "Point",
        "coordinates": [
          87.8611093,
          22.0895115
        ]
      },
      "properties": {
        "addr:district": "Medinipur East",
        "addr:full": "Vill - Erashal , P.O - Math Chandipur ( Chandipur )",
        "addr:postcode": "721659",
        "addr:state": "West Bengal",
        "amenity": "clinic",
        "name": "Jankalyan Nursing Home",
        "source": "OpenGovernmentData",
        "osm_id": 7069112396
      }
    },
    {
      "type": "Feature",
      "geometry": {
        "type": "Point",
        "coordinates": [
          88.3736607,
          22.5985716
        ]
      },
      "properties": {
        "addr:district": "Kolkata",
        "addr:full": "5, Shibdas Bhaduri Street, Shyambazar",
        "addr:postcode": "700004",
        "addr:state": "West Bengal",
        "amenity": "clinic",
        "healthcare": "clinic",
        "name": "Nabajiban Hospital Pvt Ltd",
        "source": "OpenGovernmentData",
        "osm_id": 7069112401
      }
    },
    {
      "type": "Feature",
      "geometry": {
        "type": "Point",
        "coordinates": [
          88.3618113,
          22.5410414
        ]
      },
      "properties": {
        "addr:district": "Kolkata",
        "addr:full": "14, Circus Avenue",
        "addr:postcode": "700017",
        "addr:state": "West Bengal",
        "amenity": "hospital",
        "check_date": "2026-03-22",
        "healthcare": "hospital",
        "name": "East End Nursing Home",
        "source": "OpenGovernmentData",
        "osm_id": 7069112434
      }
    },
    {
      "type": "Feature",
      "geometry": {
        "type": "Point",
        "coordinates": [
          88.2873284,
          22.5494919
        ]
      },
      "properties": {
        "addr:district": "Kolkata",
        "addr:full": "B -79 , Iron Gate Road",
        "addr:postcode": "700024",
        "addr:state": "West Bengal",
        "addr:street": "Iron Gate Road",
        "amenity": "clinic",
        "name": "Garden Reach Nursing Home",
        "source": "OpenGovernmentData",
        "osm_id": 7069112463
      }
    },
    {
      "type": "Feature",
      "geometry": {
        "type": "Point",
        "coordinates": [
          88.3776719,
          22.4712333
        ]
      },
      "properties": {
        "addr:district": "Kolkata",
        "addr:full": "279, Kendua Main Road, P.O Garia",
        "addr:postcode": "700084",
        "addr:state": "West Bengal",
        "amenity": "hospital",
        "email": "brws@cal.vsnl.net.in",
        "healthcare": "hospital",
        "name": "BRWS Hospital",
        "operator:type": "private",
        "source": "OpenGovernmentData",
        "osm_id": 7069112469
      }
    },
    {
      "type": "Feature",
      "geometry": {
        "type": "Point",
        "coordinates": [
          87.9181378,
          22.2864402
        ]
      },
      "properties": {
        "addr:district": "Medinipur East",
        "addr:full": "Hospital More , Tamluk",
        "addr:postcode": "721453",
        "addr:state": "West Bengal",
        "amenity": "hospital",
        "name": "Victoria Hospital, Medinipur East",
        "source": "OpenGovernmentData",
        "osm_id": 7069117890
      }
    },
    {
      "type": "Feature",
      "geometry": {
        "type": "Point",
        "coordinates": [
          88.3705661,
          22.5392157
        ]
      },
      "properties": {
        "addr:city": "Kolkata",
        "addr:district": "Kolkata",
        "addr:full": "6, Dr, Biresh Guha Street, Near Park Circus, 4 No Bridge",
        "addr:postcode": "700017",
        "addr:state": "West Bengal",
        "amenity": "hospital",
        "contact:phone": "22810200",
        "healthcare": "hospital",
        "name": "Good Samaritan Hospital",
        "source": "OpenGovernmentData",
        "osm_id": 7069117897
      }
    },
    {
      "type": "Feature",
      "geometry": {
        "type": "Point",
        "coordinates": [
          88.3013537,
          22.4578645
        ]
      },
      "properties": {
        "addr:district": "South 24 Parganas",
        "addr:full": "Joka,Bakra Hat Road,Near Check Post",
        "addr:postcode": "700104",
        "addr:state": "West Bengal",
        "amenity": "clinic",
        "healthcare": "clinic",
        "name": "Gay-Land Nursing Home",
        "source": "OpenGovernmentData",
        "osm_id": 7069117921
      }
    },
    {
      "type": "Feature",
      "geometry": {
        "type": "Point",
        "coordinates": [
          88.184053,
          22.2117627
        ]
      },
      "properties": {
        "addr:district": "Diamond Harbour",
        "addr:full": "Parulia More , Kapat Hat(D.H,=.)",
        "addr:postcode": "743331",
        "addr:state": "West Bengal",
        "amenity": "hospital",
        "name": "Chikitsha Maternity and Nursing Home",
        "source": "OpenGovernmentData",
        "osm_id": 7070928690
      }
    },
    {
      "type": "Feature",
      "geometry": {
        "type": "Point",
        "coordinates": [
          88.4411815,
          21.9915175
        ]
      },
      "properties": {
        "addr:district": "South 24 Parganas",
        "addr:full": "Raidigi South 24 Pgs, Po.Raidigi",
        "addr:postcode": "743383",
        "addr:state": "West Bengal",
        "amenity": "clinic",
        "name": "Suraksha Diagnostic Centre",
        "source": "OpenGovernmentData",
        "osm_id": 7070928695
      }
    },
    {
      "type": "Feature",
      "geometry": {
        "type": "Point",
        "coordinates": [
          88.1368456,
          22.080282
        ]
      },
      "properties": {
        "addr:district": "Medinipur East",
        "addr:full": "Hpl Link Road Basudev Pur, Khajanchoke Midnapore Haldia",
        "addr:postcode": "721602",
        "addr:state": "West Bengal",
        "amenity": "clinic",
        "healthcare": "clinic",
        "name": "Sab Nursing Home",
        "source": "OpenGovernmentData",
        "osm_id": 7070928704
      }
    },
    {
      "type": "Feature",
      "geometry": {
        "type": "Point",
        "coordinates": [
          88.3710073,
          22.5213682
        ]
      },
      "properties": {
        "addr:district": "Kolkata",
        "addr:full": "227 A,Rash Behari Avenue",
        "addr:postcode": "700019",
        "addr:state": "West Bengal",
        "amenity": "hospital",
        "healthcare": "hospital",
        "name": "The Medicure, Kolkata",
        "source": "OpenGovernmentData",
        "osm_id": 7071390530
      }
    },
    {
      "type": "Feature",
      "geometry": {
        "type": "Point",
        "coordinates": [
          88.3035014,
          22.5858477
        ]
      },
      "properties": {
        "addr:district": "Howrah",
        "addr:full": "43/5, Nani Villa, Ramcharan Seth Road, Santragachi More, Ramrajatala, Baruipara",
        "addr:postcode": "711104",
        "addr:state": "West Bengal",
        "amenity": "hospital",
        "healthcare": "hospital",
        "name": "S.C. Bagchi Arogya Sadan Pvt.Ltd.",
        "source": "OpenGovernmentData",
        "osm_id": 7071390546
      }
    },
    {
      "type": "Feature",
      "geometry": {
        "type": "Point",
        "coordinates": [
          88.3182228,
          22.5002449
        ]
      },
      "properties": {
        "addr:city": "Behala",
        "addr:district": "Kolkata",
        "addr:full": ", Sorin Roy Road Behala",
        "addr:postcode": "700034",
        "addr:state": "West Bengal",
        "addr:street": "Sorin Roy Road",
        "amenity": "clinic",
        "healthcare": "clinic",
        "name": "Pratihar Nursing Home",
        "source": "OpenGovernmentData",
        "osm_id": 7071390578
      }
    },
    {
      "type": "Feature",
      "geometry": {
        "type": "Point",
        "coordinates": [
          88.379239,
          22.5155247
        ]
      },
      "properties": {
        "addr:district": "Kolkata",
        "addr:full": "183/3,Banku Bihari Chatterjee Road",
        "addr:postcode": "700042",
        "addr:state": "West Bengal",
        "amenity": "clinic",
        "contact:phone": "3324412121",
        "healthcare": "clinic",
        "name": "Revival Nursing Home",
        "source": "OpenGovernmentData",
        "osm_id": 7071431259
      }
    },
    {
      "type": "Feature",
      "geometry": {
        "type": "Point",
        "coordinates": [
          87.981038,
          22.1878875
        ]
      },
      "properties": {
        "addr:district": "Medinipur East",
        "addr:full": "Manishadal(Hospital More)",
        "addr:postcode": "721628",
        "addr:state": "West Bengal",
        "amenity": "hospital",
        "name": "Binodini Matri Seva Sadan Nursing Home",
        "source": "OpenGovernmentData",
        "osm_id": 7071431260
      }
    },
    {
      "type": "Feature",
      "geometry": {
        "type": "Point",
        "coordinates": [
          88.3602614,
          22.5478931
        ]
      },
      "properties": {
        "addr:district": "Kolkata",
        "addr:full": "125/1 Park Street",
        "addr:postcode": "700017",
        "addr:state": "West Bengal",
        "amenity": "hospital",
        "check_date": "2026-03-22",
        "email": "email@momhospital.org",
        "healthcare": "hospital",
        "name": "Mission Of Mercy Hospital And Research Centre",
        "phone": "+91 983 600 8484",
        "source": "OpenGovernmentData",
        "website": "https://mercyhealthcare.org.in/",
        "osm_id": 7071458833
      }
    },
    {
      "type": "Feature",
      "geometry": {
        "type": "Point",
        "coordinates": [
          88.3748181,
          22.5833714
        ]
      },
      "properties": {
        "addr:district": "Kolkata",
        "addr:full": "259-A, Acharya Prafulla Chandra Road, Maniktala",
        "addr:postcode": "700006",
        "addr:state": "West Bengal",
        "amenity": "hospital",
        "healthcare": "hospital",
        "name": "The Leprosy Mission Permananda Memorial Leprosy Ho",
        "source": "OpenGovernmentData",
        "osm_id": 7071458839
      }
    },
    {
      "type": "Feature",
      "geometry": {
        "type": "Point",
        "coordinates": [
          87.8574776,
          22.1028792
        ]
      },
      "properties": {
        "addr:district": "Medinipur East",
        "addr:full": "Chandipur",
        "addr:postcode": "721659",
        "addr:state": "West Bengal",
        "amenity": "clinic",
        "name": "Chandipur Nursing Home",
        "source": "OpenGovernmentData",
        "osm_id": 7071458846
      }
    },
    {
      "type": "Feature",
      "geometry": {
        "type": "Point",
        "coordinates": [
          88.3749845,
          22.4830661
        ]
      },
      "properties": {
        "addr:district": "Kolkata",
        "addr:full": "Vidya Sagar Main Road,Ganguli Bagan",
        "addr:postcode": "700092",
        "addr:state": "West Bengal",
        "amenity": "hospital",
        "healthcare": "hospital",
        "name": "Baghajatin State General Hospital",
        "source": "OpenGovernmentData",
        "wikidata": "Q61453792",
        "osm_id": 7071466514
      }
    },
    {
      "type": "Feature",
      "geometry": {
        "type": "Point",
        "coordinates": [
          87.914382,
          22.2927249
        ]
      },
      "properties": {
        "addr:district": "Medinipur East",
        "addr:full": "Haldia - Tamluk - Mechada Road,Padumbasan",
        "addr:postcode": "721636",
        "addr:state": "West Bengal",
        "amenity": "clinic",
        "name": "New Vivekananda Nurshing Home",
        "source": "OpenGovernmentData",
        "osm_id": 7071466572
      }
    },
    {
      "type": "Feature",
      "geometry": {
        "type": "Point",
        "coordinates": [
          88.2322526,
          22.5847217
        ]
      },
      "properties": {
        "addr:district": "Howrah",
        "addr:full": "Andul Road,Chowdhuri Para",
        "addr:postcode": "711302",
        "addr:state": "West Bengal",
        "amenity": "clinic",
        "contact:phone": "26694373",
        "name": "Blue Bell Nursing Home",
        "source": "OpenGovernmentData",
        "osm_id": 7071466619
      }
    },
    {
      "type": "Feature",
      "geometry": {
        "type": "Point",
        "coordinates": [
          88.3046014,
          22.4556049
        ]
      },
      "properties": {
        "addr:district": "South 24 Parganas",
        "addr:full": "Diamond Harbour Road,3A Bus Stand, P.O-Joka",
        "addr:postcode": "700104",
        "addr:state": "West Bengal",
        "amenity": "hospital",
        "healthcare": "hospital",
        "name": "Kasturi Medical Centre Pvt Ltd",
        "source": "OpenGovernmentData",
        "website": "https://www.kasturimedicalcentre.com/",
        "osm_id": 7071466620
      }
    },
    {
      "type": "Feature",
      "geometry": {
        "type": "Point",
        "coordinates": [
          88.3588746,
          22.5211331
        ]
      },
      "properties": {
        "addr:district": "Kolkata",
        "addr:full": "Dover Lane GovernmentQrts",
        "addr:postcode": "700029",
        "addr:state": "West Bengal",
        "amenity": "clinic",
        "contact:phone": "3324619292",
        "health_facility:type": "dispensary",
        "healthcare": "centre",
        "name": "CGHS Dispensary, Dover Lane",
        "operator:type": "government",
        "source": "OpenGovernmentData",
        "website": "http://nb.bsf.gov.in/CGHS%20DIspenseries.pdf",
        "osm_id": 7071650031
      }
    },
    {
      "type": "Feature",
      "geometry": {
        "type": "Point",
        "coordinates": [
          88.3283292,
          22.5741097
        ]
      },
      "properties": {
        "addr:district": "Howrah",
        "addr:full": "138, G.T. Road (S) Opposite Howrah Jute Mills 1st Floor Shree Apartment Above Bajaj Scooter Show Room",
        "addr:postcode": "711102",
        "addr:state": "West Bengal",
        "amenity": "clinic",
        "contact:phone": "3326381777",
        "healthcare": "clinic",
        "name": "Medicare Clinic Pvt. Ltd.",
        "source": "OpenGovernmentData",
        "osm_id": 7071650042
      }
    },
    {
      "type": "Feature",
      "geometry": {
        "type": "Point",
        "coordinates": [
          88.3677826,
          22.5999558
        ]
      },
      "properties": {
        "addr:district": "Kolkata",
        "addr:full": "55/1, Bhupen Bose Avenue",
        "addr:postcode": "700004",
        "addr:state": "West Bengal",
        "amenity": "hospital",
        "check_date": "2023-10-30",
        "emergency": "yes",
        "healthcare": "hospital",
        "internet_access": "wlan",
        "internet_access:fee": "customers",
        "name": "Sterling Hospital, Kolkata",
        "opening_hours": "24/7",
        "operator:type": "private",
        "payment:cash": "yes",
        "payment:mastercard": "yes",
        "payment:visa": "yes",
        "phone": "033 2530 1313",
        "source": "OpenGovernmentData",
        "website": "https://g.co/kgs/6bBZS9",
        "wheelchair": "yes",
        "osm_id": 7071650047
      }
    },
    {
      "type": "Feature",
      "geometry": {
        "type": "Point",
        "coordinates": [
          88.3904963,
          22.5151731
        ]
      },
      "properties": {
        "addr:district": "North 24 Parganas",
        "addr:full": "200 , Rajdanga , Nabapally",
        "addr:postcode": "700126",
        "addr:state": "West Bengal",
        "amenity": "hospital",
        "email": "drmukherji@rediffmail.com",
        "healthcare": "hospital",
        "healthcare:speciality": "dental_oral_maxillo_facial_surgery",
        "name": "Calcutta Institute Of Maxill Ofacial Surgery and R",
        "phone": "+91 - 9830080174;03324412366;03340614227",
        "source": "OpenGovernmentData",
        "website": "https://www.kolkatamaxillofacial.com/",
        "osm_id": 7071650048
      }
    },
    {
      "type": "Feature",
      "geometry": {
        "type": "Point",
        "coordinates": [
          88.1864128,
          21.8677015
        ]
      },
      "properties": {
        "addr:district": "South 24 Parganas",
        "addr:full": "Subhas Nagar Kakdwip",
        "addr:postcode": "743347",
        "addr:state": "West Bengal",
        "amenity": "hospital",
        "contact:phone": "3210255555",
        "name": "Kakdwip Maternity and Nursing Home",
        "source": "OpenGovernmentData",
        "osm_id": 7071650049
      }
    },
    {
      "type": "Feature",
      "geometry": {
        "type": "Point",
        "coordinates": [
          88.28518,
          22.4849865
        ]
      },
      "properties": {
        "addr:district": "Kolkata",
        "addr:full": "Kolkata",
        "addr:postcode": "700001",
        "addr:state": "West Bengal",
        "amenity": "hospital",
        "name": "Netaji Eye Hospital",
        "source": "OpenGovernmentData",
        "osm_id": 7071650069
      }
    },
    {
      "type": "Feature",
      "geometry": {
        "type": "Point",
        "coordinates": [
          88.3102833,
          22.4708432
        ]
      },
      "properties": {
        "addr:district": "Kolkata",
        "addr:full": "617, D.H.Road, Kadamtala",
        "addr:postcode": "700063",
        "addr:state": "West Bengal",
        "amenity": "clinic",
        "contact:phone": "24976199",
        "healthcare": "clinic",
        "name": "Love Bailey Nursing Home",
        "source": "OpenGovernmentData",
        "osm_id": 7071650075
      }
    },
    {
      "type": "Feature",
      "geometry": {
        "type": "Point",
        "coordinates": [
          88.3636591,
          22.5065159
        ]
      },
      "properties": {
        "addr:district": "Kolkata",
        "addr:full": "127, Jodhpur Park",
        "addr:postcode": "700068",
        "addr:state": "West Bengal",
        "amenity": "clinic",
        "healthcare": "clinic",
        "name": "Jodhpur Park Nursing and Maternity Home Pvt Ltd",
        "source": "OpenGovernmentData",
        "osm_id": 7071650081
      }
    },
    {
      "type": "Feature",
      "geometry": {
        "type": "Point",
        "coordinates": [
          88.3710095,
          22.5395189
        ]
      },
      "properties": {
        "addr:district": "Kolkata",
        "addr:full": "7, Dr.Biresh Guha Street, Park Circus,4 No. Bridge",
        "addr:postcode": "700017",
        "addr:state": "West Bengal",
        "amenity": "hospital",
        "check_date": "2026-02-17",
        "contact:phone": "22895346;40116800",
        "healthcare": "hospital",
        "name": "TRA General Hospital - Kolkata",
        "source": "OpenGovernmentData",
        "website": "https://trageneralhospital.com/",
        "osm_id": 7071670270
      }
    },
    {
      "type": "Feature",
      "geometry": {
        "type": "Point",
        "coordinates": [
          88.2800968,
          22.5939709
        ]
      },
      "properties": {
        "addr:district": "Kolkata",
        "addr:full": "Government of India Press Colony,Santragachi, Howrah",
        "addr:state": "West Bengal",
        "amenity": "clinic",
        "contact:phone": "3326571526",
        "health_facility:type": "dispensary",
        "healthcare": "centre",
        "name": "CGHS Dispensary, Santragachi",
        "operator:type": "government",
        "source": "OpenGovernmentData",
        "website": "http://nb.bsf.gov.in/CGHS%20DIspenseries.pdf",
        "osm_id": 7071670281
      }
    },
    {
      "type": "Feature",
      "geometry": {
        "type": "Point",
        "coordinates": [
          88.3669069,
          22.5410681
        ]
      },
      "properties": {
        "addr:district": "Kolkata",
        "addr:full": "3 B , Congress Exhibition Road, Circus Avenue",
        "addr:postcode": "700017",
        "addr:state": "West Bengal",
        "amenity": "clinic",
        "healthcare": "clinic",
        "name": "Stallard Eye Clinic",
        "source": "OpenGovernmentData",
        "osm_id": 7071677009
      }
    },
    {
      "type": "Feature",
      "geometry": {
        "type": "Point",
        "coordinates": [
          88.3584841,
          22.5408036
        ]
      },
      "properties": {
        "addr:district": "Kolkata",
        "addr:full": "68, Ballygunge Circular Road",
        "addr:postcode": "700019",
        "addr:state": "West Bengal",
        "amenity": "hospital",
        "check_date": "2026-03-22",
        "healthcare": "hospital",
        "name": "Lions Club Of Calcutta",
        "source": "OpenGovernmentData",
        "osm_id": 7071677083
      }
    },
    {
      "type": "Feature",
      "geometry": {
        "type": "Point",
        "coordinates": [
          88.3049056,
          22.5113168
        ]
      },
      "properties": {
        "addr:district": "Kolkata",
        "addr:full": "P-516/1, Banamali Naskar Road, Parnasree Palli, Behala",
        "addr:postcode": "700060",
        "addr:state": "West Bengal",
        "amenity": "hospital",
        "check_date": "2025-12-28",
        "healthcare": "hospital",
        "name": "Vivekananda Hospital and Research Institute",
        "source": "OpenGovernmentData",
        "website": "http://www.vivekanandahospitalbehala.com/",
        "osm_id": 7071683907
      }
    },
    {
      "type": "Feature",
      "geometry": {
        "type": "Point",
        "coordinates": [
          88.2812016,
          22.5488373
        ]
      },
      "properties": {
        "addr:district": "Kolkata",
        "addr:full": "Q-39, S.A. Farooque Road, Metia Buruz, Garden Reach",
        "addr:postcode": "700024",
        "addr:state": "West Bengal",
        "amenity": "clinic",
        "name": "Ayub Ansari Nursing Home",
        "source": "OpenGovernmentData",
        "osm_id": 7071683913
      }
    },
    {
      "type": "Feature",
      "geometry": {
        "type": "Point",
        "coordinates": [
          88.3671007,
          22.5596522
        ]
      },
      "properties": {
        "addr:district": "Kolkata",
        "addr:full": "155/A,A J C Bose Road,Sealdah",
        "addr:postcode": "700014",
        "addr:state": "West Bengal",
        "amenity": "clinic",
        "check_date": "2026-03-22",
        "healthcare": "clinic",
        "name": "Rit-Tik Nursing Home",
        "source": "OpenGovernmentData",
        "osm_id": 7071683918
      }
    },
    {
      "type": "Feature",
      "geometry": {
        "type": "Point",
        "coordinates": [
          88.358423,
          22.4963257
        ]
      },
      "properties": {
        "addr:district": "Kolkata",
        "addr:full": "1/2/A/2, Uday Sankar Sarani Near Golf Green Door Darshan Kendra, South 24 Parganas",
        "addr:postcode": "700095",
        "addr:state": "West Bengal",
        "amenity": "hospital",
        "contact:phone": "3324224637",
        "healthcare": "hospital",
        "healthcare:speciality": "ophthalmology",
        "name": "Calcutta Lions Netra Niketan",
        "source": "OpenGovernmentData",
        "osm_id": 7071683932
      }
    },
    {
      "type": "Feature",
      "geometry": {
        "type": "Point",
        "coordinates": [
          88.3741294,
          22.5781464
        ]
      },
      "properties": {
        "addr:district": "Kolkata",
        "addr:full": "295/1, Acharya Prafulla Chandra Road",
        "addr:postcode": "700009",
        "addr:state": "West Bengal",
        "amenity": "hospital",
        "healthcare": "hospital",
        "healthcare:speciality": "ophthalmology",
        "name": "Dr. M. N. Chatterjee Memorial Eye Hospital",
        "source": "OpenGovernmentData",
        "osm_id": 7071683933
      }
    },
    {
      "type": "Feature",
      "geometry": {
        "type": "Point",
        "coordinates": [
          88.379223,
          22.4680074
        ]
      },
      "properties": {
        "addr:district": "South 24 Parganas",
        "addr:full": "173,Kanungo Park,Garia",
        "addr:postcode": "700084",
        "addr:state": "West Bengal",
        "amenity": "hospital",
        "healthcare": "hospital",
        "name": "Garia Eye Clinic and Micro Surgery Centre",
        "source": "OpenGovernmentData",
        "osm_id": 7071685696
      }
    },
    {
      "type": "Feature",
      "geometry": {
        "type": "Point",
        "coordinates": [
          88.3033307,
          22.5843828
        ]
      },
      "properties": {
        "addr:district": "Howrah",
        "addr:full": "1/6, Chowdhury Para Lane,Ichapur",
        "addr:postcode": "711104",
        "addr:state": "West Bengal",
        "amenity": "clinic",
        "healthcare": "clinic",
        "name": "Palview Nursing Home",
        "source": "OpenGovernmentData",
        "osm_id": 7071685698
      }
    },
    {
      "type": "Feature",
      "geometry": {
        "type": "Point",
        "coordinates": [
          88.3072391,
          22.4726658
        ]
      },
      "properties": {
        "addr:district": "Kolkata",
        "addr:full": "130A, Bhattacharjee Para Road",
        "addr:postcode": "700063",
        "addr:state": "West Bengal",
        "amenity": "hospital",
        "contact:phone": "24961319",
        "healthcare": "hospital",
        "name": "Suburban Eye Microsurgery Centre",
        "source": "OpenGovernmentData",
        "osm_id": 7071685703
      }
    },
    {
      "type": "Feature",
      "geometry": {
        "type": "Point",
        "coordinates": [
          88.3955385,
          22.5636355
        ]
      },
      "properties": {
        "addr:district": "Kolkata",
        "addr:full": "Hem Chandra Naskar Road , Phoolbagan, Beliaghata",
        "addr:postcode": "700010",
        "addr:state": "West Bengal",
        "amenity": "clinic",
        "healthcare": "clinic",
        "name": "East Calcutta Clinic and Nursing Home",
        "source": "OpenGovernmentData",
        "osm_id": 7071685705
      }
    },
    {
      "type": "Feature",
      "geometry": {
        "type": "Point",
        "coordinates": [
          87.9205719,
          22.2825828
        ]
      },
      "properties": {
        "addr:district": "Medinipur East",
        "addr:full": "Mecheda-Haldia-Tamluk Road,Sankarasa",
        "addr:postcode": "721636",
        "addr:state": "West Bengal",
        "amenity": "clinic",
        "name": "Monideepa Nursing Home",
        "source": "OpenGovernmentData",
        "osm_id": 7073985720
      }
    },
    {
      "type": "Feature",
      "geometry": {
        "type": "Point",
        "coordinates": [
          88.3698897,
          22.5404476
        ]
      },
      "properties": {
        "addr:district": "Kolkata",
        "addr:full": "215, Park Street",
        "addr:postcode": "700017",
        "addr:state": "West Bengal",
        "amenity": "hospital",
        "healthcare": "hospital",
        "name": "Calcutta Pay Clinic and Hospital Pvt Ltd",
        "source": "OpenGovernmentData",
        "osm_id": 7074272608
      }
    },
    {
      "type": "Feature",
      "geometry": {
        "type": "Point",
        "coordinates": [
          88.3669719,
          22.5133053
        ]
      },
      "properties": {
        "addr:district": "Kolkata",
        "addr:full": "66A, South End Park, Lansdowne",
        "addr:postcode": "700029",
        "addr:state": "West Bengal",
        "amenity": "clinic",
        "check_date": "2023-12-16",
        "healthcare": "clinic",
        "internet_access": "no",
        "name": "Lake Nursing Home",
        "operator:type": "private",
        "payment:cash": "yes",
        "payment:mastercard": "yes",
        "payment:visa": "yes",
        "source": "OpenGovernmentData",
        "wheelchair": "yes",
        "osm_id": 7074312519
      }
    },
    {
      "type": "Feature",
      "geometry": {
        "type": "Point",
        "coordinates": [
          88.3244542,
          22.5684451
        ]
      },
      "properties": {
        "addr:district": "Howrah",
        "addr:full": "189, G.T. Road(S), Shibpur",
        "addr:postcode": "711102",
        "addr:state": "West Bengal",
        "amenity": "clinic",
        "healthcare": "clinic",
        "name": "M.B. Nursing Home",
        "source": "OpenGovernmentData",
        "osm_id": 7074312566
      }
    },
    {
      "type": "Feature",
      "geometry": {
        "type": "Point",
        "coordinates": [
          88.3648047,
          22.5077512
        ]
      },
      "properties": {
        "addr:district": "Kolkata",
        "addr:full": "No.52,Jodhpur Park",
        "addr:postcode": "700068",
        "addr:state": "West Bengal",
        "amenity": "hospital",
        "contact:phone": "3324236703",
        "healthcare": "hospital",
        "name": "KD Cure S.C. Das Memorial Medical Center",
        "source": "OpenGovernmentData",
        "osm_id": 7074312573
      }
    },
    {
      "type": "Feature",
      "geometry": {
        "type": "Point",
        "coordinates": [
          88.3710368,
          22.5400629
        ]
      },
      "properties": {
        "addr:district": "Kolkata",
        "addr:full": "#55 B/1,Dilkhusa St",
        "addr:postcode": "700017",
        "addr:state": "West Bengal",
        "amenity": "clinic",
        "healthcare": "clinic",
        "name": "M. B. Nursing Home",
        "source": "OpenGovernmentData",
        "osm_id": 7074312579
      }
    },
    {
      "type": "Feature",
      "geometry": {
        "type": "Point",
        "coordinates": [
          88.3483963,
          22.5051617
        ]
      },
      "properties": {
        "addr:district": "Kolkata",
        "addr:full": "48/30, Purna Chandra Mitra Lane, Swiss Park",
        "addr:postcode": "700033",
        "addr:state": "West Bengal",
        "amenity": "clinic",
        "contact:phone": "3324240248",
        "healthcare": "clinic",
        "name": "Medline Nursing Home",
        "source": "OpenGovernmentData",
        "osm_id": 7074312581
      }
    },
    {
      "type": "Feature",
      "geometry": {
        "type": "Point",
        "coordinates": [
          88.3701812,
          22.5889194
        ]
      },
      "properties": {
        "addr:district": "Kolkata",
        "addr:full": "1/1A, Goabagan Street,Radhanath Bose Lane",
        "addr:postcode": "700006",
        "addr:state": "West Bengal",
        "amenity": "clinic",
        "check_date": "2023-10-04",
        "healthcare": "clinic",
        "name": "Sunflower Nursing Home, Kolkata",
        "operator:type": "private",
        "source": "OpenGovernmentData",
        "osm_id": 7074312582
      }
    },
    {
      "type": "Feature",
      "geometry": {
        "type": "Point",
        "coordinates": [
          88.3724879,
          22.5341754
        ]
      },
      "properties": {
        "addr:district": "Kolkata",
        "addr:full": "74, Broad Street, Ballygunge",
        "addr:postcode": "700019",
        "addr:state": "West Bengal",
        "amenity": "clinic",
        "contact:phone": "3322470032",
        "healthcare": "clinic",
        "name": "Mediview Nursing Home Pvt Ltd",
        "source": "OpenGovernmentData",
        "website": "https://mediview.co.in/",
        "osm_id": 7074312606
      }
    },
    {
      "type": "Feature",
      "geometry": {
        "type": "Point",
        "coordinates": [
          88.4125239,
          22.5902195
        ]
      },
      "properties": {
        "addr:district": "Kolkata",
        "addr:full": "Dd-10, Sector I, Salt Lake",
        "addr:postcode": "700064",
        "addr:state": "West Bengal",
        "amenity": "hospital",
        "contact:phone": "333372141",
        "healthcare": "hospital",
        "name": "Salt Lake City Medical Centre",
        "source": "OpenGovernmentData",
        "osm_id": 7074312631
      }
    },
    {
      "type": "Feature",
      "geometry": {
        "type": "Point",
        "coordinates": [
          88.3553157,
          22.5665163
        ]
      },
      "properties": {
        "addr:district": "Kolkata",
        "addr:full": "15, Prafulla Sarkar Street",
        "addr:postcode": "700072",
        "addr:state": "West Bengal",
        "amenity": "hospital",
        "check_date": "2026-03-22",
        "healthcare": "hospital",
        "name": "Netra Sevasram",
        "source": "OpenGovernmentData",
        "osm_id": 7074312654
      }
    },
    {
      "type": "Feature",
      "geometry": {
        "type": "Point",
        "coordinates": [
          88.3476297,
          22.5220804
        ]
      },
      "properties": {
        "addr:district": "Kolkata",
        "addr:full": "Bhownipur-Kalighat, 1-A, Satish Mukherjee Road",
        "addr:postcode": "700025",
        "addr:state": "West Bengal",
        "amenity": "clinic",
        "contact:phone": "3324641852",
        "health_facility:type": "dispensary",
        "healthcare": "centre",
        "name": "CGHS Dispensary, Bhownipur-Kalighat",
        "operator:type": "government",
        "source": "OpenGovernmentData",
        "website": "http://nb.bsf.gov.in/CGHS%20DIspenseries.pdf",
        "osm_id": 7074312655
      }
    },
    {
      "type": "Feature",
      "geometry": {
        "type": "Point",
        "coordinates": [
          88.3411409,
          22.590742
        ]
      },
      "properties": {
        "addr:district": "Howrah",
        "addr:full": "20, Opposite ICICI Bank, Dobson Road",
        "addr:postcode": "711101",
        "addr:state": "West Bengal",
        "amenity": "clinic",
        "healthcare": "clinic",
        "name": "Bansal Nursing Centre",
        "source": "OpenGovernmentData",
        "website": "https://bansalmedical.com/",
        "osm_id": 7074312656
      }
    },
    {
      "type": "Feature",
      "geometry": {
        "type": "Point",
        "coordinates": [
          88.3573455,
          22.5827281
        ]
      },
      "properties": {
        "addr:district": "Kolkata",
        "addr:full": "225/227, Rabindra Sarani",
        "addr:postcode": "700007",
        "addr:state": "West Bengal",
        "amenity": "hospital",
        "check_date": "2023-10-04",
        "healthcare": "hospital",
        "name": "Marwari Relief Society Hospital",
        "source": "OpenGovernmentData",
        "osm_id": 7074312657
      }
    },
    {
      "type": "Feature",
      "geometry": {
        "type": "Point",
        "coordinates": [
          88.3731081,
          22.5441888
        ]
      },
      "properties": {
        "addr:district": "Kolkata",
        "addr:full": "04 L Tiljala Road",
        "addr:postcode": "700046",
        "addr:state": "West Bengal",
        "amenity": "clinic",
        "contact:phone": "3322801155",
        "healthcare": "clinic",
        "name": "Don View Nursing Home",
        "source": "OpenGovernmentData",
        "osm_id": 7074329089
      }
    },
    {
      "type": "Feature",
      "geometry": {
        "type": "Point",
        "coordinates": [
          88.3453815,
          22.5977408
        ]
      },
      "properties": {
        "addr:district": "Howrah",
        "addr:full": "16/1, Kshetra Mitra Lane Salkia, Golabari",
        "addr:postcode": "711106",
        "addr:state": "West Bengal",
        "amenity": "clinic",
        "contact:phone": "3326659094",
        "name": "Dr Hari Har Roy Clinic",
        "source": "OpenGovernmentData",
        "osm_id": 7074329090
      }
    },
    {
      "type": "Feature",
      "geometry": {
        "type": "Point",
        "coordinates": [
          88.3545975,
          22.5174951
        ]
      },
      "properties": {
        "addr:district": "Kolkata",
        "addr:full": "146, Rash Behari Avenue,Opposite Priya Cinema Hall",
        "addr:postcode": "700029",
        "addr:state": "West Bengal",
        "amenity": "hospital",
        "contact:phone": "24653530",
        "healthcare": "hospital",
        "healthcare:speciality": "ophthalmology",
        "name": "Himalaya Vision Care Centre",
        "source": "OpenGovernmentData",
        "osm_id": 7074329101
      }
    },
    {
      "type": "Feature",
      "geometry": {
        "type": "Point",
        "coordinates": [
          88.3572811,
          22.5671621
        ]
      },
      "properties": {
        "addr:district": "Kolkata",
        "addr:full": "47, Ganesh Chandra Avenue",
        "addr:postcode": "700013",
        "addr:state": "West Bengal",
        "amenity": "hospital",
        "check_date": "2026-03-22",
        "contact:phone": "22376642",
        "healthcare": "hospital",
        "name": "Kalidas Mullick Sebayatan",
        "source": "OpenGovernmentData",
        "osm_id": 7074329102
      }
    },
    {
      "type": "Feature",
      "geometry": {
        "type": "Point",
        "coordinates": [
          88.3909348,
          22.5827554
        ]
      },
      "properties": {
        "addr:district": "Kolkata",
        "addr:full": "18/1 Nazrul Islam Avenue,Kankurgachi",
        "addr:postcode": "700054",
        "addr:state": "West Bengal",
        "addr:suburb": "Kankurgachi",
        "amenity": "hospital",
        "healthcare": "hospital",
        "name": "Orthopaedic Centre",
        "source": "OpenGovernmentData",
        "osm_id": 7074329113
      }
    },
    {
      "type": "Feature",
      "geometry": {
        "type": "Point",
        "coordinates": [
          88.3544424,
          22.4818251
        ]
      },
      "properties": {
        "addr:district": "Kolkata",
        "addr:full": "141, Regent Park",
        "addr:postcode": "700040",
        "addr:state": "West Bengal",
        "amenity": "hospital",
        "contact:phone": "24710076",
        "healthcare": "hospital",
        "name": "Lions North Kolkata Hospital and Medical Centre",
        "source": "OpenGovernmentData",
        "osm_id": 7074329114
      }
    },
    {
      "type": "Feature",
      "geometry": {
        "type": "Point",
        "coordinates": [
          88.389544,
          22.5409374
        ]
      },
      "properties": {
        "addr:district": "Kolkata",
        "addr:full": "No. 11A/1H, Topsia Road (East)",
        "addr:postcode": "700046",
        "addr:state": "West Bengal",
        "amenity": "hospital",
        "contact:phone": "3340686161",
        "healthcare": "hospital",
        "name": "R-Fleming Hospital / Zodiac Medicare and Hospital Pvt.Ltd.",
        "source": "OpenGovernmentData",
        "osm_id": 7074329127
      }
    },
    {
      "type": "Feature",
      "geometry": {
        "type": "Point",
        "coordinates": [
          88.4335618,
          22.5776362
        ]
      },
      "properties": {
        "addr:district": "Kolkata",
        "addr:full": "Cn-5 Sector 5 Salt Lake City",
        "addr:postcode": "700091",
        "addr:state": "West Bengal",
        "amenity": "hospital",
        "healthcare": "hospital",
        "name": "Rotary Narayana Nethralaya",
        "source": "OpenGovernmentData",
        "osm_id": 7074329128
      }
    },
    {
      "type": "Feature",
      "geometry": {
        "type": "Point",
        "coordinates": [
          88.3390568,
          22.5932877
        ]
      },
      "properties": {
        "addr:district": "Howrah",
        "addr:full": "51/2 G.T. Road (N) Pilkhana",
        "addr:postcode": "711101",
        "addr:state": "West Bengal",
        "amenity": "hospital",
        "healthcare": "hospital",
        "name": "Kumar Maternity Home",
        "source": "OpenGovernmentData",
        "osm_id": 7074329149
      }
    },
    {
      "type": "Feature",
      "geometry": {
        "type": "Point",
        "coordinates": [
          88.3586611,
          22.5138962
        ]
      },
      "properties": {
        "addr:district": "Kolkata",
        "addr:full": "Flat No.55 and 56, Lake GovernmentQrts., Southern Avenue",
        "addr:postcode": "700029",
        "addr:state": "West Bengal",
        "amenity": "clinic",
        "contact:phone": "3324661733",
        "health_facility:type": "dispensary",
        "healthcare": "centre",
        "name": "CGHS Dispensary, Lake Area",
        "operator:type": "government",
        "source": "OpenGovernmentData",
        "website": "http://nb.bsf.gov.in/CGHS%20DIspenseries.pdf",
        "osm_id": 7074329161
      }
    },
    {
      "type": "Feature",
      "geometry": {
        "type": "Point",
        "coordinates": [
          88.3178513,
          22.4907678
        ]
      },
      "properties": {
        "addr:district": "Kolkata",
        "addr:full": "33, Beside Mp Birla High School, James Long Sarani, Behala",
        "addr:postcode": "700034",
        "addr:state": "West Bengal",
        "amenity": "clinic",
        "healthcare": "clinic",
        "name": "James Long Clinic Pvt Limited",
        "source": "OpenGovernmentData",
        "osm_id": 7074333303
      }
    },
    {
      "type": "Feature",
      "geometry": {
        "type": "Point",
        "coordinates": [
          87.9169529,
          22.288193
        ]
      },
      "properties": {
        "addr:district": "Medinipur East",
        "addr:full": "Daharpur,Tamluk",
        "addr:postcode": "721636",
        "addr:state": "West Bengal",
        "amenity": "clinic",
        "name": "Sabitri Nursing Home, Medinipur East",
        "source": "OpenGovernmentData",
        "osm_id": 7079170782
      }
    },
    {
      "type": "Feature",
      "geometry": {
        "type": "Point",
        "coordinates": [
          88.2740081,
          22.5981589
        ]
      },
      "properties": {
        "addr:district": "Howrah",
        "addr:full": "Near Bankra Police Phari, Bankra",
        "addr:postcode": "711403",
        "addr:state": "West Bengal",
        "addr:subdistrict": "Domjur",
        "amenity": "hospital",
        "name": "Bankra Hospital",
        "source": "OpenGovernmentData",
        "osm_id": 7199742791
      }
    },
    {
      "type": "Feature",
      "geometry": {
        "type": "Point",
        "coordinates": [
          88.1836138,
          22.5101693
        ]
      },
      "properties": {
        "addr:district": "Howrah",
        "addr:full": "Nalpur Road, Near Primary School, Chakmadhu",
        "addr:postcode": "711310",
        "addr:state": "West Bengal",
        "amenity": "hospital",
        "description": "Sub-District Hospital",
        "name": "Fort-Gloster State General Hospital",
        "source": "OpenGovernmentData",
        "osm_id": 7199853166
      }
    },
    {
      "type": "Feature",
      "geometry": {
        "type": "Point",
        "coordinates": [
          88.1512488,
          22.5531551
        ]
      },
      "properties": {
        "addr:district": "Howrah",
        "addr:full": "Jorabottala Bus Stand, Kulai, Satgharia, Paniara",
        "addr:postcode": "711322",
        "addr:state": "West Bengal",
        "addr:subdistrict": "Panchla",
        "amenity": "hospital",
        "name": "Kulai Rural Hospital",
        "source": "OpenGovernmentData",
        "osm_id": 7199853167
      }
    },
    {
      "type": "Feature",
      "geometry": {
        "type": "Point",
        "coordinates": [
          88.472139,
          22.031432
        ]
      },
      "properties": {
        "addr:district": "South 24 Parganas",
        "addr:full": "Near Nalgora School, Nalgora",
        "addr:postcode": "743349",
        "addr:state": "West Bengal",
        "addr:subdistrict": "Jaynagar - II",
        "amenity": "hospital",
        "name": "Nalgora Gramin Hospital",
        "source": "OpenGovernmentData",
        "osm_id": 7199853170
      }
    },
    {
      "type": "Feature",
      "geometry": {
        "type": "Point",
        "coordinates": [
          88.3681438,
          22.2400153
        ]
      },
      "properties": {
        "addr:district": "South 24 Parganas",
        "addr:full": "Mamudpur",
        "addr:postcode": "743355",
        "addr:state": "West Bengal",
        "addr:subdistrict": "MOGRAHAT - II",
        "amenity": "hospital",
        "name": "Magrahat Rural Hospital",
        "source": "OpenGovernmentData",
        "osm_id": 7199853171
      }
    },
    {
      "type": "Feature",
      "geometry": {
        "type": "Point",
        "coordinates": [
          87.9767047,
          22.0069079
        ]
      },
      "properties": {
        "addr:district": "Purba Medinipur",
        "addr:full": "Near Nandigram CMOH Office",
        "addr:postcode": "721631",
        "addr:state": "West Bengal",
        "addr:subdistrict": "NANDIGRAM - I",
        "amenity": "hospital",
        "name": "Nandigram Super Speciality Hospital",
        "source": "OpenGovernmentData",
        "osm_id": 7199853175
      }
    },
    {
      "type": "Feature",
      "geometry": {
        "type": "Point",
        "coordinates": [
          88.403613,
          21.647658
        ]
      },
      "properties": {
        "addr:district": "South 24 Parganas",
        "addr:full": "Indrapur",
        "addr:postcode": "743371",
        "addr:state": "West Bengal",
        "addr:subdistrict": "PATHARPRATIMA",
        "amenity": "hospital",
        "name": "Indrapur Gramin Hospital",
        "source": "OpenGovernmentData",
        "osm_id": 7199853176
      }
    },
    {
      "type": "Feature",
      "geometry": {
        "type": "Point",
        "coordinates": [
          88.141821,
          22.081741
        ]
      },
      "properties": {
        "addr:district": "Purba Medinipur",
        "addr:full": "Sahid Kshudiram Sarani, Opp. Syndicate Bank, Haldia",
        "addr:postcode": "721602",
        "addr:state": "West Bengal",
        "amenity": "hospital",
        "description": "Sub-District Hospital",
        "healthcare": "hospital",
        "name": "Haldia Sub Divisional Hospital",
        "source": "OpenGovernmentData",
        "osm_id": 7199853187
      }
    },
    {
      "type": "Feature",
      "geometry": {
        "type": "Point",
        "coordinates": [
          88.6651424,
          22.0532082
        ]
      },
      "properties": {
        "addr:district": "South 24 Parganas",
        "addr:full": "Jharkhali Bazar Road, Near Post Office, Jharkhali",
        "addr:postcode": "743312",
        "addr:state": "West Bengal",
        "addr:subdistrict": "Basanti",
        "amenity": "hospital",
        "name": "Jharkhali Rural Hospital",
        "source": "OpenGovernmentData",
        "osm_id": 7199853191
      }
    },
    {
      "type": "Feature",
      "geometry": {
        "type": "Point",
        "coordinates": [
          88.4166097,
          22.3272851
        ]
      },
      "properties": {
        "addr:district": "South 24 Parganas",
        "addr:full": "Indrapala",
        "addr:postcode": "743610",
        "addr:state": "West Bengal",
        "addr:subdistrict": "Baruipur",
        "amenity": "hospital",
        "name": "Indrapala Hospital",
        "source": "OpenGovernmentData",
        "osm_id": 7199853197
      }
    },
    {
      "type": "Feature",
      "geometry": {
        "type": "Point",
        "coordinates": [
          88.410437,
          22.5899183
        ]
      },
      "properties": {
        "addr:district": "North 24 Parganas",
        "addr:full": "DD Block, Sector-1, Near Poura Prashashan Bhavan, Bidhannagar",
        "addr:postcode": "700064",
        "addr:state": "West Bengal",
        "addr:subdistrict": "Rajarhat",
        "amenity": "hospital",
        "description": "Sub-District Hospital",
        "healthcare": "hospital",
        "name": "Salt Lake Sub-divisional Hospital",
        "source": "OpenGovernmentData",
        "osm_id": 7199853198
      }
    },
    {
      "type": "Feature",
      "geometry": {
        "type": "Point",
        "coordinates": [
          88.202403,
          21.664701
        ]
      },
      "properties": {
        "addr:district": "South 24 Parganas",
        "addr:full": "Bagdanga, Moushuni, Freserganj Coastal Ps",
        "addr:postcode": "743357",
        "addr:state": "West Bengal",
        "addr:subdistrict": "NAMKHANA",
        "amenity": "hospital",
        "name": "Moushini Hospital",
        "source": "OpenGovernmentData",
        "osm_id": 7199853199
      }
    },
    {
      "type": "Feature",
      "geometry": {
        "type": "Point",
        "coordinates": [
          88.2683289,
          22.3169806
        ]
      },
      "properties": {
        "addr:district": "South 24 Parganas",
        "addr:full": "Shirakole-Sherpur Road, Near YN High School, Shirakole",
        "addr:postcode": "743513",
        "addr:state": "West Bengal",
        "addr:subdistrict": "MOGRAHAT - I",
        "amenity": "hospital",
        "name": "Shirakole Hospital",
        "source": "OpenGovernmentData",
        "osm_id": 7199853201
      }
    },
    {
      "type": "Feature",
      "geometry": {
        "type": "Point",
        "coordinates": [
          88.244729,
          22.386825
        ]
      },
      "properties": {
        "addr:district": "South 24 Parganas",
        "addr:full": "Nibaran Dutta Road, Near Gram Panchayat, Moukhali",
        "addr:postcode": "743503",
        "addr:state": "West Bengal",
        "addr:subdistrict": "Bishnupur - II",
        "amenity": "hospital",
        "name": "Moukhali Gramin Hospital",
        "source": "OpenGovernmentData",
        "osm_id": 7199853205
      }
    },
    {
      "type": "Feature",
      "geometry": {
        "type": "Point",
        "coordinates": [
          88.0268302,
          22.4711658
        ]
      },
      "properties": {
        "addr:district": "Howrah",
        "addr:full": "Chandipur G.P, Chandipur (Ct)",
        "addr:postcode": "711306",
        "addr:state": "West Bengal",
        "addr:subdistrict": "Uluberia - I",
        "amenity": "hospital",
        "name": "Chandipur-Manikpur Rural Hospital",
        "source": "OpenGovernmentData",
        "osm_id": 7199853206
      }
    },
    {
      "type": "Feature",
      "geometry": {
        "type": "Point",
        "coordinates": [
          88.3519698,
          22.3652727
        ]
      },
      "properties": {
        "addr:district": "South 24 Parganas",
        "addr:full": "Kayaler More, Julpia, Baruipur Road",
        "addr:postcode": "743503",
        "addr:state": "West Bengal",
        "addr:subdistrict": "Bishnupur - I",
        "amenity": "hospital",
        "name": "Julpia Rural Hospital",
        "source": "OpenGovernmentData",
        "osm_id": 7199853213
      }
    },
    {
      "type": "Feature",
      "geometry": {
        "type": "Point",
        "coordinates": [
          88.0205529,
          22.5199021
        ]
      },
      "properties": {
        "addr:district": "Howrah",
        "addr:full": "Tulsiberia Street, Near Bus Stand, Tulsiberia",
        "addr:postcode": "711401",
        "addr:state": "West Bengal",
        "addr:subdistrict": "Uluberia - II",
        "amenity": "hospital",
        "name": "Tulsiberia Hospital",
        "source": "OpenGovernmentData",
        "osm_id": 7199853214
      }
    },
    {
      "type": "Feature",
      "geometry": {
        "type": "Point",
        "coordinates": [
          87.9814379,
          22.1892955
        ]
      },
      "properties": {
        "addr:district": "Purba Medinipur",
        "addr:full": "Mahishadal Bazar",
        "addr:postcode": "721629",
        "addr:state": "West Bengal",
        "addr:subdistrict": "Mahisadal",
        "amenity": "hospital",
        "name": "Basulia Rural Hospital",
        "source": "OpenGovernmentData",
        "osm_id": 7199853216
      }
    },
    {
      "type": "Feature",
      "geometry": {
        "type": "Point",
        "coordinates": [
          88.2918479,
          22.251128
        ]
      },
      "properties": {
        "addr:district": "South 24 Parganas",
        "addr:full": "Near Hariharpur G.P, Diamond Harbour Sub-Dist., Usthi To Magrahat Road",
        "addr:postcode": "743375",
        "addr:state": "West Bengal",
        "addr:subdistrict": "MOGRAHAT - I",
        "amenity": "hospital",
        "name": "Baneswarpur Rural Hospital",
        "source": "OpenGovernmentData",
        "osm_id": 7199853218
      }
    },
    {
      "type": "Feature",
      "geometry": {
        "type": "Point",
        "coordinates": [
          88.4473864,
          22.2448654
        ]
      },
      "properties": {
        "addr:district": "South 24 Parganas",
        "addr:full": "Padmerhat",
        "addr:postcode": "743372",
        "addr:state": "West Bengal",
        "addr:subdistrict": "Jaynagar - I",
        "amenity": "hospital",
        "name": "Padmerhat Rural Hospital",
        "source": "OpenGovernmentData",
        "osm_id": 7199853222
      }
    },
    {
      "type": "Feature",
      "geometry": {
        "type": "Point",
        "coordinates": [
          88.3519474,
          22.0954515
        ]
      },
      "properties": {
        "addr:district": "South 24 Parganas",
        "addr:full": "Jadabpu",
        "addr:postcode": "743332",
        "addr:state": "West Bengal",
        "addr:subdistrict": "MATHURAPUR - I",
        "amenity": "hospital",
        "name": "Jadabpur Rural Hospital",
        "source": "OpenGovernmentData",
        "osm_id": 7199853235
      }
    },
    {
      "type": "Feature",
      "geometry": {
        "type": "Point",
        "coordinates": [
          88.124477,
          22.566693
        ]
      },
      "properties": {
        "addr:district": "Howrah",
        "addr:full": "Amta-Ranihati Road, Near Petrol Pump, Shuvararah",
        "addr:postcode": "711302",
        "addr:state": "West Bengal",
        "addr:subdistrict": "Panchla",
        "amenity": "hospital",
        "description": "Sub-District Hospital",
        "name": "Gabberia State General Hospital",
        "source": "OpenGovernmentData",
        "osm_id": 7199853237
      }
    },
    {
      "type": "Feature",
      "geometry": {
        "type": "Point",
        "coordinates": [
          88.2478806,
          22.0821692
        ]
      },
      "properties": {
        "addr:district": "South 24 Parganas",
        "addr:full": "Kulpi",
        "addr:postcode": "743351",
        "addr:state": "West Bengal",
        "addr:subdistrict": "KULPI",
        "amenity": "hospital",
        "name": "Kulpi Rural Hospital",
        "source": "OpenGovernmentData",
        "osm_id": 7199853238
      }
    },
    {
      "type": "Feature",
      "geometry": {
        "type": "Point",
        "coordinates": [
          87.8108096,
          22.2662434
        ]
      },
      "properties": {
        "addr:district": "Purba Medinipur",
        "addr:full": "Near Kali Mandir, Purbanukha",
        "addr:postcode": "721651",
        "addr:state": "West Bengal",
        "addr:subdistrict": "Tamluk",
        "amenity": "hospital",
        "name": "Purbanukha Rural Hospital",
        "source": "OpenGovernmentData",
        "osm_id": 7199853239
      }
    },
    {
      "type": "Feature",
      "geometry": {
        "type": "Point",
        "coordinates": [
          88.8047999,
          22.1732677
        ]
      },
      "properties": {
        "addr:district": "South 24 Parganas",
        "addr:full": "Gsasaba Irrigation Office, Gosaba, South 24 Parganas, Gosaba Bazar Road",
        "addr:postcode": "743370",
        "addr:state": "West Bengal",
        "addr:subdistrict": "Gosaba",
        "amenity": "hospital",
        "name": "Gosaba Rural Hospital",
        "source": "OpenGovernmentData",
        "osm_id": 7199853245
      }
    },
    {
      "type": "Feature",
      "geometry": {
        "type": "Point",
        "coordinates": [
          88.6014826,
          22.500179
        ]
      },
      "properties": {
        "addr:district": "South 24 Parganas",
        "addr:full": "Near Basanti Highway, Nalmuri, Pranganj G.P",
        "addr:postcode": "743502",
        "addr:state": "West Bengal",
        "addr:subdistrict": "Bhangar - I",
        "amenity": "hospital",
        "name": "Nalmuri Rural Hospital",
        "source": "OpenGovernmentData",
        "osm_id": 7199853248
      }
    },
    {
      "type": "Feature",
      "geometry": {
        "type": "Point",
        "coordinates": [
          88.389674,
          22.123722
        ]
      },
      "properties": {
        "addr:district": "South 24 Parganas",
        "addr:full": "Bapuli Bazar, Ramnagar, Mathurapur Ghoradal Road",
        "addr:postcode": "743354",
        "addr:state": "West Bengal",
        "addr:subdistrict": "MATHURAPUR - I",
        "amenity": "hospital",
        "name": "Mathurapur Rural Hospital",
        "source": "OpenGovernmentData",
        "osm_id": 7199853255
      }
    },
    {
      "type": "Feature",
      "geometry": {
        "type": "Point",
        "coordinates": [
          88.013692,
          22.57526
        ]
      },
      "properties": {
        "addr:district": "Howrah",
        "addr:full": "Amta",
        "addr:postcode": "711401",
        "addr:state": "West Bengal",
        "addr:subdistrict": "Amta - I",
        "amenity": "hospital",
        "description": "Rural Hospital",
        "name": "Amta Rural Hospital",
        "source": "OpenGovernmentData",
        "osm_id": 7199853257
      }
    },
    {
      "type": "Feature",
      "geometry": {
        "type": "Point",
        "coordinates": [
          87.9642246,
          22.4665283
        ]
      },
      "properties": {
        "addr:district": "Howrah",
        "addr:full": "Bagnan Po, Bagnan Ct",
        "addr:postcode": "711303",
        "addr:state": "West Bengal",
        "addr:subdistrict": "Bagnan - I",
        "amenity": "hospital",
        "name": "Bagnan Rural Hospital",
        "source": "OpenGovernmentData",
        "osm_id": 7199853287
      }
    },
    {
      "type": "Feature",
      "geometry": {
        "type": "Point",
        "coordinates": [
          88.4807614,
          22.2725315
        ]
      },
      "properties": {
        "addr:district": "South 24 Parganas",
        "addr:full": "Gocharan-Dhosa Road, Near Bank Of India, Panch Gachhia",
        "addr:postcode": "743372",
        "addr:state": "West Bengal",
        "addr:subdistrict": "Jaynagar - I",
        "amenity": "hospital",
        "name": "Momrejgarh Hospital",
        "source": "OpenGovernmentData",
        "osm_id": 7199853290
      }
    },
    {
      "type": "Feature",
      "geometry": {
        "type": "Point",
        "coordinates": [
          88.220802,
          22.561371
        ]
      },
      "properties": {
        "addr:district": "Howrah",
        "addr:full": "77 Bus Stand, Sankrail",
        "addr:postcode": "711309",
        "addr:state": "West Bengal",
        "addr:subdistrict": "Sankrail",
        "amenity": "hospital",
        "name": "Hazi S. T. Mullick Rural Hospital",
        "source": "OpenGovernmentData",
        "osm_id": 7199853297
      }
    },
    {
      "type": "Feature",
      "geometry": {
        "type": "Point",
        "coordinates": [
          88.254565,
          21.71951
        ]
      },
      "properties": {
        "addr:district": "South 24 Parganas",
        "addr:full": "Dwariknagar",
        "addr:postcode": "743357",
        "addr:state": "West Bengal",
        "addr:subdistrict": "NAMKHANA",
        "amenity": "hospital",
        "name": "Dwariknagar Rural Hospital",
        "source": "OpenGovernmentData",
        "osm_id": 7199853299
      }
    },
    {
      "type": "Feature",
      "geometry": {
        "type": "Point",
        "coordinates": [
          87.9429838,
          22.5008393
        ]
      },
      "properties": {
        "addr:district": "Howrah",
        "addr:full": "Bainan Hospital Road, Near Gram Panchayat Office, Bainan",
        "addr:postcode": "711303",
        "addr:state": "West Bengal",
        "addr:subdistrict": "Bagnan - I",
        "amenity": "hospital",
        "name": "Paschim Bainan Rural Hospital",
        "source": "OpenGovernmentData",
        "osm_id": 7199853301
      }
    },
    {
      "type": "Feature",
      "geometry": {
        "type": "Point",
        "coordinates": [
          88.359983,
          22.595575
        ]
      },
      "properties": {
        "addr:district": "Kolkata",
        "addr:full": "B.K.Pal Avenue",
        "addr:postcode": "700005",
        "addr:state": "West Bengal",
        "amenity": "hospital",
        "check_date": "2023-10-04",
        "description": "Maternity Home",
        "healthcare": "hospital",
        "name": "Abinash Dutta Maternity Home",
        "source": "OpenGovernmentData",
        "osm_id": 7199853302
      }
    },
    {
      "type": "Feature",
      "geometry": {
        "type": "Point",
        "coordinates": [
          88.4405771,
          22.1550255
        ]
      },
      "properties": {
        "addr:district": "South 24 Parganas",
        "addr:full": "Nimpith Ashram, Nimpith",
        "addr:postcode": "743338",
        "addr:state": "West Bengal",
        "addr:subdistrict": "Jaynagar - II",
        "amenity": "hospital",
        "name": "Nimpith Shri Ramkrishna Rural Hospital",
        "source": "OpenGovernmentData",
        "osm_id": 7199853303
      }
    },
    {
      "type": "Feature",
      "geometry": {
        "type": "Point",
        "coordinates": [
          88.9530706,
          22.5369176
        ]
      },
      "properties": {
        "addr:district": "North 24 Parganas",
        "addr:full": "Hasnabad-Hingalganj Road, Opp. Gram Panchayat Office, Barunhat, Rameshwarpur",
        "addr:postcode": "743426",
        "addr:state": "West Bengal",
        "addr:subdistrict": "Hasnabad",
        "amenity": "hospital",
        "name": "Barunhat Rural Hospital",
        "source": "OpenGovernmentData",
        "osm_id": 7199853315
      }
    },
    {
      "type": "Feature",
      "geometry": {
        "type": "Point",
        "coordinates": [
          88.3540294,
          21.7895365
        ]
      },
      "properties": {
        "addr:district": "South 24 Parganas",
        "addr:full": "Madhabnagar",
        "addr:postcode": "743371",
        "addr:state": "West Bengal",
        "addr:subdistrict": "PATHARPRATIMA",
        "amenity": "hospital",
        "name": "Madhabnagar Rural Hospital",
        "source": "OpenGovernmentData",
        "osm_id": 7199853317
      }
    },
    {
      "type": "Feature",
      "geometry": {
        "type": "Point",
        "coordinates": [
          88.7112287,
          22.1917985
        ]
      },
      "properties": {
        "addr:district": "South 24 Parganas",
        "addr:full": "Basanti Chaumatha, Basanti Highway",
        "addr:postcode": "743312",
        "addr:state": "West Bengal",
        "addr:subdistrict": "Basanti",
        "amenity": "hospital",
        "healthcare": "hospital",
        "name": "Basanti Rural Hospital",
        "source": "OpenGovernmentData",
        "osm_id": 7199853320
      }
    },
    {
      "type": "Feature",
      "geometry": {
        "type": "Point",
        "coordinates": [
          88.3039377,
          22.5602924
        ]
      },
      "properties": {
        "addr:district": "Howrah",
        "addr:full": "Laxmi Narayana Tala Road, Near IIEST, Shibpur",
        "addr:postcode": "711103",
        "addr:state": "West Bengal",
        "amenity": "hospital",
        "description": "Sub-District Hospital",
        "healthcare": "hospital",
        "name": "South Howrah State General Hospital",
        "source": "OpenGovernmentData",
        "osm_id": 7199853326
      }
    },
    {
      "type": "Feature",
      "geometry": {
        "type": "Point",
        "coordinates": [
          88.5714271,
          22.1037861
        ]
      },
      "properties": {
        "addr:district": "South 24 Parganas",
        "addr:full": "Jalaberia Ii G.P, Jamtala, Jaynagar To Jamtala Near Bkrm High School",
        "addr:postcode": "743338",
        "addr:state": "West Bengal",
        "addr:subdistrict": "Kultali",
        "amenity": "hospital",
        "name": "Jamtala Rural Hospital",
        "source": "OpenGovernmentData",
        "osm_id": 7199853337
      }
    },
    {
      "type": "Feature",
      "geometry": {
        "type": "Point",
        "coordinates": [
          88.3657939,
          22.5691437
        ]
      },
      "properties": {
        "addr:district": "Kolkata",
        "addr:full": "Raja Ram Mohan Sarani, Near Bank Of India, Baithakkhana",
        "addr:postcode": "700009",
        "addr:state": "West Bengal",
        "amenity": "hospital",
        "check_date": "2026-03-22",
        "emergency": "yes",
        "healthcare": "hospital",
        "internet_access": "wlan",
        "internet_access:fee": "no",
        "name": "Lady Dufferin Victoria Hospital, Kolkata",
        "operator:type": "government",
        "payment:mastercard": "yes",
        "payment:visa": "yes",
        "source": "OpenGovernmentData",
        "wheelchair": "yes",
        "osm_id": 7199853340
      }
    },
    {
      "type": "Feature",
      "geometry": {
        "type": "Point",
        "coordinates": [
          87.989462,
          22.260597
        ]
      },
      "properties": {
        "addr:district": "Howrah",
        "addr:full": "Kamalpur Hospital & Bus Stand, Kamalpur",
        "addr:postcode": "711301",
        "addr:state": "West Bengal",
        "addr:subdistrict": "Shyampur - I",
        "amenity": "hospital",
        "name": "Kamalpur Rural Hospital",
        "source": "OpenGovernmentData",
        "osm_id": 7199853346
      }
    },
    {
      "type": "Feature",
      "geometry": {
        "type": "Point",
        "coordinates": [
          88.829227,
          22.561938
        ]
      },
      "properties": {
        "addr:district": "North 24 Parganas",
        "addr:full": "Basirhat-Malancha Road, Near Bhebia Post Office, Ghola",
        "addr:postcode": "743456",
        "addr:state": "West Bengal",
        "addr:subdistrict": "HASNABAD",
        "amenity": "hospital",
        "name": "Ghola Rural Hospital",
        "source": "OpenGovernmentData",
        "osm_id": 7199853347
      }
    },
    {
      "type": "Feature",
      "geometry": {
        "type": "Point",
        "coordinates": [
          87.932699,
          22.329551
        ]
      },
      "properties": {
        "addr:district": "Purba Medinipur",
        "addr:full": "Tamluk-Kolaghat Road, Near kali Mandir, Dhalhara",
        "addr:postcode": "721636",
        "addr:state": "West Bengal",
        "addr:subdistrict": "Sahid Matangini",
        "amenity": "hospital",
        "name": "Dalhara Gramin Hospital",
        "source": "OpenGovernmentData",
        "osm_id": 7199853350
      }
    },
    {
      "type": "Feature",
      "geometry": {
        "type": "Point",
        "coordinates": [
          88.726666,
          22.501428
        ]
      },
      "properties": {
        "addr:district": "North 24 Parganas",
        "addr:full": "Minakhan Rural Hospital, Minakhan G.P",
        "addr:postcode": "743425",
        "addr:state": "West Bengal",
        "addr:subdistrict": "MINAKHAN",
        "amenity": "hospital",
        "description": "Rural Hospital",
        "name": "Minakhan RH",
        "source": "OpenGovernmentData",
        "osm_id": 7199853351
      }
    },
    {
      "type": "Feature",
      "geometry": {
        "type": "Point",
        "coordinates": [
          87.972795,
          22.314
        ]
      },
      "properties": {
        "addr:district": "Howrah",
        "addr:full": "Anantapur Siddheswari High School, Jhumjhumi, Jhumjhumi Road",
        "addr:postcode": "711301",
        "addr:state": "West Bengal",
        "addr:subdistrict": "Shyampur - II",
        "amenity": "hospital",
        "name": "Jhumjhumi Rural Hospital",
        "source": "OpenGovernmentData",
        "osm_id": 7199853359
      }
    },
    {
      "type": "Feature",
      "geometry": {
        "type": "Point",
        "coordinates": [
          88.2719809,
          22.3658439
        ]
      },
      "properties": {
        "addr:district": "South 24 Parganas",
        "addr:full": "Near Bazar Kolkata Market, Amtala",
        "addr:postcode": "743503",
        "addr:state": "West Bengal",
        "addr:subdistrict": "Bishnupur - II",
        "amenity": "hospital",
        "description": "Rural Hospital",
        "name": "Amtala Rural Hospital",
        "source": "OpenGovernmentData",
        "osm_id": 7199853366
      }
    },
    {
      "type": "Feature",
      "geometry": {
        "type": "Point",
        "coordinates": [
          88.4335616,
          22.359177
        ]
      },
      "properties": {
        "addr:district": "South 24 Parganas",
        "addr:full": "Kulpi Road, Near Head Post Office, Baruipur",
        "addr:postcode": "700144",
        "addr:state": "West Bengal",
        "amenity": "hospital",
        "description": "Sub-District Hospital",
        "healthcare": "hospital",
        "name": "Baruipur Sub Division Hospital",
        "source": "OpenGovernmentData",
        "osm_id": 7199853369
      }
    },
    {
      "type": "Feature",
      "geometry": {
        "type": "Point",
        "coordinates": [
          88.87344,
          22.516354
        ]
      },
      "properties": {
        "addr:district": "North 24 Parganas",
        "addr:full": "Near Bargachhia F.P. School, Ichhapur",
        "addr:postcode": "743426",
        "addr:state": "West Bengal",
        "addr:subdistrict": "Hasnabad",
        "amenity": "hospital",
        "name": "Government Hospital, Bhowanipur",
        "source": "OpenGovernmentData",
        "osm_id": 7199853371
      }
    },
    {
      "type": "Feature",
      "geometry": {
        "type": "Point",
        "coordinates": [
          87.9044348,
          22.0429006
        ]
      },
      "properties": {
        "addr:district": "Purba Medinipur",
        "addr:postcode": "721650",
        "addr:state": "West Bengal",
        "addr:subdistrict": "NANDIGRAM - II",
        "amenity": "hospital",
        "name": "Reapara Rural Hospital",
        "source": "OpenGovernmentData",
        "osm_id": 7199853374
      }
    },
    {
      "type": "Feature",
      "geometry": {
        "type": "Point",
        "coordinates": [
          87.9773968,
          22.4126037
        ]
      },
      "properties": {
        "addr:district": "Howrah",
        "addr:full": "Gunin Para, Mugkalyan",
        "addr:postcode": "711312",
        "addr:state": "West Bengal",
        "addr:subdistrict": "Bagnan - II",
        "amenity": "hospital",
        "name": "Mugkalyan Rural Hospital",
        "source": "OpenGovernmentData",
        "osm_id": 7199853382
      }
    },
    {
      "type": "Feature",
      "geometry": {
        "type": "Point",
        "coordinates": [
          88.184874,
          21.8667974
        ]
      },
      "properties": {
        "addr:district": "South 24 Parganas",
        "addr:full": "Hospital Road, Near PWD Office, Kakdwip",
        "addr:postcode": "743347",
        "addr:state": "West Bengal",
        "addr:subdistrict": "KAKDWIP",
        "amenity": "hospital",
        "description": "Sub-District Hospital",
        "name": "Kakdwip Sub Divisional Hospital",
        "source": "OpenGovernmentData",
        "osm_id": 7199853383
      }
    },
    {
      "type": "Feature",
      "geometry": {
        "type": "Point",
        "coordinates": [
          88.238087,
          22.2203199
        ]
      },
      "properties": {
        "addr:district": "South 24 Parganas",
        "addr:full": "Near Panchagram Auto-Stand & Flood Light Post, Panchagram",
        "addr:postcode": "743368",
        "addr:state": "West Bengal",
        "addr:subdistrict": "DIAMOND HARBOR - I",
        "amenity": "hospital",
        "name": "Panchagram Rural Hospital",
        "source": "OpenGovernmentData",
        "osm_id": 7199853386
      }
    },
    {
      "type": "Feature",
      "geometry": {
        "type": "Point",
        "coordinates": [
          88.7958734,
          22.5411765
        ]
      },
      "properties": {
        "addr:district": "North 24 Parganas",
        "addr:full": "Basirhat-Malancha Road, Near B.R. Ambedkar B.Ed College, Shibtola, Nimchi",
        "addr:postcode": "743456",
        "addr:state": "West Bengal",
        "addr:subdistrict": "MINAKHAN",
        "amenity": "hospital",
        "name": "Nimichi Hospital",
        "source": "OpenGovernmentData",
        "osm_id": 7199853388
      }
    },
    {
      "type": "Feature",
      "geometry": {
        "type": "Point",
        "coordinates": [
          88.4152119,
          22.569687
        ]
      },
      "properties": {
        "addr:district": "North 24 Parganas",
        "addr:full": "Bidhan Nagar (Salt Lake), Kolkata, West Bengal, Sector-III",
        "addr:postcode": "700098",
        "addr:state": "West Bengal",
        "amenity": "hospital",
        "description": "Medical Colleges Hospital",
        "healthcare": "hospital",
        "name": "All India Institute of Hygiene and Public Health (A.I.I.H. & P.H)",
        "source": "OpenGovernmentData",
        "osm_id": 7199853392
      }
    },
    {
      "type": "Feature",
      "geometry": {
        "type": "Point",
        "coordinates": [
          88.1846757,
          22.4631742
        ]
      },
      "properties": {
        "addr:district": "South 24 Parganas",
        "addr:full": "Khariberia Fp School Buita, Byanjanheria, Byanjanheria",
        "addr:postcode": "700137",
        "addr:state": "West Bengal",
        "addr:subdistrict": "Budge Budge - I",
        "amenity": "hospital",
        "healthcare": "hospital",
        "name": "Byanjanheria Charial Rural Hospital",
        "source": "OpenGovernmentData",
        "osm_id": 7199853395
      }
    },
    {
      "type": "Feature",
      "geometry": {
        "type": "Point",
        "coordinates": [
          88.461902,
          22.499174
        ]
      },
      "properties": {
        "addr:district": "South 24 Parganas",
        "addr:full": "Sonarpur- Bantala Road, Near High School, Kheyadaha",
        "addr:postcode": "700150",
        "addr:state": "West Bengal",
        "addr:subdistrict": "Sonarpur",
        "amenity": "hospital",
        "name": "Kheyadaha Rural Hospital",
        "source": "OpenGovernmentData",
        "osm_id": 7199853407
      }
    },
    {
      "type": "Feature",
      "geometry": {
        "type": "Point",
        "coordinates": [
          88.2404221,
          22.589507
        ]
      },
      "properties": {
        "addr:district": "Howrah",
        "addr:full": "Ambagan Club, Mohiary",
        "addr:postcode": "711302",
        "addr:state": "West Bengal",
        "addr:subdistrict": "Domjur",
        "amenity": "hospital",
        "name": "Mahiyari Lakshmikamal Hospital",
        "source": "OpenGovernmentData",
        "osm_id": 7199853408
      }
    },
    {
      "type": "Feature",
      "geometry": {
        "type": "Point",
        "coordinates": [
          88.3385734,
          22.133661
        ]
      },
      "properties": {
        "addr:district": "South 24 Parganas",
        "addr:full": "Naiyarat",
        "addr:postcode": "743336",
        "addr:state": "West Bengal",
        "addr:subdistrict": "MANDIRBAZAR",
        "amenity": "hospital",
        "name": "Naiyarat Rural Hospital",
        "source": "OpenGovernmentData",
        "osm_id": 7199853409
      }
    },
    {
      "type": "Feature",
      "geometry": {
        "type": "Point",
        "coordinates": [
          88.094529,
          22.470128
        ]
      },
      "properties": {
        "addr:district": "Howrah",
        "addr:full": "Station Road, Near Railway Station, Uluberia",
        "addr:postcode": "711316",
        "addr:state": "West Bengal",
        "amenity": "hospital",
        "description": "Sub-District Hospital",
        "name": "Uluberia Sub Divisional Hospital",
        "source": "OpenGovernmentData",
        "osm_id": 7199853416
      }
    },
    {
      "type": "Feature",
      "geometry": {
        "type": "Point",
        "coordinates": [
          88.324507,
          22.534245
        ]
      },
      "properties": {
        "addr:district": "Kolkata",
        "addr:full": "Kolkata, A.J.C. Bose Road",
        "addr:housenumber": "b,29",
        "addr:postcode": "700020",
        "addr:state": "West Bengal",
        "addr:street": "Ibrahim Road",
        "amenity": "hospital",
        "check_date": "2023-10-28",
        "description": "Medical Colleges Hospital",
        "healthcare": "hospital",
        "name": "S.S.K.M. Hospital",
        "opening_hours": "24/7",
        "phone": "09163162204",
        "source": "OpenGovernmentData",
        "osm_id": 7199853420
      }
    },
    {
      "type": "Feature",
      "geometry": {
        "type": "Point",
        "coordinates": [
          88.1909356,
          22.1974242
        ]
      },
      "properties": {
        "addr:district": "South 24 Parganas",
        "addr:full": "Near Diamond Harbour Railway Station, New Town 4 No Ward",
        "addr:postcode": "743331",
        "addr:state": "West Bengal",
        "amenity": "hospital",
        "description": "District Hospital",
        "name": "Diamond Harbour District Hospital",
        "source": "OpenGovernmentData",
        "osm_id": 7199853422
      }
    },
    {
      "type": "Feature",
      "geometry": {
        "type": "Point",
        "coordinates": [
          88.7204195,
          22.1543428
        ]
      },
      "properties": {
        "amenity": "hospital",
        "healthcare": "hospital",
        "name": "Hospital RoseMary",
        "osm_id": 7558282448
      }
    },
    {
      "type": "Feature",
      "geometry": {
        "type": "Point",
        "coordinates": [
          88.2718829,
          22.5672546
        ]
      },
      "properties": {
        "amenity": "hospital",
        "emergency": "yes",
        "name": "Indus Nursing Home",
        "osm_id": 7592786738
      }
    },
    {
      "type": "Feature",
      "geometry": {
        "type": "Point",
        "coordinates": [
          88.2730325,
          22.5671332
        ]
      },
      "properties": {
        "amenity": "hospital",
        "emergency": "yes",
        "name": "Smile Dental Care",
        "osm_id": 7640497232
      }
    },
    {
      "type": "Feature",
      "geometry": {
        "type": "Point",
        "coordinates": [
          88.4287126,
          22.4173683
        ]
      },
      "properties": {
        "addr:district": "South 24 Parganas",
        "addr:full": "Subhasgram, Kolkata",
        "addr:postcode": "700147",
        "addr:state": "West Bengal",
        "amenity": "hospital",
        "name": "Government Hospital",
        "source": "Local Knowledge",
        "osm_id": 7668176270
      }
    },
    {
      "type": "Feature",
      "geometry": {
        "type": "Point",
        "coordinates": [
          88.327107,
          22.580661
        ]
      },
      "properties": {
        "addr:district": "Howrah",
        "addr:full": "Howrah",
        "addr:postcode": "711101",
        "addr:state": "West Bengal",
        "amenity": "clinic",
        "healthcare": "clinic",
        "name": "Susrut Eye Foundation & Research Centre",
        "source": "Local Knowledge",
        "osm_id": 7668176271
      }
    },
    {
      "type": "Feature",
      "geometry": {
        "type": "Point",
        "coordinates": [
          88.345912,
          22.5311485
        ]
      },
      "properties": {
        "addr:district": "Kolkata",
        "addr:full": "Ashutosh Mukherjee Road, Paddapukur, Bhowanipore",
        "addr:postcode": "700025",
        "addr:state": "West Bengal",
        "addr:street": "Ashutosh Mukhejee Road",
        "amenity": "hospital",
        "healthcare": "hospital",
        "name": "Anandalok Hospital",
        "source": "Local Knowledge",
        "osm_id": 7668176272
      }
    },
    {
      "type": "Feature",
      "geometry": {
        "type": "Point",
        "coordinates": [
          88.4320364,
          22.3665709
        ]
      },
      "properties": {
        "addr:district": "South 24 Parganas",
        "addr:full": "Brickfield Road Baruipur,Arup Bhadra Sarani, Baruipur",
        "addr:postcode": "700144",
        "addr:state": "West Bengal",
        "amenity": "hospital",
        "healthcare": "hospital",
        "name": "Baruipur Eye Hospital",
        "source": "Local Knowledge",
        "osm_id": 7668176274
      }
    },
    {
      "type": "Feature",
      "geometry": {
        "type": "Point",
        "coordinates": [
          88.091677,
          22.468093
        ]
      },
      "properties": {
        "addr:district": "Howrah",
        "addr:full": "Bazarpara, Uluberia",
        "addr:postcode": "711315",
        "addr:state": "West Bengal",
        "amenity": "hospital",
        "name": "Sebabbrata Hospital",
        "source": "Local Knowledge",
        "osm_id": 7668176278
      }
    },
    {
      "type": "Feature",
      "geometry": {
        "type": "Point",
        "coordinates": [
          88.3884232,
          22.5267338
        ]
      },
      "properties": {
        "addr:district": "Kolkata",
        "addr:full": "Tiljala",
        "addr:postcode": "700039",
        "addr:state": "West Bengal",
        "amenity": "hospital",
        "healthcare": "hospital",
        "name": "Cancer Hospital",
        "source": "Local Knowledge",
        "osm_id": 7668176281
      }
    },
    {
      "type": "Feature",
      "geometry": {
        "type": "Point",
        "coordinates": [
          88.4246568,
          22.5756826
        ]
      },
      "properties": {
        "addr:district": "Kolkata",
        "addr:full": "EM Block, Sector V, Bidhannagar",
        "addr:postcode": "700091",
        "addr:state": "West Bengal",
        "amenity": "clinic",
        "healthcare": "clinic",
        "name": "ECHS Polyclinic",
        "source": "Local Knowledge",
        "osm_id": 7668176282
      }
    },
    {
      "type": "Feature",
      "geometry": {
        "type": "Point",
        "coordinates": [
          88.34615,
          22.532648
        ]
      },
      "properties": {
        "addr:district": "Kolkata",
        "addr:full": "Ashutosh Mukherjee Road, Paddapukur, Bhowanipore",
        "addr:postcode": "700025",
        "addr:state": "West Bengal",
        "amenity": "hospital",
        "healthcare": "hospital",
        "name": "Harlaka Hospital",
        "source": "Local Knowledge",
        "osm_id": 7668176283
      }
    },
    {
      "type": "Feature",
      "geometry": {
        "type": "Point",
        "coordinates": [
          88.3227465,
          22.508538
        ]
      },
      "properties": {
        "addr:district": "Kolkata",
        "addr:full": "James Long Sarani, Vinobha Bhave Road, Behala",
        "addr:postcode": "700038",
        "addr:state": "West Bengal",
        "amenity": "hospital",
        "healthcare": "hospital",
        "name": "Hope Hospital",
        "source": "Local Knowledge",
        "osm_id": 7668176285
      }
    },
    {
      "type": "Feature",
      "geometry": {
        "type": "Point",
        "coordinates": [
          88.6953168,
          22.3044706
        ]
      },
      "properties": {
        "addr:district": "South 24 Parganas",
        "addr:full": "Amjhara",
        "addr:postcode": "743329",
        "addr:state": "West Bengal",
        "amenity": "hospital",
        "name": "Simultala Hospital",
        "source": "Local Knowledge",
        "osm_id": 7668176290
      }
    },
    {
      "type": "Feature",
      "geometry": {
        "type": "Point",
        "coordinates": [
          87.973291,
          22.467797
        ]
      },
      "properties": {
        "addr:district": "Howrah",
        "addr:full": "library more, Bagnan",
        "addr:postcode": "711303",
        "addr:state": "West Bengal",
        "amenity": "hospital",
        "name": "Life Line Hospital",
        "source": "Local Knowledge",
        "osm_id": 7668176291
      }
    },
    {
      "type": "Feature",
      "geometry": {
        "type": "Point",
        "coordinates": [
          88.363293,
          22.552075
        ]
      },
      "properties": {
        "addr:district": "Kolkata",
        "addr:full": "Acharya Jagadish Chandra Bose Road, Rippon Street, Taltala",
        "addr:postcode": "700017",
        "addr:state": "West Bengal",
        "amenity": "hospital",
        "check_date": "2026-03-22",
        "healthcare": "hospital",
        "name": "Mission Hospital",
        "source": "Local Knowledge",
        "osm_id": 7668176293
      }
    },
    {
      "type": "Feature",
      "geometry": {
        "type": "Point",
        "coordinates": [
          87.902525,
          21.934633
        ]
      },
      "properties": {
        "addr:district": "Purba Medinipur",
        "addr:full": "Kamarda",
        "addr:postcode": "721432",
        "addr:state": "West Bengal",
        "amenity": "hospital",
        "name": "Kamarda Hospital",
        "source": "Local Knowledge",
        "osm_id": 7668176295
      }
    },
    {
      "type": "Feature",
      "geometry": {
        "type": "Point",
        "coordinates": [
          88.3824758,
          22.5365096
        ]
      },
      "properties": {
        "addr:district": "Kolkata",
        "addr:full": "Topsia Road, near Kohinoor Market, Topsia",
        "addr:postcode": "700046",
        "addr:state": "West Bengal",
        "amenity": "clinic",
        "healthcare": "clinic",
        "name": "Dr. Alis Multispeciality Clinic",
        "source": "Local Knowledge",
        "osm_id": 7668176302
      }
    },
    {
      "type": "Feature",
      "geometry": {
        "type": "Point",
        "coordinates": [
          88.3596261,
          22.5444397
        ]
      },
      "properties": {
        "addr:district": "Kolkata",
        "addr:full": "Kala Mandir, Shakespeare Sarani Road, Mullick Bazar, Park Street Area",
        "addr:postcode": "700017",
        "addr:state": "West Bengal",
        "amenity": "hospital",
        "check_date": "2026-03-22",
        "healthcare": "hospital",
        "name": "Miot Hospitals",
        "source": "Local Knowledge",
        "osm_id": 7668176307
      }
    },
    {
      "type": "Feature",
      "geometry": {
        "type": "Point",
        "coordinates": [
          88.418108,
          22.59756
        ]
      },
      "properties": {
        "addr:district": "North 24 Parganas",
        "addr:full": "Bidhannagar",
        "addr:postcode": "700064",
        "addr:state": "West Bengal",
        "amenity": "clinic",
        "healthcare": "clinic",
        "name": "Anandalok Polyclinic",
        "source": "Local Knowledge",
        "osm_id": 7668176308
      }
    },
    {
      "type": "Feature",
      "geometry": {
        "type": "Point",
        "coordinates": [
          88.3607871,
          22.563724
        ]
      },
      "properties": {
        "addr:district": "Kolkata",
        "addr:full": "Raja Subodh Mullick Square Road, Bowbazar",
        "addr:postcode": "700013",
        "addr:state": "West Bengal",
        "amenity": "hospital",
        "check_date": "2026-03-22",
        "healthcare": "hospital",
        "name": "Sankara Nethralaya",
        "source": "Local Knowledge",
        "osm_id": 7668176310
      }
    },
    {
      "type": "Feature",
      "geometry": {
        "type": "Point",
        "coordinates": [
          88.1678893,
          22.4652166
        ]
      },
      "properties": {
        "addr:district": "South 24 Parganas",
        "addr:full": "Nishchintapur, Budge Budge, Maheshtala",
        "addr:postcode": "700137",
        "addr:state": "West Bengal",
        "amenity": "hospital",
        "healthcare": "hospital",
        "name": "ESI Hospital",
        "operator": "Employees' State Insurance",
        "operator:short": "ESI",
        "operator:wikidata": "Q3595726",
        "source": "Local Knowledge",
        "osm_id": 7668176311
      }
    },
    {
      "type": "Feature",
      "geometry": {
        "type": "Point",
        "coordinates": [
          88.3525175,
          22.5155617
        ]
      },
      "properties": {
        "addr:district": "Kolkata",
        "addr:full": "Sarat Bose Road, Lake Road Crossing, Near Lake Road Bus Stop",
        "addr:postcode": "700029",
        "addr:state": "West Bengal",
        "amenity": "hospital",
        "healthcare": "hospital",
        "name": "Kottakkal Ayurvedic Hospital and Research Centre",
        "source": "Local Knowledge",
        "osm_id": 7668176312
      }
    },
    {
      "type": "Feature",
      "geometry": {
        "type": "Point",
        "coordinates": [
          88.39227,
          22.514789
        ]
      },
      "properties": {
        "addr:district": "Kolkata",
        "addr:full": "Rene Tower, Rajdanga Main Road",
        "addr:postcode": "700107",
        "addr:state": "West Bengal",
        "amenity": "hospital",
        "healthcare": "hospital",
        "healthcare:speciality": "ophthalmology",
        "name": "Dr. Agarwals Eye Hospital",
        "operator": "Dr. Agarwal's Eye Hospital",
        "operator:wikidata": "Q17052044",
        "source": "Local Knowledge",
        "osm_id": 7668176314
      }
    },
    {
      "type": "Feature",
      "geometry": {
        "type": "Point",
        "coordinates": [
          88.432027,
          22.366338
        ]
      },
      "properties": {
        "addr:district": "South 24 Parganas",
        "addr:full": "Brick Field Road, Masterpara, Subuddhipur, Baruipur",
        "addr:postcode": "700144",
        "addr:state": "West Bengal",
        "amenity": "hospital",
        "healthcare": "hospital",
        "name": "ESIC Center",
        "source": "Local Knowledge",
        "osm_id": 7668176316
      }
    },
    {
      "type": "Feature",
      "geometry": {
        "type": "Point",
        "coordinates": [
          88.1981452,
          22.3890571
        ]
      },
      "properties": {
        "addr:district": "South 24 Parganas",
        "addr:full": "Chak Manik, Raypur",
        "addr:postcode": "743377",
        "addr:state": "West Bengal",
        "amenity": "hospital",
        "name": "Muchisa Hospital",
        "source": "Local Knowledge",
        "osm_id": 7668176318
      }
    },
    {
      "type": "Feature",
      "geometry": {
        "type": "Point",
        "coordinates": [
          88.3733781,
          22.5052722
        ]
      },
      "properties": {
        "addr:district": "Kolkata",
        "addr:full": "Selimpur Road, Dhakuria, Selimpur, Garfa",
        "addr:postcode": "700031",
        "addr:state": "West Bengal",
        "amenity": "clinic",
        "healthcare": "clinic",
        "healthcare:speciality": "ophthalmology",
        "name": "Disha Eye Care Center",
        "source": "Local Knowledge",
        "osm_id": 7668176319
      }
    },
    {
      "type": "Feature",
      "geometry": {
        "type": "Point",
        "coordinates": [
          88.24592,
          22.081339
        ]
      },
      "properties": {
        "addr:district": "South 24 Parganas",
        "addr:full": "Kulpi",
        "addr:postcode": "743351",
        "addr:state": "West Bengal",
        "amenity": "hospital",
        "name": "Chittaranjan Dental Hospital",
        "source": "Local Knowledge",
        "osm_id": 7668176320
      }
    },
    {
      "type": "Feature",
      "geometry": {
        "type": "Point",
        "coordinates": [
          88.448746,
          22.224118
        ]
      },
      "properties": {
        "addr:district": "South 24 Parganas",
        "addr:full": "Kalikapur Barasat",
        "addr:postcode": "743372",
        "addr:state": "West Bengal",
        "amenity": "hospital",
        "name": "Rotary Dakshin Barasat Eye Hospital",
        "source": "Local Knowledge",
        "osm_id": 7668176321
      }
    },
    {
      "type": "Feature",
      "geometry": {
        "type": "Point",
        "coordinates": [
          88.3590386,
          22.5331915
        ]
      },
      "properties": {
        "addr:district": "Kolkata",
        "addr:full": "Leela Roy Sarani, Ballygunge",
        "addr:postcode": "700019",
        "addr:state": "West Bengal",
        "amenity": "hospital",
        "healthcare": "hospital",
        "name": "Duncan Gleneagles Hospitals",
        "source": "Local Knowledge",
        "osm_id": 7668176329
      }
    },
    {
      "type": "Feature",
      "geometry": {
        "type": "Point",
        "coordinates": [
          88.3432901,
          22.5321441
        ]
      },
      "properties": {
        "addr:district": "Kolkata",
        "addr:full": "Harish Mukherjee Road, Jatin Das Park, Patuapara, Bhowanipore",
        "addr:housenumber": "28",
        "addr:postcode": "700025",
        "addr:state": "West Bengal",
        "addr:street": "Harish Mukherjee Road",
        "amenity": "hospital",
        "check_date": "2023-10-28",
        "healthcare": "hospital",
        "name": "Netaji Eye Hospital",
        "phone": "03324551174",
        "source": "Local Knowledge",
        "website": "http://www.asimananda.com/founded/founded_eye_hosp.htm",
        "osm_id": 7668176330
      }
    },
    {
      "type": "Feature",
      "geometry": {
        "type": "Point",
        "coordinates": [
          88.3659743,
          22.5202511
        ]
      },
      "properties": {
        "addr:district": "Kolkata",
        "addr:full": "Citi Mart Building, Rash Behari Ave",
        "addr:postcode": "700029",
        "addr:state": "West Bengal",
        "amenity": "hospital",
        "check_date": "2023-10-04",
        "healthcare": "hospital",
        "name": "Disha Eye Hospital",
        "source": "Local Knowledge",
        "osm_id": 7668176332
      }
    },
    {
      "type": "Feature",
      "geometry": {
        "type": "Point",
        "coordinates": [
          88.3324303,
          22.5117693
        ]
      },
      "properties": {
        "addr:district": "Kolkata",
        "addr:full": "Humayun Kabir Sarani, New Alipore",
        "addr:postcode": "700053",
        "addr:state": "West Bengal",
        "amenity": "hospital",
        "healthcare": "hospital",
        "name": "B.P. Poddar Hospital",
        "source": "Local Knowledge",
        "osm_id": 7668176334
      }
    },
    {
      "type": "Feature",
      "geometry": {
        "type": "Point",
        "coordinates": [
          88.6113764,
          22.5217005
        ]
      },
      "properties": {
        "addr:district": "South 24 Parganas",
        "addr:full": "Gobindapur",
        "addr:postcode": "743502",
        "addr:state": "West Bengal",
        "amenity": "hospital",
        "name": "Shis Eye Care Hospital",
        "source": "Local Knowledge",
        "osm_id": 7668176337
      }
    },
    {
      "type": "Feature",
      "geometry": {
        "type": "Point",
        "coordinates": [
          88.420662,
          22.389019
        ]
      },
      "properties": {
        "addr:district": "South 24 Parganas",
        "addr:full": "Dehimedan Malla, Dakshin Gobindopur, Baruipur",
        "addr:postcode": "700144",
        "addr:state": "West Bengal",
        "amenity": "hospital",
        "name": "Antara Psychiatric Hospital",
        "source": "Local Knowledge",
        "osm_id": 7668176338
      }
    },
    {
      "type": "Feature",
      "geometry": {
        "type": "Point",
        "coordinates": [
          88.3419528,
          22.4865885
        ]
      },
      "properties": {
        "addr:district": "Kolkata",
        "addr:full": "Tollygunge",
        "addr:postcode": "700040",
        "addr:state": "West Bengal",
        "amenity": "hospital",
        "healthcare": "hospital",
        "name": "Tapan Sinha Memorial Hospital",
        "source": "Local Knowledge",
        "osm_id": 7668176340
      }
    },
    {
      "type": "Feature",
      "geometry": {
        "type": "Point",
        "coordinates": [
          88.4351474,
          22.5820094
        ]
      },
      "properties": {
        "addr:district": "North 24 Parganas",
        "addr:full": "AN Block, Bidhannagar",
        "addr:postcode": "700091",
        "addr:state": "West Bengal",
        "amenity": "hospital",
        "healthcare": "hospital",
        "name": "Composite Hospital",
        "source": "Local Knowledge",
        "osm_id": 7668176345
      }
    },
    {
      "type": "Feature",
      "geometry": {
        "type": "Point",
        "coordinates": [
          88.3676076,
          22.5125412
        ]
      },
      "properties": {
        "addr:city": "Kolkata",
        "addr:postcode": "700029",
        "amenity": "hospital",
        "check_date": "2023-12-16",
        "healthcare": "hospital",
        "healthcare:speciality": "blood_check;cardiology;cardiothoracic_surgery;child_psychiatry;chiropractic;clinical_pathology",
        "internet_access": "no",
        "name": "AMRI Hospital",
        "operator:type": "private",
        "payment:cash": "yes",
        "payment:mastercard": "yes",
        "payment:visa": "yes",
        "wheelchair": "yes",
        "osm_id": 7968592609
      }
    },
    {
      "type": "Feature",
      "geometry": {
        "type": "Point",
        "coordinates": [
          88.4170352,
          22.1710789
        ]
      },
      "properties": {
        "addr:city": "Jaynagar Majilpur",
        "addr:postcode": "743337",
        "addr:street": "Kulpi Road",
        "amenity": "clinic",
        "brand": "Apollo Diagnostics",
        "brand:wikidata": "Q134885714",
        "healthcare": "laboratory",
        "name": "Apollo Diagnostics",
        "osm_id": 9509584793
      }
    },
    {
      "type": "Feature",
      "geometry": {
        "type": "Point",
        "coordinates": [
          88.4170643,
          22.1711126
        ]
      },
      "properties": {
        "addr:city": "Jaynagar Majilpur",
        "addr:postcode": "743337",
        "addr:street": "Kulpi Road",
        "amenity": "clinic",
        "healthcare": "clinic",
        "name": "Jaynagar Blood Collection Centre and Doctor's Clinic",
        "osm_id": 9509584794
      }
    },
    {
      "type": "Feature",
      "geometry": {
        "type": "Point",
        "coordinates": [
          89.1002502,
          22.3439878
        ]
      },
      "properties": {
        "amenity": "clinic",
        "healthcare": "clinic",
        "name": "Modan Clinic",
        "osm_id": 9575850300
      }
    },
    {
      "type": "Feature",
      "geometry": {
        "type": "Point",
        "coordinates": [
          89.1745877,
          22.5452572
        ]
      },
      "properties": {
        "amenity": "clinic",
        "healthcare": "clinic",
        "name": "Unnayon Clinic",
        "osm_id": 9576105508
      }
    },
    {
      "type": "Feature",
      "geometry": {
        "type": "Point",
        "coordinates": [
          89.0378981,
          22.4485096
        ]
      },
      "properties": {
        "amenity": "hospital",
        "healthcare": "hospital",
        "name": "Life care Digital Lab & Hospital",
        "osm_id": 9576105509
      }
    },
    {
      "type": "Feature",
      "geometry": {
        "type": "Point",
        "coordinates": [
          89.0353585,
          22.4525995
        ]
      },
      "properties": {
        "amenity": "clinic",
        "healthcare": "clinic",
        "name": "Jhorna Clinic",
        "osm_id": 9576105510
      }
    },
    {
      "type": "Feature",
      "geometry": {
        "type": "Point",
        "coordinates": [
          88.4051432,
          22.5995598
        ]
      },
      "properties": {
        "amenity": "clinic",
        "healthcare": "clinic",
        "name": "Apollo diagnosis center",
        "osm_id": 9640612717
      }
    },
    {
      "type": "Feature",
      "geometry": {
        "type": "Point",
        "coordinates": [
          88.3993708,
          22.5888797
        ]
      },
      "properties": {
        "amenity": "hospital",
        "healthcare": "hospital",
        "name": "Ananya",
        "osm_id": 9658687917
      }
    },
    {
      "type": "Feature",
      "geometry": {
        "type": "Point",
        "coordinates": [
          88.3984031,
          22.5645031
        ]
      },
      "properties": {
        "addr:city": "kolkata",
        "addr:housenumber": "57",
        "addr:postcode": "700010",
        "addr:street": "beleghata main road",
        "amenity": "hospital",
        "healthcare": "hospital",
        "name": "ID Hospital",
        "osm_id": 10679793548
      }
    },
    {
      "type": "Feature",
      "geometry": {
        "type": "Point",
        "coordinates": [
          88.3925129,
          22.449944
        ]
      },
      "properties": {
        "amenity": "hospital",
        "check_date": "2023-10-30",
        "healthcare": "hospital",
        "healthcare:speciality": "ophthalmology",
        "name": "Susrut Eye Foundation And Research Hospital",
        "payment:cash": "yes",
        "payment:mastercard": "yes",
        "payment:visa": "yes",
        "wheelchair": "yes",
        "osm_id": 11272131233
      }
    },
    {
      "type": "Feature",
      "geometry": {
        "type": "Point",
        "coordinates": [
          87.9672766,
          22.466249
        ]
      },
      "properties": {
        "amenity": "hospital",
        "healthcare": "hospital",
        "name": "JNS Nursing Home",
        "social_facility": "nursing_home",
        "social_facility:for": "senior",
        "wheelchair": "yes",
        "osm_id": 11365853949
      }
    },
    {
      "type": "Feature",
      "geometry": {
        "type": "Point",
        "coordinates": [
          88.43427,
          22.3579557
        ]
      },
      "properties": {
        "addr:city": "Baruipur",
        "addr:district": "South 24 Parganas",
        "addr:housenumber": "35",
        "addr:postcode": "700144",
        "addr:street": "Kulpi Road",
        "amenity": "hospital",
        "healthcare": "hospital",
        "name": "Baruipur Super-Specality Hospital",
        "osm_id": 11612709539
      }
    },
    {
      "type": "Feature",
      "geometry": {
        "type": "Point",
        "coordinates": [
          88.3927561,
          22.5662809
        ]
      },
      "properties": {
        "amenity": "hospital",
        "healthcare": "hospital",
        "name": "Divine Nursing Home",
        "osm_id": 11648826969
      }
    },
    {
      "type": "Feature",
      "geometry": {
        "type": "Point",
        "coordinates": [
          88.3544507,
          22.4707422
        ]
      },
      "properties": {
        "addr:city": "Kolkata",
        "addr:district": "kolkata",
        "addr:housenumber": "28/1",
        "addr:place": "Bansdroni",
        "addr:postcode": "70070",
        "addr:state": "West Bengal",
        "addr:street": "Dinesh Pally",
        "amenity": "clinic",
        "healthcare": "clinic",
        "level": "0",
        "name": "Jeevan Asha Kendra",
        "operator": "Dr. Austin Navis",
        "phone": "+91 75840 08468",
        "osm_id": 12193951827
      }
    },
    {
      "type": "Feature",
      "geometry": {
        "type": "Point",
        "coordinates": [
          88.0696461,
          22.1386957
        ]
      },
      "properties": {
        "amenity": "hospital",
        "healthcare": "hospital",
        "name": "\u09b8\u09cd\u09ac\u09be\u09b8\u09cd\u09a5\u09cd\u09af\u0995\u09c7\u09a8\u09cd\u09a6\u09cd\u09b0",
        "name:en": "Rural Dispensery",
        "osm_id": 12319508503
      }
    },
    {
      "type": "Feature",
      "geometry": {
        "type": "Point",
        "coordinates": [
          88.3965023,
          22.5759996
        ]
      },
      "properties": {
        "amenity": "clinic",
        "healthcare": "clinic",
        "name": "Ramkrishna mission yogodan",
        "osm_id": 12387764101
      }
    },
    {
      "type": "Feature",
      "geometry": {
        "type": "Point",
        "coordinates": [
          88.3914007,
          22.5759341
        ]
      },
      "properties": {
        "amenity": "clinic",
        "healthcare": "clinic",
        "name": "Purvanchal nagarik samati",
        "opening_hours": "Mo-Su 06:00-19:30",
        "phone": "033 7963 2343",
        "osm_id": 12753736101
      }
    },
    {
      "type": "Feature",
      "geometry": {
        "type": "Point",
        "coordinates": [
          88.363781,
          22.5166814
        ]
      },
      "properties": {
        "addr:postcode": "700029",
        "addr:street": "Purna Das Road",
        "amenity": "clinic",
        "name": "Heilen Cross Diagnostics pvt ltd",
        "opening_hours": "Mo-Su 08:00-20:00",
        "osm_id": 12912630305
      }
    },
    {
      "type": "Feature",
      "geometry": {
        "type": "Point",
        "coordinates": [
          88.3896941,
          22.579946
        ]
      },
      "properties": {
        "addr:housenumber": "198A",
        "addr:postcode": "700054",
        "addr:street": "Manicktala road",
        "amenity": "clinic",
        "healthcare": "clinic",
        "name": "RB Diagnostic",
        "phone": "+913340854085;+913333823382",
        "osm_id": 13062785401
      }
    },
    {
      "type": "Feature",
      "geometry": {
        "type": "Point",
        "coordinates": [
          88.3684915,
          22.5638343
        ]
      },
      "properties": {
        "amenity": "hospital",
        "check_date": "2026-03-22",
        "healthcare": "hospital",
        "name": "Medical College and Hospital",
        "osm_id": 13410251761
      }
    },
    {
      "type": "Feature",
      "geometry": {
        "type": "Point",
        "coordinates": [
          88.372774,
          22.5582114
        ]
      },
      "properties": {
        "amenity": "hospital",
        "healthcare": "hospital",
        "name": "Horizon Hospital",
        "osm_id": 13410278676
      }
    },
    {
      "type": "Feature",
      "geometry": {
        "type": "Point",
        "coordinates": [
          88.2559707,
          22.4178797
        ]
      },
      "properties": {
        "addr:postcode": "700104",
        "addr:street": "Angarberia Gram, Raypur, Samali, West Bengal 700104",
        "amenity": "hospital",
        "name": "Samali Block Primary Health Center",
        "osm_id": 13594653301
      }
    },
    {
      "type": "Feature",
      "geometry": {
        "type": "Point",
        "coordinates": [
          88.4069188,
          22.3264415
        ]
      },
      "properties": {
        "addr:city": "Indrapala",
        "addr:district": "South 24 Parganas",
        "addr:postcode": "743610",
        "addr:street": "Indrapala Road",
        "amenity": "clinic",
        "healthcare": "clinic",
        "name": "Mahamaya Clinic",
        "osm_id": 13752681411
      }
    },
    {
      "type": "Feature",
      "geometry": {
        "type": "Point",
        "coordinates": [
          88.3423533,
          22.5403443
        ]
      },
      "properties": {
        "amenity": "hospital",
        "name": "\u0995\u09be\u09b0\u09cd\u09a1\u09bf\u0993\u09b2\u099c\u09bf \u099c\u09b0\u09c1\u09b0\u09c0 \u09ac\u09bf\u09ad\u09be\u0997 \u0993 \u0987.\u09b8\u09bf.\u099c\u09bf, \u0987\u0995\u09cb\u0995\u09be\u09b0\u09cd\u09a1\u09bf\u0993\u0997\u09cd\u09f0\u09be\u09ab\u09bf \u09aa\u09b0\u09bf\u09b7\u09c7\u09ac\u09be",
        "name:en": "Cardiology Emergency & ECG, Echocardiography Service",
        "opening_hours": "24/7",
        "osm_id": 13805533201
      }
    },
    {
      "type": "Feature",
      "geometry": {
        "type": "Point",
        "coordinates": [
          88.1715384,
          22.4534958
        ]
      },
      "properties": {
        "amenity": "hospital",
        "healthcare": "hospital",
        "name": "JIMSH",
        "osm_id": 14041232858
      }
    },
    {
      "type": "Feature",
      "geometry": {
        "type": "LineString",
        "coordinates": [
          [
            88.3395733,
            22.5385741
          ],
          [
            88.3442182,
            22.5383975
          ],
          [
            88.3441934,
            22.5391803
          ],
          [
            88.344161,
            22.5402003
          ],
          [
            88.3451176,
            22.5402649
          ],
          [
            88.3453504,
            22.5415061
          ],
          [
            88.34391,
            22.5413644
          ],
          [
            88.3411204,
            22.5407841
          ],
          [
            88.3408063,
            22.540722
          ],
          [
            88.3405028,
            22.5406501
          ],
          [
            88.3393615,
            22.5403316
          ],
          [
            88.3393515,
            22.5401534
          ],
          [
            88.339366,
            22.5398428
          ],
          [
            88.3395733,
            22.5385741
          ]
        ]
      },
      "properties": {
        "addr:district": "Kolkata",
        "addr:full": "244, Acharya Jagadish Chandra Bose Road",
        "addr:postcode": "700020",
        "addr:state": "West Bengal",
        "addr:street": "Harish Mukherjee Road",
        "alt_name": "PG Hospital",
        "alt_name:en": "PG Hospital",
        "amenity": "hospital",
        "check_date": "2023-10-27",
        "healthcare": "hospital",
        "name": "SSKM College and Hospital",
        "name:en": "SSKM College and Hospital",
        "opening_hours": "24/7",
        "phone": "03322041100",
        "source": "OpenGovernmentData",
        "website": "https://www.ipgmer.gov.in/",
        "osm_id": 52097642
      }
    },
    {
      "type": "Feature",
      "geometry": {
        "type": "LineString",
        "coordinates": [
          [
            88.3356089,
            22.5810217
          ],
          [
            88.3352012,
            22.5805264
          ],
          [
            88.3354909,
            22.5802391
          ],
          [
            88.3359737,
            22.5795357
          ],
          [
            88.3362741,
            22.5795258
          ],
          [
            88.3369715,
            22.5801994
          ],
          [
            88.3356089,
            22.5810217
          ]
        ]
      },
      "properties": {
        "addr:district": "Howrah",
        "addr:full": "District Hospital, Howrah, Howrah Municipal Corporation, Biplabi Haren Ghosh Sarani",
        "addr:postcode": "711101",
        "addr:state": "West Bengal",
        "amenity": "hospital",
        "check_date": "2024-07-15",
        "description": "District Hospital",
        "healthcare": "hospital",
        "name": "Howrah District Hospital",
        "operator:type": "government",
        "source": "OpenGovernmentData",
        "osm_id": 102036495
      }
    },
    {
      "type": "Feature",
      "geometry": {
        "type": "LineString",
        "coordinates": [
          [
            88.3679159,
            22.5765285
          ],
          [
            88.3677979,
            22.5759936
          ],
          [
            88.3677013,
            22.5754784
          ],
          [
            88.3676906,
            22.5746165
          ],
          [
            88.3677764,
            22.5746958
          ],
          [
            88.3685596,
            22.5764889
          ],
          [
            88.3679159,
            22.5765285
          ]
        ]
      },
      "properties": {
        "addr:district": "Kolkata",
        "addr:full": "118, Raja Ram Mohan Roy Sarani",
        "addr:postcode": "700009",
        "addr:state": "West Bengal",
        "amenity": "hospital",
        "check_date": "2023-10-30",
        "contact:phone": "03330612200;22414896",
        "healthcare": "hospital",
        "internet_access": "wlan",
        "internet_access:fee": "no",
        "name": "SVS Marwari Hospital",
        "operator:type": "government",
        "payment:cash": "yes",
        "payment:mastercard": "yes",
        "payment:visa": "yes",
        "source": "OpenGovernmentData",
        "website": "https://svsmarwarihospital.com/",
        "wheelchair": "yes",
        "osm_id": 103477674
      }
    },
    {
      "type": "Feature",
      "geometry": {
        "type": "LineString",
        "coordinates": [
          [
            88.3699732,
            22.5769952
          ],
          [
            88.3699196,
            22.5760343
          ],
          [
            88.3705311,
            22.5758659
          ],
          [
            88.3708331,
            22.5766434
          ],
          [
            88.3699732,
            22.5769952
          ]
        ]
      },
      "properties": {
        "amenity": "hospital",
        "check_date": "2023-09-30",
        "healthcare": "hospital",
        "internet_access": "wlan",
        "internet_access:fee": "no",
        "name": "Narcotic Disease Hospital",
        "payment:mastercard": "yes",
        "payment:visa": "yes",
        "wheelchair": "yes",
        "osm_id": 104049649
      }
    },
    {
      "type": "Feature",
      "geometry": {
        "type": "LineString",
        "coordinates": [
          [
            88.3718299,
            22.5653249
          ],
          [
            88.3716522,
            22.5647398
          ],
          [
            88.3726929,
            22.5639075
          ],
          [
            88.3727762,
            22.5639816
          ],
          [
            88.3723619,
            22.5643968
          ],
          [
            88.3721984,
            22.5646368
          ],
          [
            88.3718299,
            22.5653249
          ]
        ]
      },
      "properties": {
        "amenity": "hospital",
        "healthcare": "hospital",
        "osm_id": 105833317
      }
    },
    {
      "type": "Feature",
      "geometry": {
        "type": "LineString",
        "coordinates": [
          [
            88.3708075,
            22.5468041
          ],
          [
            88.3707213,
            22.5462078
          ],
          [
            88.3706644,
            22.5456854
          ],
          [
            88.3718502,
            22.5454758
          ],
          [
            88.3720413,
            22.5454961
          ],
          [
            88.3723632,
            22.5455556
          ],
          [
            88.3721057,
            22.546705
          ],
          [
            88.3708075,
            22.5468041
          ]
        ]
      },
      "properties": {
        "addr:district": "Kolkata",
        "addr:full": "Opposite Of Lady Brabourne College, Kolkata, Gorachand Road",
        "addr:postcode": "700014",
        "addr:state": "West Bengal",
        "amenity": "hospital",
        "check_date": "2024-10-06",
        "description": "Medical Colleges Hospital",
        "healthcare": "hospital",
        "name": "Calcutta National Medical College & Hospital",
        "source": "OpenGovernmentData",
        "osm_id": 113279088
      }
    },
    {
      "type": "Feature",
      "geometry": {
        "type": "LineString",
        "coordinates": [
          [
            88.370279,
            22.5226909
          ],
          [
            88.369072,
            22.5222326
          ],
          [
            88.3690318,
            22.5219724
          ],
          [
            88.3689499,
            22.5217764
          ],
          [
            88.368856,
            22.5215956
          ],
          [
            88.3687931,
            22.521519
          ],
          [
            88.3687718,
            22.5213909
          ],
          [
            88.3687902,
            22.5213025
          ],
          [
            88.3689203,
            22.5212665
          ],
          [
            88.3690858,
            22.5212971
          ],
          [
            88.3692454,
            22.5213461
          ],
          [
            88.3698046,
            22.5216068
          ],
          [
            88.3707545,
            22.522
          ],
          [
            88.3706155,
            22.5222571
          ],
          [
            88.3704641,
            22.5222152
          ],
          [
            88.3703339,
            22.5224875
          ],
          [
            88.3703082,
            22.5226315
          ],
          [
            88.370279,
            22.5226909
          ]
        ]
      },
      "properties": {
        "amenity": "hospital",
        "healthcare": "hospital",
        "name": "Bharat Sevashram Sangha Hospital",
        "osm_id": 118140494
      }
    },
    {
      "type": "Feature",
      "geometry": {
        "type": "LineString",
        "coordinates": [
          [
            88.3454293,
            22.4987878
          ],
          [
            88.34535,
            22.4998396
          ],
          [
            88.3468375,
            22.4997658
          ],
          [
            88.3475417,
            22.499738
          ],
          [
            88.3475582,
            22.4991489
          ],
          [
            88.3475553,
            22.4990091
          ],
          [
            88.3471894,
            22.4990198
          ],
          [
            88.3471226,
            22.4987315
          ],
          [
            88.3470445,
            22.4987072
          ],
          [
            88.3469332,
            22.4986629
          ],
          [
            88.3468941,
            22.4986217
          ],
          [
            88.346682,
            22.4986899
          ],
          [
            88.3461166,
            22.498736
          ],
          [
            88.3454293,
            22.4987878
          ]
        ]
      },
      "properties": {
        "addr:district": "Kolkata",
        "addr:full": "Rajendra Prasad Colony, Tollygunge",
        "addr:postcode": "700033",
        "addr:state": "West Bengal",
        "amenity": "hospital",
        "healthcare": "hospital",
        "healthcare:speciality": "neurology",
        "name": "MR Bangur Hospital",
        "source": "OpenGovernmentData",
        "wikidata": "Q61454023",
        "osm_id": 118667313
      }
    },
    {
      "type": "Feature",
      "geometry": {
        "type": "LineString",
        "coordinates": [
          [
            88.3642092,
            22.4880444
          ],
          [
            88.3641448,
            22.4879725
          ],
          [
            88.3638391,
            22.4872563
          ],
          [
            88.36422,
            22.487167
          ],
          [
            88.364177,
            22.4870704
          ],
          [
            88.3645847,
            22.4870035
          ],
          [
            88.3648288,
            22.486996
          ],
          [
            88.3648154,
            22.4871869
          ],
          [
            88.3649629,
            22.487794
          ],
          [
            88.3642092,
            22.4880444
          ]
        ]
      },
      "properties": {
        "addr:district": "South 24 Parganas",
        "addr:full": "Jadavpur Central Road, Near Vidyapith, Bijoygarh",
        "addr:postcode": "700032",
        "addr:state": "West Bengal",
        "amenity": "hospital",
        "description": "Sub-District Hospital",
        "healthcare": "hospital",
        "name": "Bijoygarh State General Hospital",
        "source": "OpenGovernmentData",
        "osm_id": 120961918
      }
    },
    {
      "type": "Feature",
      "geometry": {
        "type": "LineString",
        "coordinates": [
          [
            88.3713572,
            22.4955183
          ],
          [
            88.3732992,
            22.4961478
          ],
          [
            88.3740467,
            22.4958201
          ],
          [
            88.3742184,
            22.4956318
          ],
          [
            88.374946,
            22.494309
          ],
          [
            88.3753663,
            22.4936741
          ],
          [
            88.3751713,
            22.4934813
          ],
          [
            88.3750123,
            22.4931735
          ],
          [
            88.3749514,
            22.4928865
          ],
          [
            88.3748406,
            22.4924747
          ],
          [
            88.3746421,
            22.4921822
          ],
          [
            88.3744203,
            22.4919597
          ],
          [
            88.3743184,
            22.4918853
          ],
          [
            88.3741433,
            22.4919295
          ],
          [
            88.373621,
            22.491816
          ],
          [
            88.372811,
            22.4920737
          ],
          [
            88.3724481,
            22.4922665
          ],
          [
            88.372296,
            22.4925297
          ],
          [
            88.3719921,
            22.4933024
          ],
          [
            88.371799,
            22.4932924
          ],
          [
            88.3716952,
            22.4936895
          ],
          [
            88.3718687,
            22.4937385
          ],
          [
            88.3717185,
            22.4940557
          ],
          [
            88.3718669,
            22.4941206
          ],
          [
            88.3716166,
            22.4946158
          ],
          [
            88.3714538,
            22.4949583
          ],
          [
            88.3713894,
            22.4949533
          ],
          [
            88.3712733,
            22.4952155
          ],
          [
            88.3714396,
            22.4953196
          ],
          [
            88.3713572,
            22.4955183
          ]
        ]
      },
      "properties": {
        "addr:district": "Kolkata",
        "addr:full": "1F, Raja Subodh Mullick Road,Jadavpur",
        "addr:postcode": "700032",
        "addr:state": "West Bengal",
        "amenity": "hospital",
        "healthcare": "hospital",
        "name": "KPC Medical College And Hospital",
        "source": "OpenGovernmentData",
        "website": "https://kpcmedicalcollege.in/https://kpcmedicalcollege.in/",
        "wikidata": "Q12061039",
        "wikimedia_commons": "Category:KPC Medical College and Hospital",
        "wikipedia": "en:KPC Medical College and Hospital",
        "osm_id": 120981212
      }
    },
    {
      "type": "Feature",
      "geometry": {
        "type": "LineString",
        "coordinates": [
          [
            88.3478079,
            22.539141
          ],
          [
            88.3476097,
            22.5382159
          ],
          [
            88.3480107,
            22.5381735
          ],
          [
            88.3484892,
            22.5381284
          ],
          [
            88.3486662,
            22.5390469
          ],
          [
            88.3478079,
            22.539141
          ]
        ]
      },
      "properties": {
        "addr:district": "Kolkata",
        "addr:full": "11, Lala Lajpat Rai Sarani",
        "addr:postcode": "700020",
        "addr:state": "West Bengal",
        "amenity": "hospital",
        "check_date": "2023-10-28",
        "emergency": "yes",
        "healthcare": "hospital",
        "name": "Sambhunath Pandit Hospital",
        "name:etymology:wikidata": "Q7409045",
        "opening_hours": "24/7",
        "phone": "03323022820",
        "source": "OpenGovernmentData",
        "website": "https://78530f42105-drashukla.business.site/",
        "wikidata": "Q68954277",
        "wikimedia_commons": "Category:Sambhunath Pandit Hospital",
        "osm_id": 122192000
      }
    },
    {
      "type": "Feature",
      "geometry": {
        "type": "LineString",
        "coordinates": [
          [
            88.3445297,
            22.5375605
          ],
          [
            88.3444814,
            22.5371889
          ],
          [
            88.3450344,
            22.5371279
          ],
          [
            88.3449822,
            22.5367916
          ],
          [
            88.3459013,
            22.5366426
          ],
          [
            88.3460961,
            22.5377439
          ],
          [
            88.3458585,
            22.5377686
          ],
          [
            88.3458989,
            22.5381255
          ],
          [
            88.3455768,
            22.5381128
          ],
          [
            88.3455941,
            22.5378064
          ],
          [
            88.344593,
            22.5377223
          ],
          [
            88.3445297,
            22.5375605
          ]
        ]
      },
      "properties": {
        "addr:postcode": "700025",
        "amenity": "hospital",
        "check_date": "2026-03-22",
        "healthcare": "hospital",
        "name": "Police Hospital",
        "opening_hours": "24/7",
        "phone": "03324552064",
        "website": "https://www.kolkatapolice.gov.in/PoliceHospital.aspx",
        "osm_id": 122564319
      }
    },
    {
      "type": "Feature",
      "geometry": {
        "type": "LineString",
        "coordinates": [
          [
            88.3410904,
            22.5384993
          ],
          [
            88.3409947,
            22.5379843
          ],
          [
            88.3413595,
            22.5379744
          ],
          [
            88.3413228,
            22.5375195
          ],
          [
            88.3411959,
            22.5375136
          ],
          [
            88.3408427,
            22.537475
          ],
          [
            88.3398985,
            22.5375542
          ],
          [
            88.3397395,
            22.5376548
          ],
          [
            88.3396563,
            22.5377589
          ],
          [
            88.3396606,
            22.5380499
          ],
          [
            88.3396178,
            22.5382397
          ],
          [
            88.3395691,
            22.5385663
          ],
          [
            88.3410904,
            22.5384993
          ]
        ]
      },
      "properties": {
        "addr:district": "Kolkata",
        "addr:full": "Sambhunath Pandit Street, Opp. Kolkata Police Commando, Bhowanipore",
        "addr:housenumber": "52/1a",
        "addr:postcode": "700020",
        "addr:state": "West Bengal",
        "addr:street": "Gokhel Road",
        "amenity": "hospital",
        "check_date": "2023-10-28",
        "healthcare": "hospital",
        "healthcare:speciality": "neurology",
        "name": "Bangur Institute Of Neurosciences",
        "opening_hours": "24/7",
        "phone": "03366579999",
        "source": "OpenGovernmentData",
        "wikidata": "Q14956830",
        "wikipedia": "en:Bangur Institute of Neurosciences",
        "osm_id": 122756318
      }
    },
    {
      "type": "Feature",
      "geometry": {
        "type": "LineString",
        "coordinates": [
          [
            88.3369848,
            22.5393692
          ],
          [
            88.3369822,
            22.5390447
          ],
          [
            88.3370331,
            22.5389778
          ],
          [
            88.3370117,
            22.5384848
          ],
          [
            88.3370625,
            22.5384198
          ],
          [
            88.3370573,
            22.5379348
          ],
          [
            88.3389078,
            22.5378995
          ],
          [
            88.3389052,
            22.5390639
          ],
          [
            88.3388758,
            22.5395946
          ],
          [
            88.3387729,
            22.5402243
          ],
          [
            88.3378041,
            22.5400162
          ],
          [
            88.3371962,
            22.5398994
          ],
          [
            88.3369946,
            22.5398576
          ],
          [
            88.3369848,
            22.5393692
          ]
        ]
      },
      "properties": {
        "amenity": "hospital",
        "healthcare": "hospital",
        "name": "Military Hospital",
        "osm_id": 122925159
      }
    },
    {
      "type": "Feature",
      "geometry": {
        "type": "LineString",
        "coordinates": [
          [
            88.309519,
            22.5460876
          ],
          [
            88.3095619,
            22.546261
          ],
          [
            88.3094983,
            22.5466449
          ],
          [
            88.3099937,
            22.5466821
          ],
          [
            88.3104872,
            22.5467837
          ],
          [
            88.3105999,
            22.5464047
          ],
          [
            88.3106294,
            22.5463304
          ],
          [
            88.3107107,
            22.5462609
          ],
          [
            88.3109379,
            22.5458498
          ],
          [
            88.3110049,
            22.5456987
          ],
          [
            88.3103888,
            22.5456044
          ],
          [
            88.3102279,
            22.5455871
          ],
          [
            88.3100938,
            22.5455524
          ],
          [
            88.3100294,
            22.5454806
          ],
          [
            88.3099006,
            22.545431
          ],
          [
            88.3098408,
            22.5454931
          ],
          [
            88.3096611,
            22.5456417
          ],
          [
            88.3095761,
            22.5457729
          ],
          [
            88.3095243,
            22.5459315
          ],
          [
            88.309519,
            22.5460876
          ]
        ]
      },
      "properties": {
        "amenity": "hospital",
        "healthcare": "hospital",
        "name": "BNR Hospital",
        "osm_id": 123870454
      }
    },
    {
      "type": "Feature",
      "geometry": {
        "type": "LineString",
        "coordinates": [
          [
            88.3097041,
            22.5868959
          ],
          [
            88.3095593,
            22.5868513
          ],
          [
            88.3095861,
            22.5861034
          ],
          [
            88.3091516,
            22.5861084
          ],
          [
            88.3091516,
            22.5859464
          ],
          [
            88.3096075,
            22.5859464
          ],
          [
            88.3097738,
            22.5860341
          ],
          [
            88.3097738,
            22.5861232
          ],
          [
            88.3097577,
            22.586465
          ],
          [
            88.3098007,
            22.5865739
          ],
          [
            88.3097041,
            22.5868959
          ]
        ]
      },
      "properties": {
        "amenity": "hospital",
        "healthcare": "hospital",
        "name": "M B Homoepathy Medical College and Hospital",
        "osm_id": 134098367
      }
    },
    {
      "type": "Feature",
      "geometry": {
        "type": "LineString",
        "coordinates": [
          [
            88.3276721,
            22.5332155
          ],
          [
            88.3276565,
            22.5330776
          ],
          [
            88.3272563,
            22.533104
          ],
          [
            88.327074,
            22.5319867
          ],
          [
            88.3270149,
            22.5316869
          ],
          [
            88.3277955,
            22.5315977
          ],
          [
            88.327833,
            22.5318083
          ],
          [
            88.3285095,
            22.5317473
          ],
          [
            88.3285331,
            22.532061
          ],
          [
            88.3286699,
            22.5320486
          ],
          [
            88.3286779,
            22.5324401
          ],
          [
            88.3287056,
            22.5326686
          ],
          [
            88.3287611,
            22.5331263
          ],
          [
            88.3276721,
            22.5332155
          ]
        ]
      },
      "properties": {
        "addr:district": "Kolkata",
        "addr:full": "7/2, Diamond Harbour Road",
        "addr:postcode": "700027",
        "addr:state": "West Bengal",
        "amenity": "hospital",
        "contact:phone": "3330903090",
        "email": "info@cmrihospitals.co.in",
        "healthcare": "hospital",
        "name": "The Calcutta Medical Research Institute",
        "operator:type": "private",
        "source": "OpenGovernmentData",
        "osm_id": 143600746
      }
    },
    {
      "type": "Feature",
      "geometry": {
        "type": "LineString",
        "coordinates": [
          [
            88.3279873,
            22.5330003
          ],
          [
            88.3279502,
            22.5326265
          ],
          [
            88.3279839,
            22.5326237
          ],
          [
            88.3279808,
            22.532593
          ],
          [
            88.3286603,
            22.5325355
          ],
          [
            88.3287185,
            22.5331222
          ],
          [
            88.3286585,
            22.5331273
          ],
          [
            88.3286404,
            22.532945
          ],
          [
            88.3279873,
            22.5330003
          ]
        ]
      },
      "properties": {
        "addr:district": "Kolkata",
        "addr:full": "1/1 National Library Avenue",
        "addr:postcode": "700027",
        "addr:state": "West Bengal",
        "amenity": "hospital",
        "building": "yes",
        "check_date": "2023-10-27",
        "contact:phone": "3330403063",
        "healthcare": "hospital",
        "name": "BM Birla Heart Research Centre",
        "opening_hours": "24/7",
        "source": "OpenGovernmentData",
        "website": "https://ckbirlahospitals.com/bmb/",
        "osm_id": 143600750
      }
    },
    {
      "type": "Feature",
      "geometry": {
        "type": "LineString",
        "coordinates": [
          [
            88.328815,
            22.5323318
          ],
          [
            88.328803,
            22.5321957
          ],
          [
            88.3289928,
            22.5321813
          ],
          [
            88.3289907,
            22.5321568
          ],
          [
            88.3291406,
            22.5321455
          ],
          [
            88.3291365,
            22.5320993
          ],
          [
            88.3292559,
            22.5320903
          ],
          [
            88.3292601,
            22.5321384
          ],
          [
            88.3293873,
            22.5321288
          ],
          [
            88.3293856,
            22.5321094
          ],
          [
            88.3294381,
            22.5321055
          ],
          [
            88.3294413,
            22.5321412
          ],
          [
            88.3295737,
            22.5321312
          ],
          [
            88.3295696,
            22.5320849
          ],
          [
            88.3296284,
            22.5320804
          ],
          [
            88.3296327,
            22.5321286
          ],
          [
            88.3296591,
            22.5321266
          ],
          [
            88.3296893,
            22.5324687
          ],
          [
            88.329382,
            22.5324919
          ],
          [
            88.3293762,
            22.5324266
          ],
          [
            88.3293242,
            22.5324305
          ],
          [
            88.32933,
            22.5324967
          ],
          [
            88.329003,
            22.5325213
          ],
          [
            88.3289977,
            22.5324618
          ],
          [
            88.3291668,
            22.532449
          ],
          [
            88.3291545,
            22.5323093
          ],
          [
            88.3290435,
            22.5323177
          ],
          [
            88.3290426,
            22.5323078
          ],
          [
            88.3288889,
            22.5323194
          ],
          [
            88.3288895,
            22.5323262
          ],
          [
            88.328815,
            22.5323318
          ]
        ]
      },
      "properties": {
        "addr:district": "Kolkata",
        "addr:full": "8/5, Alipore Road",
        "addr:housenumber": "8/5",
        "addr:postcode": "700027",
        "addr:state": "West Bengal",
        "addr:street": "Alipore Road",
        "amenity": "hospital",
        "building": "yes",
        "check_date": "2023-10-27",
        "email": "enquiry@woodlandshospital.in",
        "healthcare": "hospital",
        "name": "Woodlands Multispeciality Hospital",
        "opening_hours": "24/7",
        "operator:type": "private",
        "phone": "03340337000",
        "source": "OpenGovernmentData",
        "website": "https://www.woodlandshospital.in/",
        "osm_id": 143600756
      }
    },
    {
      "type": "Feature",
      "geometry": {
        "type": "LineString",
        "coordinates": [
          [
            88.3297428,
            22.5325664
          ],
          [
            88.3287056,
            22.5326686
          ],
          [
            88.3286779,
            22.5324401
          ],
          [
            88.3286699,
            22.5320486
          ],
          [
            88.3296703,
            22.5319892
          ],
          [
            88.3297428,
            22.5325664
          ]
        ]
      },
      "properties": {
        "amenity": "hospital",
        "healthcare": "hospital",
        "name": "Woodlands Multispeciality Hospital",
        "osm_id": 143600760
      }
    },
    {
      "type": "Feature",
      "geometry": {
        "type": "LineString",
        "coordinates": [
          [
            88.3300725,
            22.5330314
          ],
          [
            88.3300512,
            22.5324946
          ],
          [
            88.3304487,
            22.5324657
          ],
          [
            88.3304348,
            22.5322691
          ],
          [
            88.3309953,
            22.5322344
          ],
          [
            88.3310564,
            22.5329745
          ],
          [
            88.3300725,
            22.5330314
          ]
        ]
      },
      "properties": {
        "addr:housenumber": "8/3",
        "addr:street": "Alipore Road",
        "amenity": "hospital",
        "check_date": "2023-10-27",
        "healthcare": "hospital",
        "name": "Kothari Medical Research Centre",
        "opening_hours": "24/7",
        "operator:type": "private",
        "phone": "03340127000",
        "website": "https://kotharimedical.com/",
        "osm_id": 143601501
      }
    },
    {
      "type": "Feature",
      "geometry": {
        "type": "LineString",
        "coordinates": [
          [
            88.3293748,
            22.5285358
          ],
          [
            88.3298745,
            22.528461
          ],
          [
            88.3299446,
            22.5284505
          ],
          [
            88.330998,
            22.5282927
          ],
          [
            88.3313762,
            22.5282382
          ],
          [
            88.331513,
            22.5291624
          ],
          [
            88.3315935,
            22.5299775
          ],
          [
            88.3316316,
            22.5304367
          ],
          [
            88.3304079,
            22.5305423
          ],
          [
            88.329665,
            22.5306067
          ],
          [
            88.3295931,
            22.530236
          ],
          [
            88.3295201,
            22.5296083
          ],
          [
            88.3294423,
            22.5290806
          ],
          [
            88.3293748,
            22.5285358
          ]
        ]
      },
      "properties": {
        "addr:district": "Kolkata",
        "addr:full": "Alipur Road,Alipur",
        "addr:postcode": "700027",
        "addr:state": "West Bengal",
        "amenity": "hospital",
        "check_date": "2023-10-27",
        "healthcare": "hospital",
        "name": "Command Hospital",
        "phone": "03324791567",
        "website": "https://www.echs.gov.in/",
        "osm_id": 143604769
      }
    },
    {
      "type": "Feature",
      "geometry": {
        "type": "LineString",
        "coordinates": [
          [
            88.4014955,
            22.573364
          ],
          [
            88.4017828,
            22.5741049
          ],
          [
            88.4024586,
            22.5742448
          ],
          [
            88.4023516,
            22.5746591
          ],
          [
            88.4022554,
            22.5750067
          ],
          [
            88.4022001,
            22.5752043
          ],
          [
            88.4020578,
            22.5755681
          ],
          [
            88.4016917,
            22.5756857
          ],
          [
            88.4016273,
            22.5754553
          ],
          [
            88.4010573,
            22.5755434
          ],
          [
            88.4009947,
            22.5753549
          ],
          [
            88.4009398,
            22.5751535
          ],
          [
            88.401146,
            22.5751033
          ],
          [
            88.4009373,
            22.5745368
          ],
          [
            88.400891,
            22.5741615
          ],
          [
            88.4007234,
            22.5741996
          ],
          [
            88.4006702,
            22.5734317
          ],
          [
            88.400655,
            22.5732129
          ],
          [
            88.4007343,
            22.5731619
          ],
          [
            88.400761,
            22.5730455
          ],
          [
            88.401347,
            22.5728587
          ],
          [
            88.4014955,
            22.573364
          ]
        ]
      },
      "properties": {
        "addr:housenumber": "58",
        "addr:street": "Canal Circular Road",
        "amenity": "hospital",
        "email": "infokolkata@apollohospitals.com",
        "emergency": "yes",
        "healthcare": "hospital",
        "name": "Apollo Gleneagles Hospitals",
        "opening_hours": "24/7",
        "operator": "Apollo Hospitals",
        "operator:type": "private",
        "operator:wikidata": "Q4780321",
        "phone": "+91-33-2320 3040",
        "source": "bing, local knowledge",
        "url": "http://kolkata.apollohospitals.com/",
        "osm_id": 150612581
      }
    },
    {
      "type": "Feature",
      "geometry": {
        "type": "LineString",
        "coordinates": [
          [
            88.4011558,
            22.5747469
          ],
          [
            88.4010661,
            22.5745209
          ],
          [
            88.4013883,
            22.5744118
          ],
          [
            88.4013581,
            22.574336
          ],
          [
            88.4014139,
            22.5743171
          ],
          [
            88.4014618,
            22.5743009
          ],
          [
            88.4014947,
            22.5743839
          ],
          [
            88.4017972,
            22.5742816
          ],
          [
            88.4018571,
            22.5744325
          ],
          [
            88.4018937,
            22.5744201
          ],
          [
            88.4019427,
            22.5745436
          ],
          [
            88.4020259,
            22.5745215
          ],
          [
            88.4020718,
            22.5746207
          ],
          [
            88.4020502,
            22.5746334
          ],
          [
            88.4020766,
            22.5747
          ],
          [
            88.4020361,
            22.5747138
          ],
          [
            88.4020547,
            22.5747606
          ],
          [
            88.4019558,
            22.574794
          ],
          [
            88.4019745,
            22.5748411
          ],
          [
            88.4013354,
            22.5750574
          ],
          [
            88.4013122,
            22.574999
          ],
          [
            88.4011865,
            22.5750416
          ],
          [
            88.401116,
            22.5748641
          ],
          [
            88.4011641,
            22.5748478
          ],
          [
            88.4011278,
            22.5747564
          ],
          [
            88.4011558,
            22.5747469
          ]
        ]
      },
      "properties": {
        "addr:district": "Kolkata",
        "addr:full": "No.58, Canal Circular Road",
        "addr:postcode": "700054",
        "addr:state": "West Bengal",
        "amenity": "hospital",
        "building": "yes",
        "email": "hospital@apollogleneagles.in",
        "healthcare": "hospital",
        "name": "Apollo Gleneagles Hospitals",
        "operator:type": "private",
        "source": "OpenGovernmentData",
        "website": "https://www.askapollo.com/india/city/kolkata",
        "osm_id": 150612583
      }
    },
    {
      "type": "Feature",
      "geometry": {
        "type": "LineString",
        "coordinates": [
          [
            88.4169712,
            22.5753267
          ],
          [
            88.4171449,
            22.5752913
          ],
          [
            88.4171001,
            22.5751182
          ],
          [
            88.4170319,
            22.5751349
          ],
          [
            88.4170405,
            22.5751811
          ],
          [
            88.4170266,
            22.5751792
          ],
          [
            88.4170064,
            22.5751526
          ],
          [
            88.4169787,
            22.5751752
          ],
          [
            88.4169946,
            22.5751939
          ],
          [
            88.4169584,
            22.5752195
          ],
          [
            88.416968,
            22.5752579
          ],
          [
            88.4169531,
            22.5752608
          ],
          [
            88.4169712,
            22.5753267
          ]
        ]
      },
      "properties": {
        "amenity": "hospital",
        "healthcare": "hospital",
        "name": "Institute of Reproductive Medicine",
        "osm_id": 157924352
      }
    },
    {
      "type": "Feature",
      "geometry": {
        "type": "LineString",
        "coordinates": [
          [
            88.4125964,
            22.572121
          ],
          [
            88.4128415,
            22.5720693
          ],
          [
            88.4129499,
            22.5725071
          ],
          [
            88.4127144,
            22.5725654
          ],
          [
            88.4126664,
            22.5723985
          ],
          [
            88.4125964,
            22.572121
          ]
        ]
      },
      "properties": {
        "addr:district": "Kolkata",
        "addr:full": "IB-193, Sector-III, Salt Lake",
        "addr:housenumber": "IB-193",
        "addr:postcode": "700091",
        "addr:state": "West Bengal",
        "addr:street": "Broadway Road",
        "amenity": "hospital",
        "check_date": "2023-10-27",
        "contact:phone": "3339898969",
        "email": "saltlake@columbiaasia.com",
        "emergency": "yes",
        "healthcare": "hospital",
        "name": "Columbia Asia Hospital",
        "opening_hours": "24/7",
        "operator:type": "private",
        "source": "OpenGovernmentData",
        "website": "https://www.columbiaasia.com/",
        "osm_id": 173731205
      }
    },
    {
      "type": "Feature",
      "geometry": {
        "type": "LineString",
        "coordinates": [
          [
            88.3360969,
            22.5217989
          ],
          [
            88.335177,
            22.521727
          ],
          [
            88.3352361,
            22.5209788
          ],
          [
            88.335405,
            22.5206963
          ],
          [
            88.33567,
            22.5207477
          ],
          [
            88.3358336,
            22.5208815
          ],
          [
            88.3360111,
            22.5209119
          ],
          [
            88.3361983,
            22.5209479
          ],
          [
            88.3361324,
            22.5215154
          ],
          [
            88.3360969,
            22.5217989
          ]
        ]
      },
      "properties": {
        "amenity": "hospital",
        "healthcare": "hospital",
        "name": "KMC Urban Health Centre",
        "osm_id": 190953982
      }
    },
    {
      "type": "Feature",
      "geometry": {
        "type": "LineString",
        "coordinates": [
          [
            88.3939021,
            22.5893623
          ],
          [
            88.3936417,
            22.5894128
          ],
          [
            88.3935927,
            22.5892215
          ],
          [
            88.3938502,
            22.589162
          ],
          [
            88.3939021,
            22.5893623
          ]
        ]
      },
      "properties": {
        "addr:city": "Kolkata",
        "addr:district": "Kolkata",
        "addr:full": "73, Bagmari Road",
        "addr:housenumber": "73",
        "addr:postcode": "700054",
        "addr:state": "West Bengal",
        "addr:street": "Bagmari Road",
        "amenity": "hospital",
        "contact:phone": "+913323210443;+913366050999;+913366328555",
        "email": "nhni@northcityhospital.com",
        "emergency": "no",
        "healthcare": "hospital",
        "healthcare:speciality": "neurology",
        "name": "North City Hospital",
        "operator": "North City",
        "operator:type": "private",
        "source": "OpenGovernmentData",
        "website": "https://northcityhospital.com/",
        "wheelchair": "yes",
        "osm_id": 191033304
      }
    },
    {
      "type": "Feature",
      "geometry": {
        "type": "LineString",
        "coordinates": [
          [
            88.3920263,
            22.5852294
          ],
          [
            88.3924984,
            22.5851105
          ],
          [
            88.3927103,
            22.5854052
          ],
          [
            88.3927772,
            22.585752
          ],
          [
            88.3928826,
            22.5861257
          ],
          [
            88.3923006,
            22.5862281
          ],
          [
            88.3920263,
            22.5852294
          ]
        ]
      },
      "properties": {
        "addr:city": "Kolkata",
        "addr:postcode": "700054",
        "addr:street": "CIT Road",
        "amenity": "hospital",
        "emergency": "yes",
        "healthcare": "hospital",
        "name": "ESI Hospital Maniktala",
        "operator": "Employees' State Insurance",
        "operator:short": "ESI",
        "operator:type": "public",
        "operator:wikidata": "Q3595726",
        "osm_id": 191033307
      }
    },
    {
      "type": "Feature",
      "geometry": {
        "type": "LineString",
        "coordinates": [
          [
            88.4178667,
            22.5749218
          ],
          [
            88.4186869,
            22.574653
          ],
          [
            88.4189342,
            22.5752685
          ],
          [
            88.4181698,
            22.575531
          ],
          [
            88.4181054,
            22.5755162
          ],
          [
            88.4178667,
            22.5749218
          ]
        ]
      },
      "properties": {
        "addr:district": "North 24 Parganas",
        "addr:full": "Hc Block Sector- III, Bidhannagar",
        "addr:postcode": "700106",
        "addr:state": "West Bengal",
        "amenity": "hospital",
        "check_date": "2023-10-27",
        "healthcare": "hospital",
        "name": "Calcutta Heart Clinic & Hospital",
        "opening_hours": "24/7",
        "phone": "+913323585735",
        "source": "OpenGovernmentData",
        "website": "http://calcuttaheartclinic.org",
        "osm_id": 191911197
      }
    },
    {
      "type": "Feature",
      "geometry": {
        "type": "LineString",
        "coordinates": [
          [
            88.4201011,
            22.5750259
          ],
          [
            88.420264,
            22.5754131
          ],
          [
            88.4212604,
            22.5750757
          ],
          [
            88.4215539,
            22.5756436
          ],
          [
            88.4219756,
            22.5764119
          ],
          [
            88.420488,
            22.5769182
          ],
          [
            88.4200324,
            22.5770702
          ],
          [
            88.4194992,
            22.5772481
          ],
          [
            88.4194339,
            22.5772699
          ],
          [
            88.4188894,
            22.5774656
          ],
          [
            88.4182156,
            22.5757219
          ],
          [
            88.418229,
            22.5756822
          ],
          [
            88.4201011,
            22.5750259
          ]
        ]
      },
      "properties": {
        "addr:housename": "GE Block, Salt Lake City Kolkata, West Bengal\u200e",
        "amenity": "hospital",
        "healthcare": "hospital",
        "name": "National Institute of Homeopathy",
        "operator": "Ministry of AYUSH, Government of India",
        "operator:type": "government",
        "phone": "+913323370970",
        "website": "https://nih.nic.in/",
        "osm_id": 191911481
      }
    },
    {
      "type": "Feature",
      "geometry": {
        "type": "LineString",
        "coordinates": [
          [
            88.4228396,
            22.5817153
          ],
          [
            88.4222168,
            22.5813216
          ],
          [
            88.4223629,
            22.581136
          ],
          [
            88.4229737,
            22.5815273
          ],
          [
            88.4228396,
            22.5817153
          ]
        ]
      },
      "properties": {
        "addr:district": "North 24 Parganas",
        "addr:full": "Matrisadan, EE/55/A, Sector-II, Bidhannagar, Salt Lake City,Kolkata",
        "addr:postcode": "700091",
        "addr:state": "West Bengal",
        "amenity": "hospital",
        "healthcare": "hospital",
        "name": "Bidhannagar Municipal Hospital (Matrisadan)",
        "source": "OpenGovernmentData",
        "osm_id": 191912827
      }
    },
    {
      "type": "Feature",
      "geometry": {
        "type": "LineString",
        "coordinates": [
          [
            88.3553208,
            22.5423514
          ],
          [
            88.3553356,
            22.5426909
          ],
          [
            88.3548055,
            22.542779
          ],
          [
            88.3547694,
            22.5422514
          ],
          [
            88.3548437,
            22.5422288
          ],
          [
            88.3549466,
            22.5422189
          ],
          [
            88.355278,
            22.5422672
          ],
          [
            88.3553208,
            22.5423514
          ]
        ]
      },
      "properties": {
        "addr:district": "Kolkata",
        "addr:full": "9, Dr.U.N Brahmachari Street",
        "addr:postcode": "700017",
        "addr:state": "West Bengal",
        "amenity": "hospital",
        "check_date": "2026-03-22",
        "contact:phone": "3322872321",
        "healthcare": "hospital",
        "name": "Belle Vue Clinic",
        "opening_hours": "24/7",
        "source": "OpenGovernmentData",
        "website": "https://bellevueclinic.com/",
        "wikidata": "Q65521258",
        "wikimedia_commons": "Category:Belle Vue Clinic",
        "wikipedia": "en:Belle Vue Clinic, Kolkata",
        "osm_id": 197120148
      }
    },
    {
      "type": "Feature",
      "geometry": {
        "type": "LineString",
        "coordinates": [
          [
            88.3532922,
            22.5437716
          ],
          [
            88.3532696,
            22.5436926
          ],
          [
            88.3534469,
            22.5436492
          ],
          [
            88.3534696,
            22.5437281
          ],
          [
            88.3532922,
            22.5437716
          ]
        ]
      },
      "properties": {
        "addr:housenumber": "3B",
        "addr:street": "Albert Road",
        "amenity": "hospital",
        "building": "yes",
        "healthcare": "hospital",
        "name": "Gamma Centauri Healthcare Private Limited",
        "osm_id": 205114935
      }
    },
    {
      "type": "Feature",
      "geometry": {
        "type": "LineString",
        "coordinates": [
          [
            88.4186503,
            22.5781203
          ],
          [
            88.4187536,
            22.5781029
          ],
          [
            88.4187295,
            22.5779964
          ],
          [
            88.4187402,
            22.5779915
          ],
          [
            88.4187348,
            22.577958
          ],
          [
            88.4187174,
            22.577963
          ],
          [
            88.4187053,
            22.5779172
          ],
          [
            88.4186047,
            22.5779382
          ],
          [
            88.4186503,
            22.5781203
          ]
        ]
      },
      "properties": {
        "addr:housename": "GD-381, GD Block, Salt Lake City Kolkata, West Bengal 700106\u200e",
        "amenity": "hospital",
        "building": "yes",
        "healthcare": "hospital",
        "healthcare:speciality": "dermatology",
        "name": "Rita Skin Foundation",
        "phone": "+913323586282",
        "website": "https://www.ritaskin-foundation.org/",
        "osm_id": 223460634
      }
    },
    {
      "type": "Feature",
      "geometry": {
        "type": "LineString",
        "coordinates": [
          [
            88.4023682,
            22.5139082
          ],
          [
            88.4024777,
            22.5135426
          ],
          [
            88.4025378,
            22.5133925
          ],
          [
            88.4025761,
            22.5133316
          ],
          [
            88.4025977,
            22.5133227
          ],
          [
            88.4026905,
            22.5132847
          ],
          [
            88.402727,
            22.5132697
          ],
          [
            88.4033734,
            22.5131898
          ],
          [
            88.4034054,
            22.5131856
          ],
          [
            88.4036456,
            22.5131541
          ],
          [
            88.4037264,
            22.5137482
          ],
          [
            88.4023682,
            22.5139082
          ]
        ]
      },
      "properties": {
        "addr:district": "Kolkata",
        "addr:full": "Kasba Golpark,Eastern Metropolitan Bypass",
        "addr:postcode": "700107",
        "addr:state": "West Bengal",
        "amenity": "hospital",
        "contact:phone": "3324426091",
        "emergency": "yes",
        "healthcare": "hospital",
        "healthcare:speciality": "general;ophthalmology;paediatrics;orthopaedics;gynaecology;emergency;cardiology;surgery;radiology;dermatology;oncology;dialysis;maternity",
        "landuse": "yes",
        "name": "Ruby General Hospital",
        "phone": "+913324426091",
        "source": "OpenGovernmentData;local knowledge",
        "website": "https://www.rubyhospital.com/",
        "osm_id": 224922460
      }
    },
    {
      "type": "Feature",
      "geometry": {
        "type": "LineString",
        "coordinates": [
          [
            88.4001103,
            22.4939211
          ],
          [
            88.4003581,
            22.4949358
          ],
          [
            88.4015212,
            22.4947205
          ],
          [
            88.4014244,
            22.4943679
          ],
          [
            88.4018777,
            22.4942817
          ],
          [
            88.4017323,
            22.4936228
          ],
          [
            88.4001103,
            22.4939211
          ]
        ]
      },
      "properties": {
        "addr:district": "Kolkata",
        "addr:full": "127 Mukundapur, E.M. Bypass",
        "addr:postcode": "700099",
        "addr:state": "West Bengal",
        "amenity": "hospital",
        "contact:phone": "91 33 66520000",
        "email": "contactus@medicahospitals.in",
        "healthcare": "hospital",
        "name": "Medica Superspecialty Hospital",
        "source": "OpenGovernmentData",
        "website": "https://www.medicahospitals.in/",
        "wikidata": "Q24949045",
        "wikimedia_commons": "Category:Medica Superspeciality Hospital",
        "wikipedia": "en:Medica Superspecialty Hospital, Kolkata",
        "osm_id": 224927481
      }
    },
    {
      "type": "Feature",
      "geometry": {
        "type": "LineString",
        "coordinates": [
          [
            88.4017909,
            22.4936238
          ],
          [
            88.4019643,
            22.4945776
          ],
          [
            88.4026056,
            22.4944481
          ],
          [
            88.4024658,
            22.4935211
          ],
          [
            88.4017909,
            22.4936238
          ]
        ]
      },
      "properties": {
        "amenity": "hospital",
        "emergency": "yes",
        "healthcare": "hospital",
        "name": "Vision Care Hospital",
        "osm_id": 224927512
      }
    },
    {
      "type": "Feature",
      "geometry": {
        "type": "LineString",
        "coordinates": [
          [
            88.4121413,
            22.5909948
          ],
          [
            88.4122801,
            22.5910691
          ],
          [
            88.4123364,
            22.5909794
          ],
          [
            88.4121976,
            22.5909052
          ],
          [
            88.4121413,
            22.5909948
          ]
        ]
      },
      "properties": {
        "amenity": "hospital",
        "healthcare": "hospital",
        "osm_id": 238233667
      }
    },
    {
      "type": "Feature",
      "geometry": {
        "type": "LineString",
        "coordinates": [
          [
            88.4108099,
            22.5893451
          ],
          [
            88.4109637,
            22.5894286
          ],
          [
            88.4110717,
            22.5892589
          ],
          [
            88.4109178,
            22.5891755
          ],
          [
            88.4108099,
            22.5893451
          ]
        ]
      },
      "properties": {
        "addr:district": "Kolkata",
        "addr:full": "DD-6, Sector-1, Salt Lake City",
        "addr:housename": "DD 6, Salt Lake, Kolkata, West Bengal 700091",
        "addr:postcode": "700064",
        "addr:state": "West Bengal",
        "amenity": "hospital",
        "healthcare": "hospital",
        "name": "ILS Hospitals",
        "source": "OpenGovernmentData",
        "website": "https://www.ilshospitals.com/",
        "osm_id": 238233669
      }
    },
    {
      "type": "Feature",
      "geometry": {
        "type": "LineString",
        "coordinates": [
          [
            88.4104644,
            22.5908735
          ],
          [
            88.4105894,
            22.590951
          ],
          [
            88.4107468,
            22.5907347
          ],
          [
            88.4106218,
            22.5906571
          ],
          [
            88.4104644,
            22.5908735
          ]
        ]
      },
      "properties": {
        "amenity": "hospital",
        "healthcare": "hospital",
        "osm_id": 238238395
      }
    },
    {
      "type": "Feature",
      "geometry": {
        "type": "LineString",
        "coordinates": [
          [
            88.4768069,
            22.5779613
          ],
          [
            88.4769383,
            22.578321
          ],
          [
            88.477163,
            22.5782588
          ],
          [
            88.47703,
            22.5778919
          ],
          [
            88.4768069,
            22.5779613
          ]
        ]
      },
      "properties": {
        "amenity": "hospital",
        "building": "yes",
        "healthcare": "hospital",
        "name": "Ohio Hospital",
        "osm_id": 238688333
      }
    },
    {
      "type": "Feature",
      "geometry": {
        "type": "LineString",
        "coordinates": [
          [
            88.4018224,
            22.5878923
          ],
          [
            88.4019038,
            22.5877921
          ],
          [
            88.4019819,
            22.5878461
          ],
          [
            88.4019454,
            22.587891
          ],
          [
            88.4020075,
            22.5879339
          ],
          [
            88.4019626,
            22.5879893
          ],
          [
            88.4018224,
            22.5878923
          ]
        ]
      },
      "properties": {
        "addr:city": "Kolkata",
        "addr:housenumber": "CA-8, Salt Lake",
        "addr:postcode": "700064",
        "addr:street": "1st Cross Road",
        "amenity": "clinic",
        "building:levels": "2",
        "emergency": "no",
        "healthcare": "physiotherapist",
        "healthcare:speciality": "neurology;stroke_rehab;osteoarthritis;pain;orthopaedics",
        "name": "Advanced Physiotherapy Clinic",
        "operator": "Advanced Physiotherapy Clinic",
        "operator:type": "private",
        "osm_id": 245040388
      }
    },
    {
      "type": "Feature",
      "geometry": {
        "type": "LineString",
        "coordinates": [
          [
            88.0617026,
            22.024213
          ],
          [
            88.0621937,
            22.0247757
          ],
          [
            88.062875,
            22.0242834
          ],
          [
            88.0621025,
            22.0234082
          ],
          [
            88.0620311,
            22.0234646
          ],
          [
            88.0622653,
            22.023769
          ],
          [
            88.0618054,
            22.0241
          ],
          [
            88.0617445,
            22.024029
          ],
          [
            88.0616295,
            22.0241129
          ],
          [
            88.0617026,
            22.024213
          ]
        ]
      },
      "properties": {
        "addr:city": "Haldia",
        "addr:postcode": "721631",
        "amenity": "hospital",
        "building": "yes",
        "building:levels": "2",
        "emergency": "yes",
        "name": "Port Hospital",
        "osm_id": 334302495
      }
    },
    {
      "type": "Feature",
      "geometry": {
        "type": "LineString",
        "coordinates": [
          [
            88.3664876,
            22.4716458
          ],
          [
            88.3665749,
            22.4716112
          ],
          [
            88.3665182,
            22.471489
          ],
          [
            88.3664309,
            22.4715236
          ],
          [
            88.3664876,
            22.4716458
          ]
        ]
      },
      "properties": {
        "addr:city": "Kolkata",
        "addr:housenumber": "253E",
        "addr:postcode": "700047",
        "addr:street": "Netaji Subhash Chandra Bose Road",
        "amenity": "hospital",
        "emergency": "no",
        "healthcare": "hospital",
        "healthcare:speciality": "ENT;otolaryngology;otology",
        "name": "Vivekananda ENT Clinic",
        "operator": "Dr Pinaki Mazumder",
        "operator:type": "private_ENT_Clinic",
        "website": "https://vivekananda-ent-clinic.business.site/",
        "osm_id": 358073343
      }
    },
    {
      "type": "Feature",
      "geometry": {
        "type": "LineString",
        "coordinates": [
          [
            88.4007918,
            22.5205598
          ],
          [
            88.4012351,
            22.520488
          ],
          [
            88.4011543,
            22.5200624
          ],
          [
            88.400711,
            22.5201343
          ],
          [
            88.4007445,
            22.5203107
          ],
          [
            88.4006677,
            22.5203231
          ],
          [
            88.4006832,
            22.5204051
          ],
          [
            88.4007601,
            22.5203927
          ],
          [
            88.4007918,
            22.5205598
          ]
        ]
      },
      "properties": {
        "addr:city": "Kolkata",
        "addr:district": "Kolkata",
        "addr:full": "730,Eastern Metropolitan Bypass Road, Anandapur",
        "addr:postcode": "700107",
        "addr:state": "West Bengal",
        "amenity": "hospital",
        "building": "yes",
        "contact:phone": "3366284444",
        "email": "enquiry.kolkata@fortishealthcare.com",
        "emergency": "yes",
        "healthcare": "hospital",
        "name": "Fortis Hospitals",
        "operator:type": "private",
        "source": "OpenGovernmentData",
        "website": "https://www.fortishealthcare.com",
        "wikidata": "Q52856537",
        "wikimedia_commons": "Category:Fortis Hospital",
        "osm_id": 358178023
      }
    },
    {
      "type": "Feature",
      "geometry": {
        "type": "LineString",
        "coordinates": [
          [
            88.3989733,
            22.5141983
          ],
          [
            88.3992917,
            22.5141625
          ],
          [
            88.3992777,
            22.5140564
          ],
          [
            88.3989593,
            22.5140922
          ],
          [
            88.3989733,
            22.5141983
          ]
        ]
      },
      "properties": {
        "addr:city": "Kolkata",
        "addr:district": "Kolkata",
        "addr:full": "1470, Rajdana Main Road",
        "addr:housenumber": "1470",
        "addr:postcode": "700107",
        "addr:state": "West Bengal",
        "addr:street": "Rajdanga Main Road",
        "amenity": "hospital",
        "contact:phone": "3340224242",
        "email": "genesishospital@outlook.com",
        "healthcare": "hospital",
        "name": "Genesis Hospital, Kolkata",
        "phone": "033-4022-4242 / 2442-4242",
        "source": "OpenGovernmentData",
        "website": "https://www.genesishospital.co/",
        "osm_id": 358779040
      }
    },
    {
      "type": "Feature",
      "geometry": {
        "type": "LineString",
        "coordinates": [
          [
            88.4775614,
            22.5799541
          ],
          [
            88.477851,
            22.5798998
          ],
          [
            88.4778183,
            22.5797506
          ],
          [
            88.4777874,
            22.5797564
          ],
          [
            88.4777365,
            22.5795246
          ],
          [
            88.4774778,
            22.5795731
          ],
          [
            88.4775058,
            22.5797006
          ],
          [
            88.477465,
            22.5797083
          ],
          [
            88.4774854,
            22.5798013
          ],
          [
            88.4775262,
            22.5797937
          ],
          [
            88.4775614,
            22.5799541
          ]
        ]
      },
      "properties": {
        "addr:city": "New Town, Rajarhat",
        "addr:housenumber": "Plot no.- DG-4",
        "addr:postcode": "700156",
        "addr:street": "Street Number 358",
        "amenity": "hospital",
        "emergency": "yes",
        "healthcare": "hospital",
        "healthcare:speciality": "oncology",
        "name": "HCG EKO Cancer Centre",
        "operator": "Medica Hospitals & HealthCare Global (HCG)",
        "operator:type": "private",
        "phone": "033 6135 0000",
        "osm_id": 358878923
      }
    },
    {
      "type": "Feature",
      "geometry": {
        "type": "LineString",
        "coordinates": [
          [
            88.3488645,
            22.5418456
          ],
          [
            88.3490035,
            22.5418335
          ],
          [
            88.3489857,
            22.5416599
          ],
          [
            88.3488467,
            22.541672
          ],
          [
            88.3488645,
            22.5418456
          ]
        ]
      },
      "properties": {
        "addr:city": "Kolkata, West Bengal",
        "addr:housenumber": "7/1",
        "addr:postcode": "700071",
        "addr:street": "Lord Sinha Road",
        "amenity": "clinic",
        "building": "yes",
        "check_date": "2026-03-22",
        "description": "Clinic Ramana is the best Hernia and bariatric treatment clinic in Kolkata. Our Hernia Surgeons and Obesity Specialists offers cost effective weight loss surgery solutions at our Bariatric treatment center in India. We also provide other surgical solution",
        "email": "rambodoc@gmail.com",
        "healthcare": "clinic",
        "healthcare:speciality": "surgery;general;psychiatry",
        "name": "Clinic Ramana",
        "opening_hours": "Mo-Fr 09:00-18:00",
        "operator": "Dr. B. Ramana",
        "phone": "098300 31663",
        "website": "https://www.drbramana.com/",
        "osm_id": 359011649
      }
    },
    {
      "type": "Feature",
      "geometry": {
        "type": "LineString",
        "coordinates": [
          [
            88.3686486,
            22.4735579
          ],
          [
            88.3687561,
            22.4734943
          ],
          [
            88.368683,
            22.4733964
          ],
          [
            88.3685694,
            22.4734582
          ],
          [
            88.3686486,
            22.4735579
          ]
        ]
      },
      "properties": {
        "addr:city": "Kolkata",
        "addr:housenumber": "11/2",
        "addr:postcode": "700047",
        "addr:street": "D.P.P. Road, Naktala",
        "amenity": "hospital",
        "healthcare": "hospital",
        "healthcare:speciality": "general;dentistry;gynaecology;orthopaedics;surgery",
        "name": "Shree Guru Sangha Hospital Doctors Unit",
        "osm_id": 359031070
      }
    },
    {
      "type": "Feature",
      "geometry": {
        "type": "LineString",
        "coordinates": [
          [
            88.3685806,
            22.4734386
          ],
          [
            88.3686749,
            22.473386
          ],
          [
            88.3686332,
            22.4733252
          ],
          [
            88.3685389,
            22.4733769
          ],
          [
            88.3685806,
            22.4734386
          ]
        ]
      },
      "properties": {
        "amenity": "hospital",
        "emergency": "no",
        "healthcare": "hospital",
        "healthcare:speciality": "general;dentistry;gynaecology;orthopaedics",
        "name": "Shree Guru Ashram Hospital Indoor Unit",
        "osm_id": 359031098
      }
    },
    {
      "type": "Feature",
      "geometry": {
        "type": "LineString",
        "coordinates": [
          [
            88.3687253,
            22.4736687
          ],
          [
            88.3688467,
            22.4735953
          ],
          [
            88.368776,
            22.4734957
          ],
          [
            88.3686516,
            22.4735654
          ],
          [
            88.3687253,
            22.4736687
          ]
        ]
      },
      "properties": {
        "addr:city": "Kolkata",
        "addr:housenumber": "11/2",
        "addr:postcode": "700047",
        "addr:street": "D.P.P Road, Naktala",
        "amenity": "hospital",
        "emergency": "no",
        "healthcare": "hospital",
        "healthcare:speciality": "general;dentistry;surgery;orthopaedics",
        "name": "Shree Guru Sangha Hospital Outdoor Unit",
        "osm_id": 359031182
      }
    },
    {
      "type": "Feature",
      "geometry": {
        "type": "LineString",
        "coordinates": [
          [
            88.3934154,
            22.588746
          ],
          [
            88.393613,
            22.5886946
          ],
          [
            88.393582,
            22.5885932
          ],
          [
            88.393557,
            22.5885997
          ],
          [
            88.3935687,
            22.5886381
          ],
          [
            88.3935222,
            22.5886502
          ],
          [
            88.3935104,
            22.5886118
          ],
          [
            88.393437,
            22.5886309
          ],
          [
            88.3934553,
            22.5886907
          ],
          [
            88.3934027,
            22.5887044
          ],
          [
            88.3934154,
            22.588746
          ]
        ]
      },
      "properties": {
        "addr:city": "Kolkata",
        "addr:district": "Kolkata",
        "addr:housenumber": "81B",
        "addr:postcode": "700054",
        "addr:street": "Bagmari Road",
        "amenity": "hospital",
        "brand": "North City",
        "email": "nhni@northcityhospital.com",
        "emergency": "yes",
        "healthcare": "hospital",
        "healthcare:speciality": "neurology",
        "internet_access": "wlan",
        "internet_access:fee": "no",
        "mobile": "+919073987624",
        "name": "North City Hospital Emergency Unit",
        "opening_hours": "24/7",
        "operator": "North City",
        "operator:type": "private",
        "phone": "+913366050999;+913366328555",
        "website": "https://northcityhospital.com/",
        "wheelchair": "yes",
        "osm_id": 359522237
      }
    },
    {
      "type": "Feature",
      "geometry": {
        "type": "LineString",
        "coordinates": [
          [
            88.4029448,
            22.5143928
          ],
          [
            88.4030012,
            22.5148218
          ],
          [
            88.4030633,
            22.5148155
          ],
          [
            88.4034975,
            22.5147718
          ],
          [
            88.4035731,
            22.5147642
          ],
          [
            88.4035316,
            22.5143378
          ],
          [
            88.4029448,
            22.5143928
          ]
        ]
      },
      "properties": {
        "addr:city": "Kolkata",
        "addr:district": "Kolkata",
        "addr:full": "Desun More, Kasba Golpark, EM Bypass",
        "addr:postcode": "700107",
        "addr:state": "West Bengal",
        "amenity": "hospital",
        "email": "desun@desunhospital.com",
        "emergency": "yes",
        "healthcare": "hospital",
        "healthcare:speciality": "cardiology",
        "name": "Desun Hospital And Heart Research Institute",
        "operator:type": "private",
        "phone": "03371222000",
        "source": "OpenGovernmentData",
        "website": "https://www.desunhospital.com/",
        "wikidata": "Q5265459",
        "wikipedia": "en:Desun Hospital & Heart Institute",
        "osm_id": 363252848
      }
    },
    {
      "type": "Feature",
      "geometry": {
        "type": "LineString",
        "coordinates": [
          [
            87.9191342,
            22.2859
          ],
          [
            87.920018,
            22.2859751
          ],
          [
            87.9210639,
            22.2860738
          ],
          [
            87.9213842,
            22.2861013
          ],
          [
            87.921489,
            22.2861031
          ],
          [
            87.921485,
            22.2862861
          ],
          [
            87.9214494,
            22.2863574
          ],
          [
            87.9214593,
            22.2868148
          ],
          [
            87.9214672,
            22.2872045
          ],
          [
            87.9214613,
            22.2872904
          ],
          [
            87.9214751,
            22.287402
          ],
          [
            87.9214732,
            22.2874898
          ],
          [
            87.9214712,
            22.2876252
          ],
          [
            87.921489,
            22.2877149
          ],
          [
            87.9215384,
            22.2877935
          ],
          [
            87.9215463,
            22.2878191
          ],
          [
            87.9215167,
            22.2878319
          ],
          [
            87.9214771,
            22.2878502
          ],
          [
            87.9214435,
            22.2878722
          ],
          [
            87.9214218,
            22.2879051
          ],
          [
            87.921398,
            22.2879307
          ],
          [
            87.921226,
            22.2879856
          ],
          [
            87.9211034,
            22.2880204
          ],
          [
            87.9208563,
            22.2880936
          ],
          [
            87.9206527,
            22.2881539
          ],
          [
            87.9205063,
            22.288196
          ],
          [
            87.9202256,
            22.28826
          ],
          [
            87.9200733,
            22.2882838
          ],
          [
            87.9199488,
            22.2883186
          ],
          [
            87.919846,
            22.2883387
          ],
          [
            87.9196469,
            22.2883848
          ],
          [
            87.9194091,
            22.2884209
          ],
          [
            87.919243,
            22.288445
          ],
          [
            87.9189695,
            22.2884691
          ],
          [
            87.9187773,
            22.2884691
          ],
          [
            87.9185917,
            22.2884601
          ],
          [
            87.9184256,
            22.2884239
          ],
          [
            87.918367,
            22.2883366
          ],
          [
            87.9183018,
            22.2881618
          ],
          [
            87.9182921,
            22.2879599
          ],
          [
            87.918253,
            22.2877761
          ],
          [
            87.9181879,
            22.2876796
          ],
          [
            87.9182563,
            22.2874958
          ],
          [
            87.9182563,
            22.2874386
          ],
          [
            87.918266,
            22.2873934
          ],
          [
            87.9183898,
            22.2872125
          ],
          [
            87.9184777,
            22.2872367
          ],
          [
            87.9187871,
            22.286637
          ],
          [
            87.9191342,
            22.2859
          ]
        ]
      },
      "properties": {
        "addr:city": "Tamluk",
        "addr:district": "Purba Medinipur",
        "addr:full": "Tamluk Municipality",
        "addr:postcode": "721636",
        "addr:state": "West Bengal",
        "amenity": "hospital",
        "description": "District Hospital",
        "name": "Purba Medinipur Jela Sadar Hospital-ER",
        "operator": "Government",
        "source": "OpenGovernmentData",
        "osm_id": 367262930
      }
    },
    {
      "type": "Feature",
      "geometry": {
        "type": "LineString",
        "coordinates": [
          [
            88.3073418,
            22.5630196
          ],
          [
            88.3087019,
            22.562767
          ],
          [
            88.3085472,
            22.5621621
          ],
          [
            88.3070915,
            22.5621082
          ],
          [
            88.3073418,
            22.5630196
          ]
        ]
      },
      "properties": {
        "addr:city": "Howrah",
        "addr:street": "Andul Road",
        "amenity": "hospital",
        "healthcare": "hospital",
        "name": "West Bank Hospital & NH Narayana Heart Research Institute",
        "osm_id": 379403725
      }
    },
    {
      "type": "Feature",
      "geometry": {
        "type": "LineString",
        "coordinates": [
          [
            88.3700561,
            22.5653837
          ],
          [
            88.3703625,
            22.5662588
          ],
          [
            88.3704478,
            22.566299
          ],
          [
            88.3714526,
            22.5659953
          ],
          [
            88.3717702,
            22.5654326
          ],
          [
            88.3718299,
            22.5653249
          ],
          [
            88.3721984,
            22.5646368
          ],
          [
            88.3720326,
            22.5644246
          ],
          [
            88.3715953,
            22.5647352
          ],
          [
            88.3706842,
            22.565161
          ],
          [
            88.3700561,
            22.5653837
          ]
        ]
      },
      "properties": {
        "amenity": "hospital",
        "check_date": "2023-10-10",
        "emergency": "yes",
        "healthcare": "hospital",
        "name": "B R Singh Hospital",
        "operator:type": "public",
        "wheelchair": "yes",
        "osm_id": 383577205
      }
    },
    {
      "type": "Feature",
      "geometry": {
        "type": "LineString",
        "coordinates": [
          [
            88.3321303,
            22.5121659
          ],
          [
            88.3324977,
            22.5114496
          ],
          [
            88.3326119,
            22.5114898
          ],
          [
            88.332248,
            22.5122077
          ],
          [
            88.3321303,
            22.5121659
          ]
        ]
      },
      "properties": {
        "addr:district": "Kolkata",
        "addr:full": "71/1, Humayun Kabir Sarani Block-G New Alipore",
        "addr:postcode": "700053",
        "addr:state": "West Bengal",
        "amenity": "hospital",
        "email": "info@bppoddarhospital.net",
        "emergency": "yes",
        "healthcare": "hospital",
        "name": "Bp Poddar Hospital And Medical Research Ltd",
        "operator": "B.P. Poddar Hospital & Medical Research Ltd.",
        "phone": "033 40226060",
        "source": "OpenGovernmentData",
        "website": "https://www.bppoddarhospital.net/",
        "osm_id": 404712375
      }
    },
    {
      "type": "Feature",
      "geometry": {
        "type": "LineString",
        "coordinates": [
          [
            88.3755283,
            22.4791651
          ],
          [
            88.3755516,
            22.4789857
          ],
          [
            88.3759788,
            22.4790431
          ],
          [
            88.3759517,
            22.4794271
          ],
          [
            88.3757769,
            22.4793805
          ],
          [
            88.375804,
            22.479201
          ],
          [
            88.3755283,
            22.4791651
          ]
        ]
      },
      "properties": {
        "amenity": "hospital",
        "healthcare": "hospital",
        "osm_id": 479590809
      }
    },
    {
      "type": "Feature",
      "geometry": {
        "type": "LineString",
        "coordinates": [
          [
            87.929161,
            22.1949596
          ],
          [
            87.9285763,
            22.1951533
          ],
          [
            87.9280559,
            22.1954911
          ],
          [
            87.9282705,
            22.1958934
          ],
          [
            87.9285709,
            22.1957692
          ],
          [
            87.9286567,
            22.1959282
          ],
          [
            87.9291717,
            22.1957146
          ],
          [
            87.9290966,
            22.1955457
          ],
          [
            87.9293166,
            22.1954315
          ],
          [
            87.9292093,
            22.1951136
          ],
          [
            87.929161,
            22.1949596
          ]
        ]
      },
      "properties": {
        "addr:district": "Purba Medinipur",
        "addr:full": "Nandakumar B.D.O. Office, Kumarara",
        "addr:postcode": "7,21,632",
        "addr:state": "West Bengal",
        "addr:subdistrict": "Nanda Kumar",
        "amenity": "hospital",
        "description": "Block Primary Health Centre",
        "healthcare": "centre",
        "name": "Khejurberia BPHC",
        "operator": "Government of India",
        "source": "OpenGovernmentData",
        "osm_id": 489235268
      }
    },
    {
      "type": "Feature",
      "geometry": {
        "type": "LineString",
        "coordinates": [
          [
            88.3734185,
            22.5728463
          ],
          [
            88.3736081,
            22.5728302
          ],
          [
            88.3735947,
            22.5727459
          ],
          [
            88.3733667,
            22.5727608
          ],
          [
            88.3733775,
            22.5728178
          ],
          [
            88.3734204,
            22.5728128
          ],
          [
            88.3734185,
            22.5728463
          ]
        ]
      },
      "properties": {
        "addr:city": "KOLKATA",
        "addr:housenumber": "301",
        "addr:postcode": "700009",
        "addr:street": "Acharya Jagadish Chandra Bose Road",
        "amenity": "hospital",
        "healthcare": "hospital",
        "name": "ESI OFFICE",
        "operator": "Employees' State Insurance",
        "operator:short": "ESI",
        "operator:type": "public",
        "operator:wikidata": "Q3595726",
        "osm_id": 491293458
      }
    },
    {
      "type": "Feature",
      "geometry": {
        "type": "LineString",
        "coordinates": [
          [
            88.4784993,
            22.5744758
          ],
          [
            88.4787245,
            22.5742445
          ],
          [
            88.4784092,
            22.5739507
          ],
          [
            88.4791974,
            22.5732229
          ],
          [
            88.4797971,
            22.5738051
          ],
          [
            88.4797945,
            22.5738846
          ],
          [
            88.4797802,
            22.574325
          ],
          [
            88.4797548,
            22.574468
          ],
          [
            88.4797098,
            22.5745746
          ],
          [
            88.4796535,
            22.574637
          ],
          [
            88.4795944,
            22.5746942
          ],
          [
            88.4794958,
            22.5747514
          ],
          [
            88.4793889,
            22.5747981
          ],
          [
            88.4792903,
            22.5748215
          ],
          [
            88.4791805,
            22.5748293
          ],
          [
            88.4790736,
            22.5748215
          ],
          [
            88.4789581,
            22.5747774
          ],
          [
            88.4788286,
            22.574715
          ],
          [
            88.4787751,
            22.5746864
          ],
          [
            88.4787188,
            22.57465
          ],
          [
            88.478671,
            22.5746214
          ],
          [
            88.4784993,
            22.5744758
          ]
        ]
      },
      "properties": {
        "amenity": "hospital",
        "healthcare": "hospital",
        "healthcare:speciality": "ophthalmology",
        "name": "Shankar Nethralaya",
        "osm_id": 514006647
      }
    },
    {
      "type": "Feature",
      "geometry": {
        "type": "LineString",
        "coordinates": [
          [
            88.4788011,
            22.5772088
          ],
          [
            88.4793143,
            22.5785133
          ],
          [
            88.4799614,
            22.5780402
          ],
          [
            88.4801506,
            22.5783788
          ],
          [
            88.4822792,
            22.576852
          ],
          [
            88.4815948,
            22.5765035
          ],
          [
            88.4805564,
            22.5760605
          ],
          [
            88.4801947,
            22.5761335
          ],
          [
            88.4798184,
            22.5762326
          ],
          [
            88.4797763,
            22.5762664
          ],
          [
            88.4796881,
            22.5763372
          ],
          [
            88.4795614,
            22.576501
          ],
          [
            88.4788011,
            22.5772088
          ]
        ]
      },
      "properties": {
        "amenity": "hospital",
        "healthcare": "hospital",
        "healthcare:speciality": "oncology",
        "name": "Tata Medical Centre",
        "website": "https://tmckolkata.com/in/",
        "wikidata": "Q25714780",
        "wikipedia": "en:Tata Medical Center",
        "osm_id": 514421523
      }
    },
    {
      "type": "Feature",
      "geometry": {
        "type": "LineString",
        "coordinates": [
          [
            88.4734119,
            22.5775546
          ],
          [
            88.4741267,
            22.577402
          ],
          [
            88.4740536,
            22.5770829
          ],
          [
            88.4733059,
            22.57722
          ],
          [
            88.4734119,
            22.5775546
          ]
        ]
      },
      "properties": {
        "amenity": "hospital",
        "healthcare": "hospital",
        "name": "Premashraya Palliative Care Unit",
        "osm_id": 516770053
      }
    },
    {
      "type": "Feature",
      "geometry": {
        "type": "LineString",
        "coordinates": [
          [
            88.3992672,
            22.5623496
          ],
          [
            88.4000834,
            22.5662904
          ],
          [
            88.3976401,
            22.5667289
          ],
          [
            88.397635,
            22.5662881
          ],
          [
            88.3967433,
            22.5664019
          ],
          [
            88.3966668,
            22.5659173
          ],
          [
            88.3979524,
            22.5657178
          ],
          [
            88.3966697,
            22.5628433
          ],
          [
            88.3992672,
            22.5623496
          ]
        ]
      },
      "properties": {
        "addr:district": "Kolkata",
        "addr:full": "Beliaghata Main Road, Near Head Post Office, Beliaghata",
        "addr:postcode": "700010",
        "addr:state": "West Bengal",
        "amenity": "hospital",
        "healthcare": "hospital",
        "name": "I.D & B.G. Hospital, Beliaghata",
        "source": "OpenGovernmentData",
        "osm_id": 539480618
      }
    },
    {
      "type": "Feature",
      "geometry": {
        "type": "LineString",
        "coordinates": [
          [
            88.3876267,
            22.5727027
          ],
          [
            88.3884066,
            22.5757042
          ],
          [
            88.3878249,
            22.5758839
          ],
          [
            88.3876517,
            22.5751249
          ],
          [
            88.3875605,
            22.5748674
          ],
          [
            88.3874506,
            22.5745578
          ],
          [
            88.3870992,
            22.5742036
          ],
          [
            88.3871648,
            22.5740327
          ],
          [
            88.3867171,
            22.5729219
          ],
          [
            88.3876267,
            22.5727027
          ]
        ]
      },
      "properties": {
        "addr:city": "Kolkata",
        "addr:housenumber": "111",
        "addr:postcode": "700054",
        "addr:street": "Narkeldanga Main Rd",
        "amenity": "hospital",
        "healthcare": "hospital",
        "name": "Dr. B. C. Roy Post Graduate Institute of Paediatric Sciences",
        "name:etymology:wikidata": "Q2901773",
        "wikidata": "Q105044529",
        "wikipedia": "en:Dr. B C Roy Post Graduate Institute of Paediatric Sciences",
        "osm_id": 539609612
      }
    },
    {
      "type": "Feature",
      "geometry": {
        "type": "LineString",
        "coordinates": [
          [
            88.927882,
            22.5864559
          ],
          [
            88.9277407,
            22.5873972
          ],
          [
            88.9287674,
            22.5875084
          ],
          [
            88.9289663,
            22.5867295
          ],
          [
            88.927882,
            22.5864559
          ]
        ]
      },
      "properties": {
        "addr:city": "Taki",
        "addr:district": "North 24 Parganas",
        "addr:postcode": "743429",
        "addr:state": "West Bengal",
        "addr:subdistrict": "Hasnabad",
        "amenity": "hospital",
        "healthcare": "hospital",
        "name": "Taki Rural Hospital",
        "source": "OpenGovernmentData",
        "wikidata": "Q61452367",
        "osm_id": 542206726
      }
    },
    {
      "type": "Feature",
      "geometry": {
        "type": "LineString",
        "coordinates": [
          [
            88.4015062,
            22.4917166
          ],
          [
            88.4028645,
            22.4916502
          ],
          [
            88.4028216,
            22.490751
          ],
          [
            88.4013849,
            22.4910032
          ],
          [
            88.4015062,
            22.4917166
          ]
        ]
      },
      "properties": {
        "addr:district": "Kolkata",
        "addr:full": "124, Mukundapur, Near Santoshpur Connector, E.M.Bypass",
        "addr:postcode": "700099",
        "addr:state": "West Bengal",
        "amenity": "hospital",
        "contact:phone": "3371222222",
        "email": "email@rtiics.org",
        "healthcare": "hospital",
        "name": "Rabindranath Tagore International Institute of Cardiac Sciences",
        "name:etymology:wikidata": "Q7241",
        "operator:type": "private",
        "source": "OpenGovernmentData",
        "osm_id": 599375917
      }
    },
    {
      "type": "Feature",
      "geometry": {
        "type": "LineString",
        "coordinates": [
          [
            88.3619325,
            22.5471481
          ],
          [
            88.3618965,
            22.5470821
          ],
          [
            88.3619609,
            22.5470597
          ],
          [
            88.3619859,
            22.5470868
          ],
          [
            88.3620128,
            22.547052
          ],
          [
            88.3620192,
            22.5470108
          ],
          [
            88.3620153,
            22.5469851
          ],
          [
            88.3619943,
            22.5469929
          ],
          [
            88.361963,
            22.5469329
          ],
          [
            88.3621081,
            22.5468793
          ],
          [
            88.3621958,
            22.546847
          ],
          [
            88.3622571,
            22.5469799
          ],
          [
            88.3621971,
            22.5470454
          ],
          [
            88.3620787,
            22.5471233
          ],
          [
            88.3619892,
            22.5471631
          ],
          [
            88.3619761,
            22.5471274
          ],
          [
            88.3619325,
            22.5471481
          ]
        ]
      },
      "properties": {
        "addr:city": "Kolkata",
        "addr:district": "Kolkata",
        "addr:housenumber": "185/1",
        "addr:postcode": "700017",
        "addr:street": "AJC Bose Road",
        "amenity": "hospital",
        "building:levels": "10",
        "check_date": "2026-03-22",
        "email": "info@neurokolkata.org",
        "emergency": "yes",
        "healthcare": "hospital",
        "healthcare:speciality": "neurology",
        "height": "25",
        "internet_access": "wlan",
        "internet_access:fee": "no",
        "name": "Institute Of Neurosciences Kolkata",
        "opening_hours": "Mo-Sa 10:00-18:00",
        "operator": "Institute Of Neurosciences",
        "operator:type": "private",
        "phone": "+913340309999;+913322867094;+919830864646;+919830964646",
        "website": "https://www.neurokolkata.org/",
        "wheelchair": "yes",
        "osm_id": 637058205
      }
    },
    {
      "type": "Feature",
      "geometry": {
        "type": "LineString",
        "coordinates": [
          [
            88.3542929,
            22.5534441
          ],
          [
            88.3545093,
            22.553378
          ],
          [
            88.3544059,
            22.5530893
          ],
          [
            88.3541895,
            22.5531554
          ],
          [
            88.3542929,
            22.5534441
          ]
        ]
      },
      "properties": {
        "addr:district": "Kolkata",
        "addr:full": "#5B, Royd Street",
        "addr:housenumber": "5B",
        "addr:postcode": "700016",
        "addr:state": "West Bengal",
        "addr:street": "Royd Street",
        "amenity": "hospital",
        "check_date": "2026-03-22",
        "contact:phone": "3322271666",
        "email": "roydnursinghome@hotmail.com",
        "fax": "+91-33-3354-7007",
        "healthcare": "hospital",
        "name": "Royd Nursing Home and Healthcare Limited",
        "phone": "+91-33-3354-7000;+91-33-3354-7001;+91-33-3354-7002;+91-33-3354-7003",
        "source": "OpenGovernmentData",
        "website": "https://www.roydnursinghome.com/",
        "osm_id": 656173034
      }
    },
    {
      "type": "Feature",
      "geometry": {
        "type": "LineString",
        "coordinates": [
          [
            88.3748217,
            22.5487002
          ],
          [
            88.3751675,
            22.5486083
          ],
          [
            88.3753902,
            22.5483633
          ],
          [
            88.3754167,
            22.5483516
          ],
          [
            88.3756081,
            22.5482671
          ],
          [
            88.3755797,
            22.5480089
          ],
          [
            88.3756081,
            22.5479695
          ],
          [
            88.375736,
            22.547917
          ],
          [
            88.3764087,
            22.5477726
          ],
          [
            88.376902,
            22.5477344
          ],
          [
            88.3768963,
            22.54758
          ],
          [
            88.3768329,
            22.547407
          ],
          [
            88.3767637,
            22.5473618
          ],
          [
            88.3764092,
            22.5474656
          ],
          [
            88.3763199,
            22.5473405
          ],
          [
            88.3762334,
            22.5469333
          ],
          [
            88.3758678,
            22.5469456
          ],
          [
            88.3758355,
            22.5467914
          ],
          [
            88.3754139,
            22.5468375
          ],
          [
            88.3754084,
            22.547012
          ],
          [
            88.3752644,
            22.5470307
          ],
          [
            88.3752327,
            22.5468976
          ],
          [
            88.3750396,
            22.5469136
          ],
          [
            88.3750022,
            22.5467193
          ],
          [
            88.374688,
            22.5467592
          ],
          [
            88.3748217,
            22.5487002
          ]
        ]
      },
      "properties": {
        "addr:district": "Kolkata",
        "addr:full": "Gobra Road, Seal Lane, Beniapukur",
        "addr:postcode": "700046",
        "addr:state": "West Bengal",
        "amenity": "hospital",
        "check_date": "2025-10-04",
        "healthcare": "hospital",
        "healthcare:speciality": "neuropsychiatry;neurology;psychiatry",
        "name": "Calcutta Pavlov Hospital",
        "operator": "Calcutta National Medical College and Hospital",
        "operator:type": "government",
        "source": "OpenGovernmentData",
        "osm_id": 753625286
      }
    },
    {
      "type": "Feature",
      "geometry": {
        "type": "LineString",
        "coordinates": [
          [
            88.417404,
            22.575449
          ],
          [
            88.4177896,
            22.5753457
          ],
          [
            88.4177603,
            22.5752526
          ],
          [
            88.4173747,
            22.5753559
          ],
          [
            88.417404,
            22.575449
          ]
        ]
      },
      "properties": {
        "addr:district": "Kolkata",
        "addr:full": "HB-36/A/1, Sec.-III, Salt Lake City",
        "addr:postcode": "700106",
        "addr:state": "West Bengal",
        "amenity": "hospital",
        "building": "yes",
        "check_date": "2023-10-27",
        "healthcare": "hospital",
        "name": "Susrut Eye Foundation And Research Centre",
        "opening_hours": "Mo-Sa 08:30-17:30",
        "phone": "+913323580201",
        "source": "OpenGovernmentData",
        "website": "https://www.susrut.org/",
        "osm_id": 756460737
      }
    },
    {
      "type": "Feature",
      "geometry": {
        "type": "LineString",
        "coordinates": [
          [
            88.1054819,
            21.7297453
          ],
          [
            88.1056327,
            21.7297668
          ],
          [
            88.1056514,
            21.7296528
          ],
          [
            88.1055007,
            21.7296314
          ],
          [
            88.1054819,
            21.7297453
          ]
        ]
      },
      "properties": {
        "addr:district": "South 24 Parganas",
        "addr:full": "Rudranagar",
        "addr:postcode": "743373",
        "addr:state": "West Bengal",
        "addr:subdistrict": "SAGAR",
        "amenity": "hospital",
        "building": "yes",
        "name": "Sagar Rural Hospital",
        "source": "OpenGovernmentData",
        "osm_id": 771263394
      }
    },
    {
      "type": "Feature",
      "geometry": {
        "type": "LineString",
        "coordinates": [
          [
            88.1321733,
            21.7780719
          ],
          [
            88.132443,
            21.7779341
          ],
          [
            88.1324279,
            21.7779086
          ],
          [
            88.1324512,
            21.7778967
          ],
          [
            88.1324235,
            21.7778498
          ],
          [
            88.1323991,
            21.7778623
          ],
          [
            88.1323807,
            21.7778312
          ],
          [
            88.1321695,
            21.7779392
          ],
          [
            88.1321945,
            21.7779815
          ],
          [
            88.1321371,
            21.7780108
          ],
          [
            88.1321733,
            21.7780719
          ]
        ]
      },
      "properties": {
        "addr:district": "South 24 Parganas",
        "addr:full": "Mahendraganj",
        "addr:postcode": "743373",
        "addr:state": "West Bengal",
        "addr:subdistrict": "SAGAR",
        "amenity": "hospital",
        "building": "yes",
        "description": "Primary Health Centre",
        "healthcare": "centre",
        "name": "Mahendraganj PHC",
        "source": "OpenGovernmentData",
        "osm_id": 771263607
      }
    },
    {
      "type": "Feature",
      "geometry": {
        "type": "LineString",
        "coordinates": [
          [
            88.0792149,
            21.6679827
          ],
          [
            88.0792323,
            21.6679299
          ],
          [
            88.0793869,
            21.6679665
          ],
          [
            88.0793743,
            21.6680223
          ],
          [
            88.0792149,
            21.6679827
          ]
        ]
      },
      "properties": {
        "amenity": "hospital",
        "healthcare": "hospital",
        "osm_id": 808307765
      }
    },
    {
      "type": "Feature",
      "geometry": {
        "type": "LineString",
        "coordinates": [
          [
            88.7388349,
            22.1816017
          ],
          [
            88.7396701,
            22.1814641
          ],
          [
            88.7396701,
            22.1813723
          ],
          [
            88.7388349,
            22.1815034
          ],
          [
            88.7388349,
            22.1816017
          ]
        ]
      },
      "properties": {
        "amenity": "hospital",
        "healthcare": "hospital",
        "osm_id": 817826526
      }
    },
    {
      "type": "Feature",
      "geometry": {
        "type": "LineString",
        "coordinates": [
          [
            88.3608613,
            21.978695
          ],
          [
            88.3611027,
            21.9788243
          ],
          [
            88.3612476,
            21.9783666
          ],
          [
            88.361092,
            21.9783069
          ],
          [
            88.3610813,
            21.9784214
          ],
          [
            88.3609203,
            21.9784512
          ],
          [
            88.3608613,
            21.978695
          ]
        ]
      },
      "properties": {
        "amenity": "hospital",
        "healthcare": "hospital",
        "osm_id": 832534926
      }
    },
    {
      "type": "Feature",
      "geometry": {
        "type": "LineString",
        "coordinates": [
          [
            88.6599362,
            22.3147757
          ],
          [
            88.6595955,
            22.3142273
          ],
          [
            88.6603305,
            22.3137906
          ],
          [
            88.6606872,
            22.314334
          ],
          [
            88.6599362,
            22.3147757
          ]
        ]
      },
      "properties": {
        "addr:district": "South 24 Parganas",
        "addr:full": "Baruipur-Canning Road, Near Women Police Station, Canning",
        "addr:postcode": "743329",
        "addr:state": "West Bengal",
        "addr:subdistrict": "Canning - I",
        "amenity": "hospital",
        "description": "Sub-District Hospital",
        "name": "Canning Sub-Divisional Hospital",
        "source": "OpenGovernmentData",
        "osm_id": 836678829
      }
    },
    {
      "type": "Feature",
      "geometry": {
        "type": "LineString",
        "coordinates": [
          [
            88.3067001,
            21.8286789
          ],
          [
            88.3066189,
            21.8285822
          ],
          [
            88.3068326,
            21.8284329
          ],
          [
            88.3068971,
            21.8285248
          ],
          [
            88.3067001,
            21.8286789
          ]
        ]
      },
      "properties": {
        "amenity": "hospital",
        "healthcare": "hospital",
        "name": "Drbachati Sub Health Centre",
        "osm_id": 840877829
      }
    },
    {
      "type": "Feature",
      "geometry": {
        "type": "LineString",
        "coordinates": [
          [
            88.3119024,
            22.5935142
          ],
          [
            88.3119529,
            22.5934918
          ],
          [
            88.3119646,
            22.5935145
          ],
          [
            88.3119142,
            22.5935368
          ],
          [
            88.3119024,
            22.5935142
          ]
        ]
      },
      "properties": {
        "addr:city": "Howrah",
        "addr:housenumber": "C-Gr18 Ajanta Apartment",
        "addr:postcode": "711104",
        "addr:street": "Kamardanga Road (Opposite Sangha Mitra Club) Ichapur, West Bengal India",
        "amenity": "clinic",
        "building": "yes",
        "description": "Dr. Moumita Sahana BSc,BHMS(Cal)  \nClassical Homoeopath in Howrah WB\nAddress :   C-Gr18 Ajanta Apartment Kamardanga Road (Opposite Sangha Mitra Club) Ichapur Howrah, West Bengal 711104 India",
        "healthcare": "clinic",
        "healthcare:speciality": "Classical_Homeopath;Homeopathy",
        "name": "Dr. Moumita Sahana BSc,BHMS(Cal) Homeopathy Howrah Tel: 084799 15518",
        "phone": "+91 8479915518",
        "website": "https://drmsahanahomeo.in/",
        "osm_id": 857367052
      }
    },
    {
      "type": "Feature",
      "geometry": {
        "type": "LineString",
        "coordinates": [
          [
            89.0798628,
            22.3316578
          ],
          [
            89.0802973,
            22.3325968
          ],
          [
            89.0801968,
            22.3326353
          ],
          [
            89.0802947,
            22.3328884
          ],
          [
            89.079946,
            22.3331092
          ],
          [
            89.0795886,
            22.3322495
          ],
          [
            89.0791111,
            22.3324083
          ],
          [
            89.0790246,
            22.332193
          ],
          [
            89.0795021,
            22.3319952
          ],
          [
            89.0794511,
            22.3318252
          ],
          [
            89.0798628,
            22.3316578
          ]
        ]
      },
      "properties": {
        "amenity": "hospital",
        "name": "Friendship Hospital Shyamnagar",
        "operator": "Friendship",
        "osm_id": 1025086777
      }
    },
    {
      "type": "Feature",
      "geometry": {
        "type": "LineString",
        "coordinates": [
          [
            88.4168192,
            22.1709731
          ],
          [
            88.4169326,
            22.1710567
          ],
          [
            88.416993,
            22.1709984
          ],
          [
            88.4169854,
            22.1709764
          ],
          [
            88.4168905,
            22.1709062
          ],
          [
            88.4168192,
            22.1709731
          ]
        ]
      },
      "properties": {
        "addr:city": "Jaynagar Majilpur",
        "addr:postcode": "743337",
        "addr:street": "Kulpi Road",
        "amenity": "clinic",
        "building": "yes",
        "healthcare": "clinic",
        "healthcare:speciality": "general;dentistry;den",
        "name": "Asheem Seva Niketan",
        "osm_id": 1031060243
      }
    },
    {
      "type": "Feature",
      "geometry": {
        "type": "LineString",
        "coordinates": [
          [
            88.4170303,
            22.1711289
          ],
          [
            88.4170866,
            22.1710656
          ],
          [
            88.4171225,
            22.1710873
          ],
          [
            88.4170651,
            22.1711511
          ],
          [
            88.4170303,
            22.1711289
          ]
        ]
      },
      "properties": {
        "addr:city": "Jaynagar Majilpur",
        "addr:postcode": "743337",
        "addr:street": "Kulpi Road",
        "amenity": "clinic",
        "building": "yes",
        "healthcare": "clinic",
        "healthcare:speciality": "homeopathy",
        "name": "Biswas Homeo Seva Sadan",
        "osm_id": 1031889541
      }
    },
    {
      "type": "Feature",
      "geometry": {
        "type": "LineString",
        "coordinates": [
          [
            88.4139238,
            22.1686849
          ],
          [
            88.4137788,
            22.1685659
          ],
          [
            88.413819,
            22.1685229
          ],
          [
            88.4135936,
            22.1683303
          ],
          [
            88.4136937,
            22.1682303
          ],
          [
            88.4139345,
            22.1684326
          ],
          [
            88.4139589,
            22.168407
          ],
          [
            88.4140327,
            22.1684698
          ],
          [
            88.4139319,
            22.1685786
          ],
          [
            88.4139861,
            22.1686211
          ],
          [
            88.4139238,
            22.1686849
          ]
        ]
      },
      "properties": {
        "addr:city": "Jaynagar Majilpur",
        "addr:postcode": "743337",
        "addr:street": "Kulpi Road",
        "amenity": "hospital",
        "emergency": "yes",
        "healthcare": "hospital",
        "internet_access": "yes",
        "name": "Dakshinanchal Swasthya Sadan",
        "osm_id": 1062502691
      }
    },
    {
      "type": "Feature",
      "geometry": {
        "type": "LineString",
        "coordinates": [
          [
            88.4223052,
            22.1801759
          ],
          [
            88.4224397,
            22.1801785
          ],
          [
            88.4224402,
            22.1800831
          ],
          [
            88.4224583,
            22.1800791
          ],
          [
            88.4224617,
            22.1800247
          ],
          [
            88.4225464,
            22.1800292
          ],
          [
            88.4225453,
            22.179946
          ],
          [
            88.4224747,
            22.1799429
          ],
          [
            88.4224572,
            22.1799252
          ],
          [
            88.4224412,
            22.1799181
          ],
          [
            88.4224124,
            22.1799186
          ],
          [
            88.4223812,
            22.1799342
          ],
          [
            88.422362,
            22.1799642
          ],
          [
            88.4223456,
            22.1800243
          ],
          [
            88.4223124,
            22.1800268
          ],
          [
            88.422311,
            22.1800853
          ],
          [
            88.4222938,
            22.1800921
          ],
          [
            88.4222923,
            22.1801296
          ],
          [
            88.4223038,
            22.1801343
          ],
          [
            88.4223052,
            22.1801759
          ]
        ]
      },
      "properties": {
        "addr:city": "Jaynagar Majilpur",
        "addr:housenumber": "5",
        "addr:postcode": "743337",
        "addr:street": "Sarat Dutta Road",
        "amenity": "hospital",
        "emergency": "yes",
        "healthcare": "hospital",
        "internet_access": "yes",
        "name": "Satyajit Nursing Home",
        "osm_id": 1062503321
      }
    },
    {
      "type": "Feature",
      "geometry": {
        "type": "LineString",
        "coordinates": [
          [
            88.4223881,
            22.1772261
          ],
          [
            88.4225748,
            22.1771432
          ],
          [
            88.4226763,
            22.1773393
          ],
          [
            88.4224896,
            22.1774222
          ],
          [
            88.4223881,
            22.1772261
          ]
        ]
      },
      "properties": {
        "addr:city": "Jaynagar Majilpur",
        "addr:postcode": "743337",
        "amenity": "hospital",
        "emergency": "yes",
        "healthcare": "hospital",
        "internet_access": "yes",
        "name": "Dr. M.A.Jalil's Nursing Home",
        "osm_id": 1062503636
      }
    },
    {
      "type": "Feature",
      "geometry": {
        "type": "LineString",
        "coordinates": [
          [
            88.4204561,
            22.174627
          ],
          [
            88.4205517,
            22.174585
          ],
          [
            88.4207146,
            22.1749035
          ],
          [
            88.4206189,
            22.1749455
          ],
          [
            88.4204561,
            22.174627
          ]
        ]
      },
      "properties": {
        "addr:city": "Jaynagar Majilpur",
        "addr:postcode": "743337",
        "addr:street": "Jaynagar-Kultali Road",
        "amenity": "hospital",
        "description": "Govt. aided maternity hospital",
        "emergency": "yes",
        "healthcare": "hospital",
        "internet_access": "yes",
        "name": "Matrimangal Sishumangal Maternity Hospital",
        "operator": "Jaynagar Majilpur Municipality",
        "operator:type": "government",
        "osm_id": 1062503952
      }
    },
    {
      "type": "Feature",
      "geometry": {
        "type": "LineString",
        "coordinates": [
          [
            88.4218822,
            22.1740149
          ],
          [
            88.4220694,
            22.1743641
          ],
          [
            88.4219561,
            22.1744162
          ],
          [
            88.4219006,
            22.1743127
          ],
          [
            88.4217257,
            22.1743931
          ],
          [
            88.4216293,
            22.1742132
          ],
          [
            88.4217266,
            22.1740781
          ],
          [
            88.4218822,
            22.1740149
          ]
        ]
      },
      "properties": {
        "addr:city": "Jaynagar Majilpur",
        "addr:postcode": "743337",
        "addr:street": "Jaynagar-Kultali Road",
        "amenity": "hospital",
        "emergency": "yes",
        "healthcare": "hospital",
        "internet_access": "yes",
        "name": "Spandan Maternity and Nursing Home",
        "osm_id": 1062504704
      }
    },
    {
      "type": "Feature",
      "geometry": {
        "type": "LineString",
        "coordinates": [
          [
            88.4223063,
            22.1729775
          ],
          [
            88.4224424,
            22.1731244
          ],
          [
            88.4223088,
            22.1732307
          ],
          [
            88.4221726,
            22.1730837
          ],
          [
            88.4223063,
            22.1729775
          ]
        ]
      },
      "properties": {
        "addr:city": "Jaynagar Majilpur",
        "addr:postcode": "743337",
        "addr:street": "Jaynagar-Kultali Road",
        "amenity": "hospital",
        "emergency": "yes",
        "healthcare": "hospital",
        "internet_access": "yes",
        "name": "Dr. Kandary's Nursing Home and Maternity Home",
        "osm_id": 1062504978
      }
    },
    {
      "type": "Feature",
      "geometry": {
        "type": "LineString",
        "coordinates": [
          [
            88.4252655,
            22.1701814
          ],
          [
            88.4254806,
            22.1704726
          ],
          [
            88.4255716,
            22.1704149
          ],
          [
            88.4253565,
            22.1701237
          ],
          [
            88.4252655,
            22.1701814
          ]
        ]
      },
      "properties": {
        "addr:city": "Jaynagar Majilpur",
        "addr:postcode": "743337",
        "amenity": "hospital",
        "emergency": "yes",
        "healthcare": "hospital",
        "internet_access": "yes",
        "name": "Rotary Jaynagar Eye Hospital",
        "osm_id": 1062505235
      }
    },
    {
      "type": "Feature",
      "geometry": {
        "type": "LineString",
        "coordinates": [
          [
            88.4217913,
            22.1694921
          ],
          [
            88.4215662,
            22.1696337
          ],
          [
            88.4214784,
            22.169514
          ],
          [
            88.4217035,
            22.1693724
          ],
          [
            88.4217913,
            22.1694921
          ]
        ]
      },
      "properties": {
        "addr:city": "Jaynagar Majilpur",
        "addr:postcode": "743337",
        "addr:street": "Bhutnath Chakraborty Sarani",
        "amenity": "hospital",
        "emergency": "yes",
        "healthcare": "hospital",
        "internet_access": "yes",
        "name": "Shankar Nursing Home",
        "osm_id": 1062505568
      }
    },
    {
      "type": "Feature",
      "geometry": {
        "type": "LineString",
        "coordinates": [
          [
            88.4281893,
            22.1655305
          ],
          [
            88.4282975,
            22.1654416
          ],
          [
            88.4279742,
            22.1651042
          ],
          [
            88.427866,
            22.1651931
          ],
          [
            88.4281893,
            22.1655305
          ]
        ]
      },
      "properties": {
        "addr:city": "Jaynagar Majilpur",
        "addr:postcode": "743337",
        "addr:street": "Jaynagar-Kultali Road",
        "amenity": "hospital",
        "emergency": "yes",
        "healthcare": "hospital",
        "internet_access": "yes",
        "name": "Maa Nursing Home and Maternity Home",
        "osm_id": 1062505794
      }
    },
    {
      "type": "Feature",
      "geometry": {
        "type": "LineString",
        "coordinates": [
          [
            88.2170176,
            22.4936747
          ],
          [
            88.2201666,
            22.4949782
          ],
          [
            88.2204831,
            22.4942398
          ],
          [
            88.2220441,
            22.4939077
          ],
          [
            88.2216686,
            22.4922027
          ],
          [
            88.2214111,
            22.4919995
          ],
          [
            88.2191902,
            22.4910974
          ],
          [
            88.2183587,
            22.4928867
          ],
          [
            88.2168943,
            22.4924109
          ],
          [
            88.2171303,
            22.4935806
          ],
          [
            88.2170176,
            22.4936747
          ]
        ]
      },
      "properties": {
        "addr:district": "South 24 Parganas",
        "addr:full": "Pulkhali Village Doulatpur Post Office, Vivekananda Pally, Kolkata",
        "addr:postcode": "700139",
        "addr:state": "West Bengal",
        "amenity": "hospital",
        "healthcare": "hospital",
        "name": "ESI Hospital",
        "operator": "Employees' State Insurance",
        "operator:short": "ESI",
        "operator:wikidata": "Q3595726",
        "source": "Local Knowledge",
        "osm_id": 1222293080
      }
    },
    {
      "type": "Feature",
      "geometry": {
        "type": "LineString",
        "coordinates": [
          [
            88.3731733,
            22.5631506
          ],
          [
            88.3729076,
            22.5630926
          ],
          [
            88.3721808,
            22.5630332
          ],
          [
            88.3718133,
            22.562949
          ],
          [
            88.3714887,
            22.5628647
          ],
          [
            88.3713171,
            22.5627607
          ],
          [
            88.3710328,
            22.5626096
          ],
          [
            88.3704454,
            22.5623223
          ],
          [
            88.3701262,
            22.5621762
          ],
          [
            88.3699679,
            22.5621341
          ],
          [
            88.3698057,
            22.5621452
          ],
          [
            88.3694851,
            22.5621563
          ],
          [
            88.3692008,
            22.5622245
          ],
          [
            88.3691297,
            22.5622468
          ],
          [
            88.3688951,
            22.5623595
          ],
          [
            88.3686429,
            22.562518
          ],
          [
            88.3685356,
            22.5626616
          ],
          [
            88.3683693,
            22.5628474
          ],
          [
            88.3681387,
            22.5629564
          ],
          [
            88.3679697,
            22.5630257
          ],
          [
            88.3682191,
            22.5636394
          ],
          [
            88.3689841,
            22.5656025
          ],
          [
            88.3704911,
            22.5650876
          ],
          [
            88.3715264,
            22.5646219
          ],
          [
            88.3724545,
            22.5638788
          ],
          [
            88.3727602,
            22.5635816
          ],
          [
            88.3731733,
            22.5631506
          ]
        ]
      },
      "properties": {
        "alt_name": "NRS Medical College and Hospital",
        "amenity": "hospital",
        "check_date": "2023-10-10",
        "emergency": "yes",
        "healthcare": "hospital",
        "name": "Nil Ratan Sircar Medical College and Hospital",
        "name:bn": "\u09a8\u09c0\u09b2\u09b0\u09a4\u09a8 \u09b8\u09b0\u0995\u09be\u09b0 \u09ae\u09c7\u09a1\u09bf\u0995\u09c7\u09b2 \u0995\u09b2\u09c7\u099c \u0993 \u09b9\u09be\u09b8\u09aa\u09be\u09a4\u09be\u09b2",
        "name:en": "Nil Ratan Sircar Medical College and Hospital",
        "name:etymology:wikidata": "Q13058424",
        "operator:type": "government",
        "source": "bing, wikipedia",
        "wheelchair": "yes",
        "wikidata": "Q14957107",
        "wikimedia_commons": "Category:Nil Ratan Sircar Medical College and Hospital",
        "wikipedia": "en:Nil Ratan Sircar Medical College and Hospital",
        "osm_id": 1234548390
      }
    },
    {
      "type": "Feature",
      "geometry": {
        "type": "LineString",
        "coordinates": [
          [
            88.3647672,
            22.5912883
          ],
          [
            88.3647984,
            22.591343
          ],
          [
            88.364776,
            22.5913539
          ],
          [
            88.3648101,
            22.5914139
          ],
          [
            88.3647151,
            22.59146
          ],
          [
            88.3646816,
            22.5914011
          ],
          [
            88.3646538,
            22.5914146
          ],
          [
            88.364622,
            22.5913588
          ],
          [
            88.3647672,
            22.5912883
          ]
        ]
      },
      "properties": {
        "addr:city": "Kolkata",
        "addr:housenumber": "22",
        "addr:postcode": "700006",
        "addr:street": "Nilmoni Mitra Street",
        "alt_name:bn": "\u09a6\u09b0\u09cd\u099c\u09bf\u09aa\u09be\u09a1\u09bc\u09be \u09ae\u09be\u09a4\u09c3\u09b8\u09a6\u09a8",
        "alt_name:en": "Darjipara Matri Sadan",
        "amenity": "hospital",
        "healthcare": "hospital",
        "name": "North Maternity Home - Darjipara Matri Sadan \u2014 \u09a8\u09b0\u09cd\u09a5 \u09ae\u09c7\u099f\u09be\u09b0\u09cd\u09a8\u09bf\u099f\u09bf \u09b9\u09cb\u09ae (\u09a6\u09b0\u09cd\u099c\u09bf\u09aa\u09be\u09a1\u09bc\u09be \u09ae\u09be\u09a4\u09c3\u09b8\u09a6\u09a8)",
        "name:bn": "\u09a8\u09b0\u09cd\u09a5 \u09ae\u09c7\u099f\u09be\u09b0\u09cd\u09a8\u09bf\u099f\u09bf \u09b9\u09cb\u09ae",
        "name:en": "North Maternity Home",
        "osm_id": 1355797693
      }
    },
    {
      "type": "Feature",
      "geometry": {
        "type": "LineString",
        "coordinates": [
          [
            88.3799753,
            22.5434655
          ],
          [
            88.3799417,
            22.5433764
          ],
          [
            88.3796392,
            22.5434763
          ],
          [
            88.3796713,
            22.5435748
          ],
          [
            88.3799753,
            22.5434655
          ]
        ]
      },
      "properties": {
        "amenity": "hospital",
        "healthcare": "hospital",
        "osm_id": 1390913883
      }
    },
    {
      "type": "Feature",
      "geometry": {
        "type": "LineString",
        "coordinates": [
          [
            88.370407,
            22.5348254
          ],
          [
            88.3705221,
            22.534776
          ],
          [
            88.3704766,
            22.5347055
          ],
          [
            88.3703682,
            22.5347476
          ],
          [
            88.370407,
            22.5348254
          ]
        ]
      },
      "properties": {
        "addr:city": "Kolkata",
        "addr:district": "Kolkata",
        "addr:housenumber": "13H",
        "addr:postcode": "700019",
        "addr:street": "Tiljala Lane, Ballygunge, Kolkata, West Bengal",
        "amenity": "hospital",
        "emergency": "yes",
        "healthcare": "hospital",
        "healthcare:speciality": "surgery;neurology",
        "name": "Regal Nursing home",
        "osm_id": 1482995111
      }
    },
    {
      "type": "Feature",
      "geometry": {
        "type": "LineString",
        "coordinates": [
          [
            88.4333515,
            22.4399167
          ],
          [
            88.4335104,
            22.4399546
          ],
          [
            88.4335448,
            22.439831
          ],
          [
            88.433472,
            22.4398137
          ],
          [
            88.4334916,
            22.4397433
          ],
          [
            88.4334056,
            22.4397228
          ],
          [
            88.4333515,
            22.4399167
          ]
        ]
      },
      "properties": {
        "amenity": "hospital",
        "healthcare": "hospital",
        "name": "Sonarpur Railway Hospital",
        "operator": "Indian Railways",
        "osm_id": 1487754039
      }
    },
    {
      "type": "Feature",
      "geometry": {
        "type": "LineString",
        "coordinates": [
          [
            88.3591137,
            22.5421502
          ],
          [
            88.3592393,
            22.5421016
          ],
          [
            88.3591386,
            22.5418824
          ],
          [
            88.3590322,
            22.5419168
          ],
          [
            88.3591137,
            22.5421502
          ]
        ]
      },
      "properties": {
        "addr:city": "Kolkata",
        "addr:district": "Kolkata",
        "addr:housenumber": "6B",
        "addr:postcode": "700017",
        "addr:street": "Acharya Jagadish Chandra Bose Road",
        "amenity": "hospital",
        "branch": "OPD Building",
        "brand": "Institute of Neurosciences",
        "building": "yes",
        "check_date": "2026-03-22",
        "email": "info@neurokolkata.org",
        "emergency": "no",
        "healthcare": "hospital",
        "healthcare:speciality": "neurology",
        "name": "Institute of Neurosciences OPD Building",
        "opening_hours": "Mo-Sa 10:00-18:00",
        "operator": "Institute of Neurosciences",
        "operator:type": "private",
        "phone": "+913340309999;+913322867094;+919830864646;+919830964646",
        "website": "https://www.neurokolkata.org/",
        "osm_id": 1490199793
      }
    },
    {
      "type": "Feature",
      "geometry": {
        "type": "LineString",
        "coordinates": [
          [
            88.1709107,
            22.4540288
          ],
          [
            88.1709322,
            22.4520482
          ],
          [
            88.1716671,
            22.4518102
          ],
          [
            88.1715062,
            22.4511012
          ],
          [
            88.1727883,
            22.4510417
          ],
          [
            88.1728795,
            22.451721
          ],
          [
            88.1738773,
            22.4516813
          ],
          [
            88.1738504,
            22.4521771
          ],
          [
            88.174285,
            22.4522118
          ],
          [
            88.1742581,
            22.452539
          ],
          [
            88.1744727,
            22.4525489
          ],
          [
            88.1744566,
            22.4527571
          ],
          [
            88.1739041,
            22.452777
          ],
          [
            88.173947,
            22.4533818
          ],
          [
            88.1739631,
            22.4536694
          ],
          [
            88.1721177,
            22.4541354
          ],
          [
            88.1709107,
            22.4540288
          ]
        ]
      },
      "properties": {
        "amenity": "hospital",
        "healthcare": "hospital",
        "name": "Jagannath Gupta Institute of Medical Sciences & Hospital",
        "name:bn": "\u099c\u0997\u09cd\u09a8\u09a8\u09be\u09a5 \u0997\u09c1\u09aa\u09cd\u09a4\u09be \u0987\u09a8\u09cd\u09b8\u099f\u09bf\u099f\u09bf\u0989\u099f \u0985\u09ab \u09ae\u09c7\u09a1\u09c0\u0995\u09be\u09b2 \u09b8\u09be\u09af\u09bc\u09c7\u09a8\u09cd\u09b8\u09c7\u09b8 \u0993 \u09b9\u09be\u09b8\u09aa\u09be\u09a4\u09be\u09b2",
        "name:en": "JIMSH",
        "website": "https://www.jimsh.org/",
        "osm_id": 1543197392
      }
    }
  ]
}