{
  "type": "FeatureCollection",
  "features": [
    {
      "type": "Feature",
      "geometry": {
        "type": "Point",
        "coordinates": [
          88.0778598,
          21.6596899
        ]
      },
      "properties": {
        "osm_id": 245696729,
        "name": "Gangasagar",
        "place": "suburb"
      }
    },
    {
      "type": "Feature",
      "geometry": {
        "type": "Point",
        "coordinates": [
          87.8106522,
          21.7253771
        ]
      },
      "properties": {
        "osm_id": 245698779,
        "name": "Junput",
        "place": "village"
      }
    },
    {
      "type": "Feature",
      "geometry": {
        "type": "Point",
        "coordinates": [
          88.2342554,
          21.7584734
        ]
      },
      "properties": {
        "osm_id": 245699652,
        "name": "Namkhana",
        "place": "suburb"
      }
    },
    {
      "type": "Feature",
      "geometry": {
        "type": "Point",
        "coordinates": [
          87.9608077,
          21.8655974
        ]
      },
      "properties": {
        "osm_id": 245700992,
        "name": "Khejuri",
        "place": "village"
      }
    },
    {
      "type": "Feature",
      "geometry": {
        "type": "Point",
        "coordinates": [
          87.8214147,
          22.0245346
        ]
      },
      "properties": {
        "osm_id": 245702198,
        "name": "Bajkul",
        "place": "village"
      }
    },
    {
      "type": "Feature",
      "geometry": {
        "type": "Point",
        "coordinates": [
          88.1894879,
          22.1926886
        ]
      },
      "properties": {
        "osm_id": 245703098,
        "name": "Diamond Harbour",
        "place": "city",
        "population_tag": "41802"
      }
    },
    {
      "type": "Feature",
      "geometry": {
        "type": "Point",
        "coordinates": [
          88.4325575,
          22.3607154
        ]
      },
      "properties": {
        "osm_id": 245704499,
        "name": "Baruipur",
        "place": "city",
        "population_tag": "53128"
      }
    },
    {
      "type": "Feature",
      "geometry": {
        "type": "Point",
        "coordinates": [
          88.2680173,
          22.381184
        ]
      },
      "properties": {
        "osm_id": 245704518,
        "name": "Bishnupur",
        "place": "suburb"
      }
    },
    {
      "type": "Feature",
      "geometry": {
        "type": "Point",
        "coordinates": [
          88.3638953,
          22.5726459
        ]
      },
      "properties": {
        "osm_id": 245707150,
        "name": "Kolkata",
        "place": "city",
        "population_tag": "4486679"
      }
    },
    {
      "type": "Feature",
      "geometry": {
        "type": "Point",
        "coordinates": [
          88.3251045,
          22.5736296
        ]
      },
      "properties": {
        "osm_id": 339279350,
        "name": "Howrah",
        "place": "city",
        "population_tag": "1072161"
      }
    },
    {
      "type": "Feature",
      "geometry": {
        "type": "Point",
        "coordinates": [
          88.3618382,
          22.4913328
        ]
      },
      "properties": {
        "osm_id": 419272372,
        "name": "Golf Green",
        "place": "suburb"
      }
    },
    {
      "type": "Feature",
      "geometry": {
        "type": "Point",
        "coordinates": [
          88.363674,
          22.5056055
        ]
      },
      "properties": {
        "osm_id": 419275145,
        "name": "Jodhpur Park",
        "place": "suburb"
      }
    },
    {
      "type": "Feature",
      "geometry": {
        "type": "Point",
        "coordinates": [
          88.3709006,
          22.495499
        ]
      },
      "properties": {
        "osm_id": 419275337,
        "name": "Jadavpur",
        "place": "suburb"
      }
    },
    {
      "type": "Feature",
      "geometry": {
        "type": "Point",
        "coordinates": [
          88.3673305,
          22.507255
        ]
      },
      "properties": {
        "osm_id": 419275394,
        "name": "Dhakuria",
        "place": "suburb"
      }
    },
    {
      "type": "Feature",
      "geometry": {
        "type": "Point",
        "coordinates": [
          88.3477052,
          22.5153313
        ]
      },
      "properties": {
        "osm_id": 419289392,
        "name": "Kalighat",
        "place": "suburb"
      }
    },
    {
      "type": "Feature",
      "geometry": {
        "type": "Point",
        "coordinates": [
          88.3943285,
          22.1202674
        ]
      },
      "properties": {
        "osm_id": 569633075,
        "name": "Mathurapur",
        "place": "suburb"
      }
    },
    {
      "type": "Feature",
      "geometry": {
        "type": "Point",
        "coordinates": [
          88.1011108,
          22.4700318
        ]
      },
      "properties": {
        "osm_id": 570047175,
        "name": "Uluberia",
        "place": "city",
        "population_tag": "222200"
      }
    },
    {
      "type": "Feature",
      "geometry": {
        "type": "Point",
        "coordinates": [
          87.9833125,
          22.1888242
        ]
      },
      "properties": {
        "osm_id": 570049544,
        "name": "Mahishadal",
        "place": "town"
      }
    },
    {
      "type": "Feature",
      "geometry": {
        "type": "Point",
        "coordinates": [
          88.0313336,
          22.3019138
        ]
      },
      "properties": {
        "osm_id": 570049656,
        "name": "Syampur",
        "place": "village"
      }
    },
    {
      "type": "Feature",
      "geometry": {
        "type": "Point",
        "coordinates": [
          88.0092193,
          22.5782804
        ]
      },
      "properties": {
        "osm_id": 570051301,
        "name": "Amta",
        "place": "village"
      }
    },
    {
      "type": "Feature",
      "geometry": {
        "type": "Point",
        "coordinates": [
          88.0632655,
          22.028124
        ]
      },
      "properties": {
        "osm_id": 733558709,
        "name": "Haldia",
        "place": "city",
        "population_tag": "200762"
      }
    },
    {
      "type": "Feature",
      "geometry": {
        "type": "Point",
        "coordinates": [
          87.9808584,
          22.0030689
        ]
      },
      "properties": {
        "osm_id": 733558752,
        "name": "Nandigram",
        "place": "village"
      }
    },
    {
      "type": "Feature",
      "geometry": {
        "type": "Point",
        "coordinates": [
          87.9255933,
          22.2896984
        ]
      },
      "properties": {
        "osm_id": 733558788,
        "name": "Tamluk",
        "place": "town",
        "population_tag": "10000"
      }
    },
    {
      "type": "Feature",
      "geometry": {
        "type": "Point",
        "coordinates": [
          88.1376225,
          22.0712614
        ]
      },
      "properties": {
        "osm_id": 981983258,
        "name": "Durgachak",
        "place": "town"
      }
    },
    {
      "type": "Feature",
      "geometry": {
        "type": "Point",
        "coordinates": [
          87.8737389,
          22.4430461
        ]
      },
      "properties": {
        "osm_id": 981983654,
        "name": "Kolaghat",
        "place": "town"
      }
    },
    {
      "type": "Feature",
      "geometry": {
        "type": "Point",
        "coordinates": [
          88.1184058,
          22.187024
        ]
      },
      "properties": {
        "osm_id": 982004528,
        "name": "Kukrahati",
        "place": "village"
      }
    },
    {
      "type": "Feature",
      "geometry": {
        "type": "Point",
        "coordinates": [
          88.12354,
          22.2090699
        ]
      },
      "properties": {
        "osm_id": 982004548,
        "name": "Raychak",
        "place": "suburb"
      }
    },
    {
      "type": "Feature",
      "geometry": {
        "type": "Point",
        "coordinates": [
          88.3593328,
          22.581261
        ]
      },
      "properties": {
        "osm_id": 1188948058,
        "name": "Jorasanko East",
        "place": "suburb"
      }
    },
    {
      "type": "Feature",
      "geometry": {
        "type": "Point",
        "coordinates": [
          88.3640062,
          22.5869942
        ]
      },
      "properties": {
        "osm_id": 1188948117,
        "name": "Girish Park",
        "place": "suburb"
      }
    },
    {
      "type": "Feature",
      "geometry": {
        "type": "Point",
        "coordinates": [
          88.3632187,
          22.580781
        ]
      },
      "properties": {
        "osm_id": 1188948149,
        "name": "Machua Bazar",
        "place": "suburb"
      }
    },
    {
      "type": "Feature",
      "geometry": {
        "type": "Point",
        "coordinates": [
          88.3562514,
          22.5834141
        ]
      },
      "properties": {
        "osm_id": 1188948275,
        "name": "Jorasanko",
        "place": "suburb"
      }
    },
    {
      "type": "Feature",
      "geometry": {
        "type": "Point",
        "coordinates": [
          88.3585549,
          22.5888342
        ]
      },
      "properties": {
        "osm_id": 1188948291,
        "name": "Jorasanko North",
        "place": "suburb"
      }
    },
    {
      "type": "Feature",
      "geometry": {
        "type": "Point",
        "coordinates": [
          88.352572,
          22.5845568
        ]
      },
      "properties": {
        "osm_id": 1188948346,
        "name": "Jagganath Ghat",
        "place": "suburb"
      }
    },
    {
      "type": "Feature",
      "geometry": {
        "type": "Point",
        "coordinates": [
          88.3625959,
          22.5848342
        ]
      },
      "properties": {
        "osm_id": 1188948366,
        "name": "Machua Bazar North",
        "place": "suburb"
      }
    },
    {
      "type": "Feature",
      "geometry": {
        "type": "Point",
        "coordinates": [
          88.3591388,
          22.5746122
        ]
      },
      "properties": {
        "osm_id": 1189036474,
        "name": "Central Avenue 2",
        "place": "suburb"
      }
    },
    {
      "type": "Feature",
      "geometry": {
        "type": "Point",
        "coordinates": [
          88.3572092,
          22.5769106
        ]
      },
      "properties": {
        "osm_id": 1189036587,
        "name": "Tiretta",
        "place": "suburb"
      }
    },
    {
      "type": "Feature",
      "geometry": {
        "type": "Point",
        "coordinates": [
          88.3528098,
          22.5801792
        ]
      },
      "properties": {
        "osm_id": 1189036847,
        "name": "Bara Bazar",
        "place": "suburb"
      }
    },
    {
      "type": "Feature",
      "geometry": {
        "type": "Point",
        "coordinates": [
          88.3490528,
          22.5719288
        ]
      },
      "properties": {
        "osm_id": 1189036944,
        "name": "B. B. D. Bagh",
        "place": "suburb"
      }
    },
    {
      "type": "Feature",
      "geometry": {
        "type": "Point",
        "coordinates": [
          88.362514,
          22.5940341
        ]
      },
      "properties": {
        "osm_id": 1189512262,
        "name": "Shobha Bazar",
        "place": "suburb"
      }
    },
    {
      "type": "Feature",
      "geometry": {
        "type": "Point",
        "coordinates": [
          88.3667519,
          22.5919534
        ]
      },
      "properties": {
        "osm_id": 1189512267,
        "name": "Shobha Bazar East",
        "place": "suburb"
      }
    },
    {
      "type": "Feature",
      "geometry": {
        "type": "Point",
        "coordinates": [
          88.3615602,
          22.5704924
        ]
      },
      "properties": {
        "osm_id": 1190128273,
        "name": "Bowbazar",
        "place": "suburb"
      }
    },
    {
      "type": "Feature",
      "geometry": {
        "type": "Point",
        "coordinates": [
          88.3503566,
          22.563292
        ]
      },
      "properties": {
        "osm_id": 1190128356,
        "name": "Esplanade",
        "place": "suburb"
      }
    },
    {
      "type": "Feature",
      "geometry": {
        "type": "Point",
        "coordinates": [
          88.3608177,
          22.5640235
        ]
      },
      "properties": {
        "osm_id": 1190128360,
        "name": "Chandni Chowk",
        "place": "suburb"
      }
    },
    {
      "type": "Feature",
      "geometry": {
        "type": "Point",
        "coordinates": [
          88.3699672,
          22.5851079
        ]
      },
      "properties": {
        "osm_id": 1196068641,
        "name": "Sealdah North",
        "place": "suburb"
      }
    },
    {
      "type": "Feature",
      "geometry": {
        "type": "Point",
        "coordinates": [
          88.3660201,
          22.576213
        ]
      },
      "properties": {
        "osm_id": 1196068665,
        "name": "Bow Bazar North",
        "place": "suburb"
      }
    },
    {
      "type": "Feature",
      "geometry": {
        "type": "Point",
        "coordinates": [
          88.3700048,
          22.5812465
        ]
      },
      "properties": {
        "osm_id": 1196068721,
        "name": "City College",
        "place": "suburb"
      }
    },
    {
      "type": "Feature",
      "geometry": {
        "type": "Point",
        "coordinates": [
          88.3661712,
          22.5649514
        ]
      },
      "properties": {
        "osm_id": 1202167820,
        "name": "Chandni Chowk East",
        "place": "suburb"
      }
    },
    {
      "type": "Feature",
      "geometry": {
        "type": "Point",
        "coordinates": [
          88.3697852,
          22.574865
        ]
      },
      "properties": {
        "osm_id": 1202168637,
        "name": "Baitakkhana North",
        "place": "suburb"
      }
    },
    {
      "type": "Feature",
      "geometry": {
        "type": "Point",
        "coordinates": [
          88.3678127,
          22.5698258
        ]
      },
      "properties": {
        "osm_id": 1202168763,
        "name": "Baithakkhana",
        "place": "suburb"
      }
    },
    {
      "type": "Feature",
      "geometry": {
        "type": "Point",
        "coordinates": [
          88.3772276,
          22.5883664
        ]
      },
      "properties": {
        "osm_id": 1207704835,
        "name": "Simla",
        "place": "suburb"
      }
    },
    {
      "type": "Feature",
      "geometry": {
        "type": "Point",
        "coordinates": [
          88.3694857,
          22.5979916
        ]
      },
      "properties": {
        "osm_id": 1213003047,
        "name": "Shyam Bazar",
        "place": "suburb"
      }
    },
    {
      "type": "Feature",
      "geometry": {
        "type": "Point",
        "coordinates": [
          88.3766409,
          22.5808883
        ]
      },
      "properties": {
        "osm_id": 1217644781,
        "name": "Circular Canal",
        "place": "suburb"
      }
    },
    {
      "type": "Feature",
      "geometry": {
        "type": "Point",
        "coordinates": [
          88.3627981,
          22.5589558
        ]
      },
      "properties": {
        "osm_id": 1270249910,
        "name": "Tal Tala",
        "place": "suburb"
      }
    },
    {
      "type": "Feature",
      "geometry": {
        "type": "Point",
        "coordinates": [
          88.3598938,
          22.5503588
        ]
      },
      "properties": {
        "osm_id": 1275706810,
        "name": "Ripon Street",
        "place": "suburb"
      }
    },
    {
      "type": "Feature",
      "geometry": {
        "type": "Point",
        "coordinates": [
          88.3484987,
          22.5438431
        ]
      },
      "properties": {
        "osm_id": 1275706812,
        "name": "Ho Chi Minh Sarani",
        "place": "suburb"
      }
    },
    {
      "type": "Feature",
      "geometry": {
        "type": "Point",
        "coordinates": [
          88.3683399,
          22.5490749
        ]
      },
      "properties": {
        "osm_id": 1277509234,
        "name": "Beniapukur",
        "place": "suburb"
      }
    },
    {
      "type": "Feature",
      "geometry": {
        "type": "Point",
        "coordinates": [
          88.3679998,
          22.5551428
        ]
      },
      "properties": {
        "osm_id": 1277509237,
        "name": "Entali",
        "place": "suburb"
      }
    },
    {
      "type": "Feature",
      "geometry": {
        "type": "Point",
        "coordinates": [
          88.3795946,
          22.5565107
        ]
      },
      "properties": {
        "osm_id": 1283776497,
        "name": "Tangra North",
        "place": "suburb"
      }
    },
    {
      "type": "Feature",
      "geometry": {
        "type": "Point",
        "coordinates": [
          88.3802213,
          22.5763206
        ]
      },
      "properties": {
        "osm_id": 1289479473,
        "name": "Narkeldanga",
        "place": "suburb"
      }
    },
    {
      "type": "Feature",
      "geometry": {
        "type": "Point",
        "coordinates": [
          88.3852834,
          22.5880896
        ]
      },
      "properties": {
        "osm_id": 1307115411,
        "name": "Maniktala",
        "place": "suburb"
      }
    },
    {
      "type": "Feature",
      "geometry": {
        "type": "Point",
        "coordinates": [
          88.3852833,
          22.5961275
        ]
      },
      "properties": {
        "osm_id": 1310971686,
        "name": "Ultadanga",
        "place": "suburb"
      }
    },
    {
      "type": "Feature",
      "geometry": {
        "type": "Point",
        "coordinates": [
          88.3796782,
          22.5234105
        ]
      },
      "properties": {
        "osm_id": 1326048103,
        "name": "Kushtia",
        "place": "suburb"
      }
    },
    {
      "type": "Feature",
      "geometry": {
        "type": "Point",
        "coordinates": [
          88.3813327,
          22.5138302
        ]
      },
      "properties": {
        "osm_id": 1346732070,
        "name": "Kasbah North",
        "place": "suburb"
      }
    },
    {
      "type": "Feature",
      "geometry": {
        "type": "Point",
        "coordinates": [
          88.350176,
          22.4902508
        ]
      },
      "properties": {
        "osm_id": 1350661679,
        "name": "Shantigarh",
        "place": "suburb"
      }
    },
    {
      "type": "Feature",
      "geometry": {
        "type": "Point",
        "coordinates": [
          88.3573536,
          22.4858296
        ]
      },
      "properties": {
        "osm_id": 1350661681,
        "name": "Aswini Nagar",
        "place": "suburb"
      }
    },
    {
      "type": "Feature",
      "geometry": {
        "type": "Point",
        "coordinates": [
          88.3525792,
          22.4865731
        ]
      },
      "properties": {
        "osm_id": 1350661682,
        "name": "Regent Colony",
        "place": "suburb"
      }
    },
    {
      "type": "Feature",
      "geometry": {
        "type": "Point",
        "coordinates": [
          88.3560125,
          22.4884467
        ]
      },
      "properties": {
        "osm_id": 1350661685,
        "name": "Regent Park",
        "place": "suburb"
      }
    },
    {
      "type": "Feature",
      "geometry": {
        "type": "Point",
        "coordinates": [
          88.3524505,
          22.4972293
        ]
      },
      "properties": {
        "osm_id": 1350661687,
        "name": "Madar Tala Colony",
        "place": "suburb"
      }
    },
    {
      "type": "Feature",
      "geometry": {
        "type": "Point",
        "coordinates": [
          88.3484486,
          22.4931156
        ]
      },
      "properties": {
        "osm_id": 1350661688,
        "name": "Jubilee Park",
        "place": "suburb"
      }
    },
    {
      "type": "Feature",
      "geometry": {
        "type": "Point",
        "coordinates": [
          88.3453908,
          22.498636
        ]
      },
      "properties": {
        "osm_id": 1350661689,
        "name": "Tollygunge",
        "place": "suburb"
      }
    },
    {
      "type": "Feature",
      "geometry": {
        "type": "Point",
        "coordinates": [
          88.3556155,
          22.4866722
        ]
      },
      "properties": {
        "osm_id": 1350661690,
        "name": "Azadgarh",
        "place": "suburb"
      }
    },
    {
      "type": "Feature",
      "geometry": {
        "type": "Point",
        "coordinates": [
          88.3541027,
          22.5000344
        ]
      },
      "properties": {
        "osm_id": 1350672272,
        "name": "Rajendra Prasad Colony",
        "place": "suburb"
      }
    },
    {
      "type": "Feature",
      "geometry": {
        "type": "Point",
        "coordinates": [
          88.3596603,
          22.4882781
        ]
      },
      "properties": {
        "osm_id": 1350681829,
        "name": "Arabinda Nagar",
        "place": "suburb"
      }
    },
    {
      "type": "Feature",
      "geometry": {
        "type": "Point",
        "coordinates": [
          88.3588663,
          22.4865235
        ]
      },
      "properties": {
        "osm_id": 1350681920,
        "name": "Samajgarh",
        "place": "suburb"
      }
    },
    {
      "type": "Feature",
      "geometry": {
        "type": "Point",
        "coordinates": [
          88.3678116,
          22.4914569
        ]
      },
      "properties": {
        "osm_id": 1352769465,
        "name": "Shaktigarh",
        "place": "suburb"
      }
    },
    {
      "type": "Feature",
      "geometry": {
        "type": "Point",
        "coordinates": [
          88.3665885,
          22.4931985
        ]
      },
      "properties": {
        "osm_id": 1352769534,
        "name": "Bidhanpally",
        "place": "suburb"
      }
    },
    {
      "type": "Feature",
      "geometry": {
        "type": "Point",
        "coordinates": [
          88.3662447,
          22.4988417
        ]
      },
      "properties": {
        "osm_id": 1352769545,
        "name": "Poddar Nagar",
        "place": "suburb"
      }
    },
    {
      "type": "Feature",
      "geometry": {
        "type": "Point",
        "coordinates": [
          88.3640131,
          22.4990796
        ]
      },
      "properties": {
        "osm_id": 1352769550,
        "name": "Katju Nagar",
        "place": "suburb"
      }
    },
    {
      "type": "Feature",
      "geometry": {
        "type": "Point",
        "coordinates": [
          88.3706226,
          22.4906039
        ]
      },
      "properties": {
        "osm_id": 1352769599,
        "name": "Ananda Pally",
        "place": "suburb"
      }
    },
    {
      "type": "Feature",
      "geometry": {
        "type": "Point",
        "coordinates": [
          88.3616098,
          22.4966412
        ]
      },
      "properties": {
        "osm_id": 1352769629,
        "name": "Bikramgarh",
        "place": "suburb"
      }
    },
    {
      "type": "Feature",
      "geometry": {
        "type": "Point",
        "coordinates": [
          88.3717539,
          22.4884855
        ]
      },
      "properties": {
        "osm_id": 1352782200,
        "name": "Bapuji Nagar",
        "place": "suburb"
      }
    },
    {
      "type": "Feature",
      "geometry": {
        "type": "Point",
        "coordinates": [
          88.3685589,
          22.4872704
        ]
      },
      "properties": {
        "osm_id": 1355245031,
        "name": "Bijoygarh",
        "place": "suburb"
      }
    },
    {
      "type": "Feature",
      "geometry": {
        "type": "Point",
        "coordinates": [
          88.3469837,
          22.4845459
        ]
      },
      "properties": {
        "osm_id": 1360099856,
        "name": "Ashok Nagar",
        "place": "suburb"
      }
    },
    {
      "type": "Feature",
      "geometry": {
        "type": "Point",
        "coordinates": [
          88.3485823,
          22.4876883
        ]
      },
      "properties": {
        "osm_id": 1360099863,
        "name": "Nehru Colony",
        "place": "suburb"
      }
    },
    {
      "type": "Feature",
      "geometry": {
        "type": "Point",
        "coordinates": [
          88.3510821,
          22.4797676
        ]
      },
      "properties": {
        "osm_id": 1360099867,
        "name": "Moore Avenue",
        "place": "suburb"
      }
    },
    {
      "type": "Feature",
      "geometry": {
        "type": "Point",
        "coordinates": [
          88.3496444,
          22.4829597
        ]
      },
      "properties": {
        "osm_id": 1360099873,
        "name": "Vivekanada Nagar",
        "place": "suburb"
      }
    },
    {
      "type": "Feature",
      "geometry": {
        "type": "Point",
        "coordinates": [
          88.3541291,
          22.478459
        ]
      },
      "properties": {
        "osm_id": 1360106123,
        "name": "Shanti Nagar",
        "place": "suburb"
      }
    },
    {
      "type": "Feature",
      "geometry": {
        "type": "Point",
        "coordinates": [
          88.3487844,
          22.5042819
        ]
      },
      "properties": {
        "osm_id": 1362177417,
        "name": "Charu Market Area",
        "place": "suburb"
      }
    },
    {
      "type": "Feature",
      "geometry": {
        "type": "Point",
        "coordinates": [
          88.3218648,
          22.5423271
        ]
      },
      "properties": {
        "osm_id": 1559365154,
        "name": "Watganj",
        "place": "suburb"
      }
    },
    {
      "type": "Feature",
      "geometry": {
        "type": "Point",
        "coordinates": [
          88.3218754,
          22.524588
        ]
      },
      "properties": {
        "osm_id": 1562324608,
        "name": "Mominpur",
        "place": "suburb"
      }
    },
    {
      "type": "Feature",
      "geometry": {
        "type": "Point",
        "coordinates": [
          88.3206094,
          22.53538
        ]
      },
      "properties": {
        "osm_id": 1562324630,
        "name": "Kidderpore",
        "place": "suburb"
      }
    },
    {
      "type": "Feature",
      "geometry": {
        "type": "Point",
        "coordinates": [
          88.3499241,
          22.5227232
        ]
      },
      "properties": {
        "osm_id": 1577087782,
        "name": "Hazra",
        "place": "suburb"
      }
    },
    {
      "type": "Feature",
      "geometry": {
        "type": "Point",
        "coordinates": [
          88.3501016,
          22.5198344
        ]
      },
      "properties": {
        "osm_id": 1589754222,
        "name": "Manoharpukur",
        "place": "suburb"
      }
    },
    {
      "type": "Feature",
      "geometry": {
        "type": "Point",
        "coordinates": [
          88.9118572,
          22.5689407
        ]
      },
      "properties": {
        "osm_id": 1622848714,
        "name": "Hasnabad",
        "place": "village",
        "population_tag": "5000"
      }
    },
    {
      "type": "Feature",
      "geometry": {
        "type": "Point",
        "coordinates": [
          88.2582859,
          21.5824881
        ]
      },
      "properties": {
        "osm_id": 1865955435,
        "name": "Fraserganj",
        "place": "suburb"
      }
    },
    {
      "type": "Feature",
      "geometry": {
        "type": "Point",
        "coordinates": [
          88.2673165,
          21.5607689
        ]
      },
      "properties": {
        "osm_id": 1990593144,
        "name": "Bakkhali",
        "place": "suburb"
      }
    },
    {
      "type": "Feature",
      "geometry": {
        "type": "Point",
        "coordinates": [
          88.3325809,
          22.5175363
        ]
      },
      "properties": {
        "osm_id": 2015874764,
        "name": "Kala Bagan",
        "place": "suburb"
      }
    },
    {
      "type": "Feature",
      "geometry": {
        "type": "Point",
        "coordinates": [
          88.3369583,
          22.5143251
        ]
      },
      "properties": {
        "osm_id": 2015875098,
        "name": "Chetla",
        "place": "suburb"
      }
    },
    {
      "type": "Feature",
      "geometry": {
        "type": "Point",
        "coordinates": [
          88.4165426,
          22.5630193
        ]
      },
      "properties": {
        "osm_id": 2469278856,
        "name": "Sector IV",
        "place": "suburb"
      }
    },
    {
      "type": "Feature",
      "geometry": {
        "type": "Point",
        "coordinates": [
          88.4133898,
          22.557264
        ]
      },
      "properties": {
        "osm_id": 2469278864,
        "name": "Milan Nagar",
        "place": "suburb"
      }
    },
    {
      "type": "Feature",
      "geometry": {
        "type": "Point",
        "coordinates": [
          88.4173089,
          22.5554385
        ]
      },
      "properties": {
        "osm_id": 2469278868,
        "name": "Nawabhanga",
        "place": "suburb"
      }
    },
    {
      "type": "Feature",
      "geometry": {
        "type": "Point",
        "coordinates": [
          88.4126273,
          22.5559177
        ]
      },
      "properties": {
        "osm_id": 2469278872,
        "name": "Basani Devi Colony",
        "place": "suburb"
      }
    },
    {
      "type": "Feature",
      "geometry": {
        "type": "Point",
        "coordinates": [
          88.4144275,
          22.553574
        ]
      },
      "properties": {
        "osm_id": 2469278876,
        "name": "Tapuriaghat",
        "place": "suburb"
      }
    },
    {
      "type": "Feature",
      "geometry": {
        "type": "Point",
        "coordinates": [
          88.4163654,
          22.5531732
        ]
      },
      "properties": {
        "osm_id": 2469278878,
        "name": "Trinath Pally",
        "place": "suburb"
      }
    },
    {
      "type": "Feature",
      "geometry": {
        "type": "Point",
        "coordinates": [
          88.4214217,
          22.5458151
        ]
      },
      "properties": {
        "osm_id": 2469278879,
        "name": "Makaltala",
        "place": "suburb"
      }
    },
    {
      "type": "Feature",
      "geometry": {
        "type": "Point",
        "coordinates": [
          88.3555023,
          21.7920824
        ]
      },
      "properties": {
        "osm_id": 2478627733,
        "name": "Patharpratima",
        "place": "suburb"
      }
    },
    {
      "type": "Feature",
      "geometry": {
        "type": "Point",
        "coordinates": [
          88.1852758,
          21.8760278
        ]
      },
      "properties": {
        "osm_id": 2478662596,
        "name": "Kakdwip",
        "place": "city",
        "population_tag": "19368"
      }
    },
    {
      "type": "Feature",
      "geometry": {
        "type": "Point",
        "coordinates": [
          89.0287025,
          22.4579331
        ]
      },
      "properties": {
        "osm_id": 2481969296,
        "name": "\u0995\u09be\u09b2\u09c0\u0997\u099e\u09cd\u099c",
        "place": "town"
      }
    },
    {
      "type": "Feature",
      "geometry": {
        "type": "Point",
        "coordinates": [
          89.1054511,
          22.3429907
        ]
      },
      "properties": {
        "osm_id": 2481969300,
        "name": "\u09b6\u09cd\u09af\u09be\u09ae\u09a8\u0997\u09b0",
        "place": "town"
      }
    },
    {
      "type": "Feature",
      "geometry": {
        "type": "Point",
        "coordinates": [
          88.2447004,
          22.07284
        ]
      },
      "properties": {
        "osm_id": 2482140770,
        "name": "Kulpi",
        "place": "suburb"
      }
    },
    {
      "type": "Feature",
      "geometry": {
        "type": "Point",
        "coordinates": [
          88.173933,
          22.4736567
        ]
      },
      "properties": {
        "osm_id": 2876929173,
        "name": "Budge Budge",
        "place": "city",
        "population_tag": "76837"
      }
    },
    {
      "type": "Feature",
      "geometry": {
        "type": "Point",
        "coordinates": [
          88.4734476,
          22.5882834
        ]
      },
      "properties": {
        "osm_id": 3320334805,
        "name": "New Town",
        "place": "city"
      }
    },
    {
      "type": "Feature",
      "geometry": {
        "type": "Point",
        "coordinates": [
          88.0412955,
          22.0896281
        ]
      },
      "properties": {
        "osm_id": 3414051263,
        "name": "Brajalalchak",
        "place": "village"
      }
    },
    {
      "type": "Feature",
      "geometry": {
        "type": "Point",
        "coordinates": [
          88.0284754,
          22.0741932
        ]
      },
      "properties": {
        "osm_id": 3416329596,
        "name": "Balughata",
        "place": "village"
      }
    },
    {
      "type": "Feature",
      "geometry": {
        "type": "Point",
        "coordinates": [
          88.1334309,
          22.0710729
        ]
      },
      "properties": {
        "osm_id": 3448211371,
        "name": "Durgachak New Colony",
        "place": "suburb"
      }
    },
    {
      "type": "Feature",
      "geometry": {
        "type": "Point",
        "coordinates": [
          88.8147499,
          22.1690602
        ]
      },
      "properties": {
        "osm_id": 3659251086,
        "name": "Gosaba",
        "place": "suburb"
      }
    },
    {
      "type": "Feature",
      "geometry": {
        "type": "Point",
        "coordinates": [
          88.047205,
          22.2014789
        ]
      },
      "properties": {
        "osm_id": 3714966414,
        "name": "Geonkhali",
        "place": "village"
      }
    },
    {
      "type": "Feature",
      "geometry": {
        "type": "Point",
        "coordinates": [
          88.0506334,
          22.1850316
        ]
      },
      "properties": {
        "osm_id": 3714971392,
        "name": "Shuklalpur",
        "place": "village"
      }
    },
    {
      "type": "Feature",
      "geometry": {
        "type": "Point",
        "coordinates": [
          88.0635226,
          22.1834921
        ]
      },
      "properties": {
        "osm_id": 3714973549,
        "name": "Tetul Berya",
        "place": "village"
      }
    },
    {
      "type": "Feature",
      "geometry": {
        "type": "Point",
        "coordinates": [
          88.0835596,
          22.1361357
        ]
      },
      "properties": {
        "osm_id": 3715011285,
        "name": "Chaitanyapur",
        "place": "village"
      }
    },
    {
      "type": "Feature",
      "geometry": {
        "type": "Point",
        "coordinates": [
          88.0773093,
          22.1432592
        ]
      },
      "properties": {
        "osm_id": 3715015341,
        "name": "Kesabpur",
        "place": "village"
      }
    },
    {
      "type": "Feature",
      "geometry": {
        "type": "Point",
        "coordinates": [
          88.4200808,
          22.1751976
        ]
      },
      "properties": {
        "osm_id": 4003328398,
        "name": "Jaynagar Majilpur",
        "place": "city",
        "population_tag": "25922"
      }
    },
    {
      "type": "Feature",
      "geometry": {
        "type": "Point",
        "coordinates": [
          87.9241232,
          22.1978643
        ]
      },
      "properties": {
        "osm_id": 4377074507,
        "name": "Nandakumar",
        "place": "village"
      }
    },
    {
      "type": "Feature",
      "geometry": {
        "type": "Point",
        "coordinates": [
          87.9156279,
          22.1682297
        ]
      },
      "properties": {
        "osm_id": 4377074510,
        "name": "Sandalpur",
        "place": "village"
      }
    },
    {
      "type": "Feature",
      "geometry": {
        "type": "Point",
        "coordinates": [
          88.3784239,
          22.2419601
        ]
      },
      "properties": {
        "osm_id": 4511066036,
        "name": "Magrahat",
        "place": "suburb"
      }
    },
    {
      "type": "Feature",
      "geometry": {
        "type": "Point",
        "coordinates": [
          88.3209435,
          22.501572
        ]
      },
      "properties": {
        "osm_id": 4524946631,
        "name": "Behala",
        "place": "suburb"
      }
    },
    {
      "type": "Feature",
      "geometry": {
        "type": "Point",
        "coordinates": [
          88.7139061,
          22.1983296
        ]
      },
      "properties": {
        "osm_id": 4987490395,
        "name": "Basanti",
        "place": "suburb"
      }
    },
    {
      "type": "Feature",
      "geometry": {
        "type": "Point",
        "coordinates": [
          88.9267299,
          22.5859414
        ]
      },
      "properties": {
        "osm_id": 5158483183,
        "name": "Taki",
        "place": "town",
        "population_tag": "38000"
      }
    },
    {
      "type": "Feature",
      "geometry": {
        "type": "Point",
        "coordinates": [
          89.1743059,
          22.5456097
        ]
      },
      "properties": {
        "osm_id": 5364322634,
        "name": "\u0986\u09b6\u09be\u09b6\u09c1\u09a8\u09bf",
        "place": "village"
      }
    },
    {
      "type": "Feature",
      "geometry": {
        "type": "Point",
        "coordinates": [
          87.9006806,
          22.1693878
        ]
      },
      "properties": {
        "osm_id": 5445253342,
        "name": "Kalyanchak",
        "place": "village"
      }
    },
    {
      "type": "Feature",
      "geometry": {
        "type": "Point",
        "coordinates": [
          87.9073834,
          22.1645838
        ]
      },
      "properties": {
        "osm_id": 5445257705,
        "name": "Sitalpur",
        "place": "village"
      }
    },
    {
      "type": "Feature",
      "geometry": {
        "type": "Point",
        "coordinates": [
          87.9253005,
          22.156605
        ]
      },
      "properties": {
        "osm_id": 5445267184,
        "name": "Karak",
        "place": "village"
      }
    },
    {
      "type": "Feature",
      "geometry": {
        "type": "Point",
        "coordinates": [
          87.9350852,
          22.1498878
        ]
      },
      "properties": {
        "osm_id": 5445272804,
        "name": "Kalyanpur",
        "place": "village"
      }
    },
    {
      "type": "Feature",
      "geometry": {
        "type": "Point",
        "coordinates": [
          87.9094648,
          22.1427726
        ]
      },
      "properties": {
        "osm_id": 5458222200,
        "name": "Jalpai Purba",
        "place": "village"
      }
    },
    {
      "type": "Feature",
      "geometry": {
        "type": "Point",
        "coordinates": [
          87.9245442,
          22.1396422
        ]
      },
      "properties": {
        "osm_id": 5458222201,
        "name": "Terapara Jalpai",
        "place": "village"
      }
    },
    {
      "type": "Feature",
      "geometry": {
        "type": "Point",
        "coordinates": [
          88.3414721,
          22.5505515
        ]
      },
      "properties": {
        "osm_id": 6134509064,
        "name": "Maidan",
        "place": "suburb"
      }
    },
    {
      "type": "Feature",
      "geometry": {
        "type": "Point",
        "coordinates": [
          88.9745164,
          22.5669788
        ]
      },
      "properties": {
        "osm_id": 6148194141,
        "name": "Sakhipur",
        "place": "village"
      }
    },
    {
      "type": "Feature",
      "geometry": {
        "type": "Point",
        "coordinates": [
          88.1745744,
          22.498066
        ]
      },
      "properties": {
        "osm_id": 6186215816,
        "name": "Fort Gloster",
        "place": "suburb"
      }
    },
    {
      "type": "Feature",
      "geometry": {
        "type": "Point",
        "coordinates": [
          88.0484247,
          22.4725891
        ]
      },
      "properties": {
        "osm_id": 6186391854,
        "name": "Birshibpur",
        "place": "suburb"
      }
    },
    {
      "type": "Feature",
      "geometry": {
        "type": "Point",
        "coordinates": [
          87.9314803,
          22.5905564
        ]
      },
      "properties": {
        "osm_id": 7152036488,
        "name": "Jaipur",
        "place": "village"
      }
    },
    {
      "type": "Feature",
      "geometry": {
        "type": "Point",
        "coordinates": [
          87.805953,
          21.8027785
        ]
      },
      "properties": {
        "osm_id": 7153386923,
        "name": "Basantia",
        "place": "village"
      }
    },
    {
      "type": "Feature",
      "geometry": {
        "type": "Point",
        "coordinates": [
          87.8826427,
          21.9418016
        ]
      },
      "properties": {
        "osm_id": 7153483162,
        "name": "Kamarda",
        "place": "village"
      }
    },
    {
      "type": "Feature",
      "geometry": {
        "type": "Point",
        "coordinates": [
          87.8573012,
          22.092738
        ]
      },
      "properties": {
        "osm_id": 7154134603,
        "name": "Chandipur",
        "place": "village"
      }
    },
    {
      "type": "Feature",
      "geometry": {
        "type": "Point",
        "coordinates": [
          87.9110098,
          22.0492093
        ]
      },
      "properties": {
        "osm_id": 7154134604,
        "name": "Reyapara",
        "place": "village"
      }
    },
    {
      "type": "Feature",
      "geometry": {
        "type": "Point",
        "coordinates": [
          88.1096005,
          22.1213853
        ]
      },
      "properties": {
        "osm_id": 7154169082,
        "name": "Sutahata",
        "place": "village"
      }
    },
    {
      "type": "Feature",
      "geometry": {
        "type": "Point",
        "coordinates": [
          87.9027271,
          22.4038474
        ]
      },
      "properties": {
        "osm_id": 7154190485,
        "name": "Kharui",
        "place": "village"
      }
    },
    {
      "type": "Feature",
      "geometry": {
        "type": "Point",
        "coordinates": [
          87.9738807,
          22.4460365
        ]
      },
      "properties": {
        "osm_id": 7154213857,
        "name": "Antila",
        "place": "village"
      }
    },
    {
      "type": "Feature",
      "geometry": {
        "type": "Point",
        "coordinates": [
          87.9637098,
          22.3236785
        ]
      },
      "properties": {
        "osm_id": 7154213858,
        "name": "Anantapur",
        "place": "village"
      }
    },
    {
      "type": "Feature",
      "geometry": {
        "type": "Point",
        "coordinates": [
          88.2728818,
          22.2322627
        ]
      },
      "properties": {
        "osm_id": 7154423733,
        "name": "Usthi",
        "place": "suburb"
      }
    },
    {
      "type": "Feature",
      "geometry": {
        "type": "Point",
        "coordinates": [
          88.1054697,
          22.2933302
        ]
      },
      "properties": {
        "osm_id": 7154423734,
        "name": "Falta",
        "place": "suburb"
      }
    },
    {
      "type": "Feature",
      "geometry": {
        "type": "Point",
        "coordinates": [
          88.1888296,
          22.2458702
        ]
      },
      "properties": {
        "osm_id": 7154423735,
        "name": "Sarisha",
        "place": "suburb"
      }
    },
    {
      "type": "Feature",
      "geometry": {
        "type": "Point",
        "coordinates": [
          88.3196668,
          22.1621528
        ]
      },
      "properties": {
        "osm_id": 7154427177,
        "name": "Mandirbazar",
        "place": "suburb"
      }
    },
    {
      "type": "Feature",
      "geometry": {
        "type": "Point",
        "coordinates": [
          88.4396998,
          22.01195
        ]
      },
      "properties": {
        "osm_id": 7154436100,
        "name": "Raydighi Abad",
        "place": "suburb"
      }
    },
    {
      "type": "Feature",
      "geometry": {
        "type": "Point",
        "coordinates": [
          88.5941164,
          22.0864402
        ]
      },
      "properties": {
        "osm_id": 7154436573,
        "name": "Kultali",
        "place": "suburb"
      }
    },
    {
      "type": "Feature",
      "geometry": {
        "type": "Point",
        "coordinates": [
          88.4397829,
          22.1572088
        ]
      },
      "properties": {
        "osm_id": 7154436574,
        "name": "Nimpith",
        "place": "suburb"
      }
    },
    {
      "type": "Feature",
      "geometry": {
        "type": "Point",
        "coordinates": [
          88.987112,
          22.4727477
        ]
      },
      "properties": {
        "osm_id": 7154647118,
        "name": "Hingalganj",
        "place": "village"
      }
    },
    {
      "type": "Feature",
      "geometry": {
        "type": "Point",
        "coordinates": [
          88.6578971,
          22.310373
        ]
      },
      "properties": {
        "osm_id": 7154647119,
        "name": "Canning",
        "place": "city",
        "population_tag": "42132"
      }
    },
    {
      "type": "Feature",
      "geometry": {
        "type": "Point",
        "coordinates": [
          88.8855743,
          22.3572202
        ]
      },
      "properties": {
        "osm_id": 7154654514,
        "name": "Sandeshkhali",
        "place": "village"
      }
    },
    {
      "type": "Feature",
      "geometry": {
        "type": "Point",
        "coordinates": [
          88.8515853,
          22.4394323
        ]
      },
      "properties": {
        "osm_id": 7154654515,
        "name": "Nyazat",
        "place": "village"
      }
    },
    {
      "type": "Feature",
      "geometry": {
        "type": "Point",
        "coordinates": [
          88.6624296,
          22.4159002
        ]
      },
      "properties": {
        "osm_id": 7154703007,
        "name": "Jibantala",
        "place": "suburb"
      }
    },
    {
      "type": "Feature",
      "geometry": {
        "type": "Point",
        "coordinates": [
          88.1776402,
          22.3956205
        ]
      },
      "properties": {
        "osm_id": 7154718360,
        "name": "Nadakhali",
        "place": "suburb"
      }
    },
    {
      "type": "Feature",
      "geometry": {
        "type": "Point",
        "coordinates": [
          88.2052298,
          22.3950698
        ]
      },
      "properties": {
        "osm_id": 7154718361,
        "name": "Bakrahat",
        "place": "suburb"
      }
    },
    {
      "type": "Feature",
      "geometry": {
        "type": "Point",
        "coordinates": [
          88.3155256,
          22.4625369
        ]
      },
      "properties": {
        "osm_id": 7154718362,
        "name": "Thakurpukur",
        "place": "suburb"
      }
    },
    {
      "type": "Feature",
      "geometry": {
        "type": "Point",
        "coordinates": [
          88.4246368,
          22.4408748
        ]
      },
      "properties": {
        "osm_id": 7154718363,
        "name": "Rajpur Sonarpur",
        "place": "town",
        "population_tag": "424368"
      }
    },
    {
      "type": "Feature",
      "geometry": {
        "type": "Point",
        "coordinates": [
          88.0995369,
          22.4911668
        ]
      },
      "properties": {
        "osm_id": 7154969820,
        "name": "Uttar Pirpur",
        "place": "village"
      }
    },
    {
      "type": "Feature",
      "geometry": {
        "type": "Point",
        "coordinates": [
          88.7281608,
          22.5099404
        ]
      },
      "properties": {
        "osm_id": 7155801870,
        "name": "Minakhan",
        "place": "village"
      }
    },
    {
      "type": "Feature",
      "geometry": {
        "type": "Point",
        "coordinates": [
          88.2282829,
          22.5587753
        ]
      },
      "properties": {
        "osm_id": 7155946979,
        "name": "Sankrail",
        "place": "village"
      }
    },
    {
      "type": "Feature",
      "geometry": {
        "type": "Point",
        "coordinates": [
          88.1473016,
          22.5412966
        ]
      },
      "properties": {
        "osm_id": 7155946980,
        "name": "Panchla",
        "place": "village"
      }
    },
    {
      "type": "Feature",
      "geometry": {
        "type": "Point",
        "coordinates": [
          89.0028065,
          22.5983335
        ]
      },
      "properties": {
        "osm_id": 7488873820,
        "name": "\u09aa\u09be\u09b0\u09c1\u09b2\u09bf\u09df\u09be",
        "place": "village"
      }
    },
    {
      "type": "Feature",
      "geometry": {
        "type": "Point",
        "coordinates": [
          89.1949348,
          22.2691709
        ]
      },
      "properties": {
        "osm_id": 7488876257,
        "name": "\u09ae\u09c1\u09a8\u09cd\u09b8\u09c0\u0997\u099e\u09cd\u099c",
        "place": "village"
      }
    },
    {
      "type": "Feature",
      "geometry": {
        "type": "Point",
        "coordinates": [
          88.1340191,
          22.4601371
        ]
      },
      "properties": {
        "osm_id": 8555918817,
        "name": "Pujali",
        "place": "city",
        "population_tag": "37047"
      }
    },
    {
      "type": "Feature",
      "geometry": {
        "type": "Point",
        "coordinates": [
          87.8289986,
          21.8119526
        ]
      },
      "properties": {
        "osm_id": 8852035676,
        "name": "Dholmari",
        "place": "village"
      }
    },
    {
      "type": "Feature",
      "geometry": {
        "type": "Point",
        "coordinates": [
          89.1473966,
          22.5252506
        ]
      },
      "properties": {
        "osm_id": 9137640369,
        "name": "\u0986\u09b6\u09be\u09b6\u09c1\u09a8\u09bf",
        "place": "town"
      }
    },
    {
      "type": "Feature",
      "geometry": {
        "type": "Point",
        "coordinates": [
          88.9936813,
          22.5795306
        ]
      },
      "properties": {
        "osm_id": 9137640370,
        "name": "\u09a6\u09c7\u09ac\u09b9\u09be\u099f\u09be",
        "place": "town"
      }
    },
    {
      "type": "Feature",
      "geometry": {
        "type": "Point",
        "coordinates": [
          88.3025205,
          22.4533503
        ]
      },
      "properties": {
        "osm_id": 9914301355,
        "name": "Joka",
        "place": "suburb"
      }
    },
    {
      "type": "Feature",
      "geometry": {
        "type": "Point",
        "coordinates": [
          88.0474157,
          22.2224941
        ]
      },
      "properties": {
        "osm_id": 9976528837,
        "name": "Gadiara",
        "place": "village"
      }
    },
    {
      "type": "Feature",
      "geometry": {
        "type": "Point",
        "coordinates": [
          88.2942109,
          22.5685792
        ]
      },
      "properties": {
        "osm_id": 9976532679,
        "name": "Shibpur",
        "place": "suburb"
      }
    },
    {
      "type": "Feature",
      "geometry": {
        "type": "Point",
        "coordinates": [
          88.3712798,
          22.5654723
        ]
      },
      "properties": {
        "osm_id": 10011361412,
        "name": "Sealdah",
        "place": "suburb"
      }
    },
    {
      "type": "Feature",
      "geometry": {
        "type": "Point",
        "coordinates": [
          88.3531662,
          22.5606093
        ]
      },
      "properties": {
        "osm_id": 10172802436,
        "name": "Dharmatala",
        "place": "suburb"
      }
    },
    {
      "type": "Feature",
      "geometry": {
        "type": "Point",
        "coordinates": [
          88.5035898,
          22.2495502
        ]
      },
      "properties": {
        "osm_id": 10581252250,
        "name": "Dakshin Arunnagar",
        "place": "suburb"
      }
    },
    {
      "type": "Feature",
      "geometry": {
        "type": "Point",
        "coordinates": [
          88.5011743,
          22.2564785
        ]
      },
      "properties": {
        "osm_id": 10581382513,
        "name": "Chatra",
        "place": "suburb"
      }
    },
    {
      "type": "Feature",
      "geometry": {
        "type": "Point",
        "coordinates": [
          88.5096287,
          22.2549373
        ]
      },
      "properties": {
        "osm_id": 10581387568,
        "name": "Maldari",
        "place": "suburb"
      }
    },
    {
      "type": "Feature",
      "geometry": {
        "type": "Point",
        "coordinates": [
          88.4892816,
          22.2155184
        ]
      },
      "properties": {
        "osm_id": 10581388683,
        "name": "Kamaria",
        "place": "suburb"
      }
    },
    {
      "type": "Feature",
      "geometry": {
        "type": "Point",
        "coordinates": [
          88.5251175,
          22.2526026
        ]
      },
      "properties": {
        "osm_id": 10581416709,
        "name": "Purba Gabberia",
        "place": "suburb"
      }
    },
    {
      "type": "Feature",
      "geometry": {
        "type": "Point",
        "coordinates": [
          88.4511537,
          22.2268085
        ]
      },
      "properties": {
        "osm_id": 10581563963,
        "name": "Beladanga",
        "place": "suburb"
      }
    },
    {
      "type": "Feature",
      "geometry": {
        "type": "Point",
        "coordinates": [
          88.5181513,
          22.2628644
        ]
      },
      "properties": {
        "osm_id": 10581577774,
        "name": "Uttar Arunnagar",
        "place": "suburb"
      }
    },
    {
      "type": "Feature",
      "geometry": {
        "type": "Point",
        "coordinates": [
          88.5138117,
          22.2447769
        ]
      },
      "properties": {
        "osm_id": 10581577784,
        "name": "Andulberia",
        "place": "suburb"
      }
    },
    {
      "type": "Feature",
      "geometry": {
        "type": "Point",
        "coordinates": [
          88.4271254,
          22.217358
        ]
      },
      "properties": {
        "osm_id": 10581577801,
        "name": "Rajapur",
        "place": "suburb"
      }
    },
    {
      "type": "Feature",
      "geometry": {
        "type": "Point",
        "coordinates": [
          88.515947,
          22.26502
        ]
      },
      "properties": {
        "osm_id": 10581582235,
        "name": "Hogaldahari",
        "place": "suburb"
      }
    },
    {
      "type": "Feature",
      "geometry": {
        "type": "Point",
        "coordinates": [
          88.4520713,
          22.2454525
        ]
      },
      "properties": {
        "osm_id": 10581588171,
        "name": "Abdul Karimpur",
        "place": "suburb"
      }
    },
    {
      "type": "Feature",
      "geometry": {
        "type": "Point",
        "coordinates": [
          88.4371191,
          22.230026
        ]
      },
      "properties": {
        "osm_id": 10581588172,
        "name": "Mastikari",
        "place": "suburb"
      }
    },
    {
      "type": "Feature",
      "geometry": {
        "type": "Point",
        "coordinates": [
          88.4341337,
          22.2232195
        ]
      },
      "properties": {
        "osm_id": 10581623587,
        "name": "Khatsara",
        "place": "suburb"
      }
    },
    {
      "type": "Feature",
      "geometry": {
        "type": "Point",
        "coordinates": [
          88.4337703,
          22.217738
        ]
      },
      "properties": {
        "osm_id": 10581635425,
        "name": "Mukundapur",
        "place": "suburb"
      }
    },
    {
      "type": "Feature",
      "geometry": {
        "type": "Point",
        "coordinates": [
          88.4533447,
          22.2354026
        ]
      },
      "properties": {
        "osm_id": 10581637237,
        "name": "Nurulpur",
        "place": "suburb"
      }
    },
    {
      "type": "Feature",
      "geometry": {
        "type": "Point",
        "coordinates": [
          88.4452941,
          22.2381984
        ]
      },
      "properties": {
        "osm_id": 10581640317,
        "name": "Ramkanta Bati",
        "place": "suburb"
      }
    },
    {
      "type": "Feature",
      "geometry": {
        "type": "Point",
        "coordinates": [
          88.444358,
          22.2458994
        ]
      },
      "properties": {
        "osm_id": 10581645763,
        "name": "Padmerhat",
        "place": "suburb"
      }
    },
    {
      "type": "Feature",
      "geometry": {
        "type": "Point",
        "coordinates": [
          88.5338641,
          22.2477445
        ]
      },
      "properties": {
        "osm_id": 10581653646,
        "name": "Dhosa",
        "place": "suburb"
      }
    },
    {
      "type": "Feature",
      "geometry": {
        "type": "Point",
        "coordinates": [
          88.543239,
          22.2304215
        ]
      },
      "properties": {
        "osm_id": 10581669134,
        "name": "Charaghata",
        "place": "suburb"
      }
    },
    {
      "type": "Feature",
      "geometry": {
        "type": "Point",
        "coordinates": [
          88.5410607,
          22.2439613
        ]
      },
      "properties": {
        "osm_id": 10581684062,
        "name": "Chandaneshwar",
        "place": "suburb"
      }
    },
    {
      "type": "Feature",
      "geometry": {
        "type": "Point",
        "coordinates": [
          88.5315087,
          22.2399046
        ]
      },
      "properties": {
        "osm_id": 10581688487,
        "name": "Manik Nagar",
        "place": "suburb"
      }
    },
    {
      "type": "Feature",
      "geometry": {
        "type": "Point",
        "coordinates": [
          88.5704244,
          22.2029562
        ]
      },
      "properties": {
        "osm_id": 10581689083,
        "name": "Gobindapur",
        "place": "suburb"
      }
    },
    {
      "type": "Feature",
      "geometry": {
        "type": "Point",
        "coordinates": [
          88.4607903,
          22.2236782
        ]
      },
      "properties": {
        "osm_id": 10581699682,
        "name": "Harinarayanpur",
        "place": "suburb"
      }
    },
    {
      "type": "Feature",
      "geometry": {
        "type": "Point",
        "coordinates": [
          88.553112,
          22.2353071
        ]
      },
      "properties": {
        "osm_id": 10581718882,
        "name": "Tilpi",
        "place": "suburb"
      }
    },
    {
      "type": "Feature",
      "geometry": {
        "type": "Point",
        "coordinates": [
          88.4741707,
          22.2336335
        ]
      },
      "properties": {
        "osm_id": 10581723710,
        "name": "Andilpur",
        "place": "suburb"
      }
    },
    {
      "type": "Feature",
      "geometry": {
        "type": "Point",
        "coordinates": [
          88.5777357,
          22.2145065
        ]
      },
      "properties": {
        "osm_id": 10581732751,
        "name": "Paschim Shyamnagar",
        "place": "suburb"
      }
    },
    {
      "type": "Feature",
      "geometry": {
        "type": "Point",
        "coordinates": [
          88.4675577,
          22.2498322
        ]
      },
      "properties": {
        "osm_id": 10581753406,
        "name": "Lakshmi Narayanpur",
        "place": "suburb"
      }
    },
    {
      "type": "Feature",
      "geometry": {
        "type": "Point",
        "coordinates": [
          88.4622897,
          22.2368006
        ]
      },
      "properties": {
        "osm_id": 10581754874,
        "name": "Ramchandrapur",
        "place": "suburb"
      }
    },
    {
      "type": "Feature",
      "geometry": {
        "type": "Point",
        "coordinates": [
          88.457662,
          22.2421242
        ]
      },
      "properties": {
        "osm_id": 10581755891,
        "name": "Baneshwarpur",
        "place": "suburb"
      }
    },
    {
      "type": "Feature",
      "geometry": {
        "type": "Point",
        "coordinates": [
          88.4721237,
          22.2379596
        ]
      },
      "properties": {
        "osm_id": 10581771706,
        "name": "Nandanpur",
        "place": "suburb"
      }
    },
    {
      "type": "Feature",
      "geometry": {
        "type": "Point",
        "coordinates": [
          88.46178,
          22.2418297
        ]
      },
      "properties": {
        "osm_id": 10581778911,
        "name": "Panchghora",
        "place": "suburb"
      }
    },
    {
      "type": "Feature",
      "geometry": {
        "type": "Point",
        "coordinates": [
          88.4692583,
          22.21941
        ]
      },
      "properties": {
        "osm_id": 10581789871,
        "name": "Paschim Gabberia",
        "place": "suburb"
      }
    },
    {
      "type": "Feature",
      "geometry": {
        "type": "Point",
        "coordinates": [
          88.4635097,
          22.2557432
        ]
      },
      "properties": {
        "osm_id": 10581791893,
        "name": "Jangalia",
        "place": "suburb"
      }
    },
    {
      "type": "Feature",
      "geometry": {
        "type": "Point",
        "coordinates": [
          88.4787066,
          22.2557278
        ]
      },
      "properties": {
        "osm_id": 10581837850,
        "name": "Nilkanthapur",
        "place": "suburb"
      }
    },
    {
      "type": "Feature",
      "geometry": {
        "type": "Point",
        "coordinates": [
          88.4706307,
          22.2551831
        ]
      },
      "properties": {
        "osm_id": 10581854356,
        "name": "Paschim Chak Panchghara",
        "place": "suburb"
      }
    },
    {
      "type": "Feature",
      "geometry": {
        "type": "Point",
        "coordinates": [
          88.4740477,
          22.2627473
        ]
      },
      "properties": {
        "osm_id": 10581854734,
        "name": "Punpo",
        "place": "suburb"
      }
    },
    {
      "type": "Feature",
      "geometry": {
        "type": "Point",
        "coordinates": [
          88.4803307,
          22.2511966
        ]
      },
      "properties": {
        "osm_id": 10581862909,
        "name": "Ramrudrapur",
        "place": "suburb"
      }
    },
    {
      "type": "Feature",
      "geometry": {
        "type": "Point",
        "coordinates": [
          88.4935287,
          22.2623897
        ]
      },
      "properties": {
        "osm_id": 10581862910,
        "name": "Srikrishnanagar",
        "place": "suburb"
      }
    },
    {
      "type": "Feature",
      "geometry": {
        "type": "Point",
        "coordinates": [
          88.4829707,
          22.2604956
        ]
      },
      "properties": {
        "osm_id": 10581878836,
        "name": "Purba Chak Panchghara",
        "place": "suburb"
      }
    },
    {
      "type": "Feature",
      "geometry": {
        "type": "Point",
        "coordinates": [
          88.478716,
          22.2736935
        ]
      },
      "properties": {
        "osm_id": 10582092967,
        "name": "Santipur",
        "place": "suburb"
      }
    },
    {
      "type": "Feature",
      "geometry": {
        "type": "Point",
        "coordinates": [
          88.4924546,
          22.2747663
        ]
      },
      "properties": {
        "osm_id": 10582099129,
        "name": "Uttar Raghunathpur",
        "place": "suburb"
      }
    },
    {
      "type": "Feature",
      "geometry": {
        "type": "Point",
        "coordinates": [
          88.486703,
          22.2698494
        ]
      },
      "properties": {
        "osm_id": 10582105846,
        "name": "Goalberia",
        "place": "suburb"
      }
    },
    {
      "type": "Feature",
      "geometry": {
        "type": "Point",
        "coordinates": [
          88.4724637,
          22.27455
        ]
      },
      "properties": {
        "osm_id": 10582108150,
        "name": "Neutala",
        "place": "suburb"
      }
    },
    {
      "type": "Feature",
      "geometry": {
        "type": "Point",
        "coordinates": [
          88.507333,
          22.2668637
        ]
      },
      "properties": {
        "osm_id": 10582109441,
        "name": "Dewanganj",
        "place": "suburb"
      }
    },
    {
      "type": "Feature",
      "geometry": {
        "type": "Point",
        "coordinates": [
          88.4457623,
          22.2643163
        ]
      },
      "properties": {
        "osm_id": 10582113631,
        "name": "Sarberia",
        "place": "suburb"
      }
    },
    {
      "type": "Feature",
      "geometry": {
        "type": "Point",
        "coordinates": [
          88.4641363,
          22.2646749
        ]
      },
      "properties": {
        "osm_id": 10582119670,
        "name": "Khakurdaha",
        "place": "suburb"
      }
    },
    {
      "type": "Feature",
      "geometry": {
        "type": "Point",
        "coordinates": [
          88.480591,
          22.2662875
        ]
      },
      "properties": {
        "osm_id": 10582136024,
        "name": "Kismat Goalberia",
        "place": "suburb"
      }
    },
    {
      "type": "Feature",
      "geometry": {
        "type": "Point",
        "coordinates": [
          88.4282733,
          22.2040282
        ]
      },
      "properties": {
        "osm_id": 10582153403,
        "name": "Baharu",
        "place": "suburb"
      }
    },
    {
      "type": "Feature",
      "geometry": {
        "type": "Point",
        "coordinates": [
          88.4491233,
          22.2573402
        ]
      },
      "properties": {
        "osm_id": 10582156633,
        "name": "Bejra",
        "place": "suburb"
      }
    },
    {
      "type": "Feature",
      "geometry": {
        "type": "Point",
        "coordinates": [
          88.4474723,
          22.1809696
        ]
      },
      "properties": {
        "osm_id": 10582161278,
        "name": "Ganganarayanpur",
        "place": "suburb"
      }
    },
    {
      "type": "Feature",
      "geometry": {
        "type": "Point",
        "coordinates": [
          88.4545607,
          22.2508525
        ]
      },
      "properties": {
        "osm_id": 10582166626,
        "name": "Hogla",
        "place": "suburb"
      }
    },
    {
      "type": "Feature",
      "geometry": {
        "type": "Point",
        "coordinates": [
          88.4548817,
          22.2693372
        ]
      },
      "properties": {
        "osm_id": 10582179915,
        "name": "Belechandi",
        "place": "suburb"
      }
    },
    {
      "type": "Feature",
      "geometry": {
        "type": "Point",
        "coordinates": [
          88.5180423,
          22.2042467
        ]
      },
      "properties": {
        "osm_id": 10582185691,
        "name": "Bantra",
        "place": "suburb"
      }
    },
    {
      "type": "Feature",
      "geometry": {
        "type": "Point",
        "coordinates": [
          88.4499154,
          22.2741622
        ]
      },
      "properties": {
        "osm_id": 10582188524,
        "name": "Narayani Tala",
        "place": "suburb"
      }
    },
    {
      "type": "Feature",
      "geometry": {
        "type": "Point",
        "coordinates": [
          88.5662303,
          22.1892662
        ]
      },
      "properties": {
        "osm_id": 10582188525,
        "name": "Mahismari",
        "place": "suburb"
      }
    },
    {
      "type": "Feature",
      "geometry": {
        "type": "Point",
        "coordinates": [
          88.54192,
          22.2036438
        ]
      },
      "properties": {
        "osm_id": 10582193818,
        "name": "Purba Bantra",
        "place": "suburb"
      }
    },
    {
      "type": "Feature",
      "geometry": {
        "type": "Point",
        "coordinates": [
          88.4602491,
          22.2736097
        ]
      },
      "properties": {
        "osm_id": 10582199157,
        "name": "Kanta Pukuria",
        "place": "suburb"
      }
    },
    {
      "type": "Feature",
      "geometry": {
        "type": "Point",
        "coordinates": [
          88.4346584,
          22.1749851
        ]
      },
      "properties": {
        "osm_id": 10582200776,
        "name": "Hatpara",
        "place": "suburb"
      }
    },
    {
      "type": "Feature",
      "geometry": {
        "type": "Point",
        "coordinates": [
          88.555323,
          22.1899944
        ]
      },
      "properties": {
        "osm_id": 10582214275,
        "name": "Gumuk Beria",
        "place": "suburb"
      }
    },
    {
      "type": "Feature",
      "geometry": {
        "type": "Point",
        "coordinates": [
          88.415277,
          22.1870719
        ]
      },
      "properties": {
        "osm_id": 10582218054,
        "name": "Ajodhya Nagar",
        "place": "suburb"
      }
    },
    {
      "type": "Feature",
      "geometry": {
        "type": "Point",
        "coordinates": [
          88.5396211,
          22.2229393
        ]
      },
      "properties": {
        "osm_id": 10582224205,
        "name": "Rajpur Korabag",
        "place": "suburb"
      }
    },
    {
      "type": "Feature",
      "geometry": {
        "type": "Point",
        "coordinates": [
          88.4511401,
          22.19367
        ]
      },
      "properties": {
        "osm_id": 10582229786,
        "name": "Sripur",
        "place": "suburb"
      }
    },
    {
      "type": "Feature",
      "geometry": {
        "type": "Point",
        "coordinates": [
          88.4455613,
          22.1888155
        ]
      },
      "properties": {
        "osm_id": 10582230630,
        "name": "Kashimpur Gangaghata",
        "place": "suburb"
      }
    },
    {
      "type": "Feature",
      "geometry": {
        "type": "Point",
        "coordinates": [
          88.4402747,
          22.1838516
        ]
      },
      "properties": {
        "osm_id": 10582234177,
        "name": "Ramkrishnapur",
        "place": "suburb"
      }
    },
    {
      "type": "Feature",
      "geometry": {
        "type": "Point",
        "coordinates": [
          88.419918,
          22.1937942
        ]
      },
      "properties": {
        "osm_id": 10582236203,
        "name": "Tajpur Fatepur",
        "place": "suburb"
      }
    },
    {
      "type": "Feature",
      "geometry": {
        "type": "Point",
        "coordinates": [
          88.4566237,
          22.2106151
        ]
      },
      "properties": {
        "osm_id": 10582236482,
        "name": "Uttarpara Abad",
        "place": "suburb"
      }
    },
    {
      "type": "Feature",
      "geometry": {
        "type": "Point",
        "coordinates": [
          88.4175597,
          22.1827169
        ]
      },
      "properties": {
        "osm_id": 10582245594,
        "name": "Ramnarayanpur",
        "place": "suburb"
      }
    },
    {
      "type": "Feature",
      "geometry": {
        "type": "Point",
        "coordinates": [
          88.4464561,
          22.220591
        ]
      },
      "properties": {
        "osm_id": 10582248794,
        "name": "Kalikapur Barasat",
        "place": "suburb"
      }
    },
    {
      "type": "Feature",
      "geometry": {
        "type": "Point",
        "coordinates": [
          88.4476603,
          22.2042124
        ]
      },
      "properties": {
        "osm_id": 10582251402,
        "name": "Uttarparanij",
        "place": "suburb"
      }
    },
    {
      "type": "Feature",
      "geometry": {
        "type": "Point",
        "coordinates": [
          88.4294848,
          22.1876548
        ]
      },
      "properties": {
        "osm_id": 10582258394,
        "name": "Uttar Durgapur",
        "place": "suburb"
      }
    },
    {
      "type": "Feature",
      "geometry": {
        "type": "Point",
        "coordinates": [
          88.4561484,
          22.2236636
        ]
      },
      "properties": {
        "osm_id": 10582264842,
        "name": "Raynagar",
        "place": "suburb"
      }
    },
    {
      "type": "Feature",
      "geometry": {
        "type": "Point",
        "coordinates": [
          88.4294804,
          22.1936134
        ]
      },
      "properties": {
        "osm_id": 10582274885,
        "name": "Alipur",
        "place": "suburb"
      }
    },
    {
      "type": "Feature",
      "geometry": {
        "type": "Point",
        "coordinates": [
          88.4540627,
          22.2792041
        ]
      },
      "properties": {
        "osm_id": 10584086436,
        "name": "Gocharan",
        "place": "suburb"
      }
    },
    {
      "type": "Feature",
      "geometry": {
        "type": "Point",
        "coordinates": [
          88.4616954,
          22.1212209
        ]
      },
      "properties": {
        "osm_id": 10592121750,
        "name": "Baishata",
        "place": "suburb"
      }
    },
    {
      "type": "Feature",
      "geometry": {
        "type": "Point",
        "coordinates": [
          88.4812093,
          22.1194269
        ]
      },
      "properties": {
        "osm_id": 10592178897,
        "name": "Ghoser Chak",
        "place": "suburb"
      }
    },
    {
      "type": "Feature",
      "geometry": {
        "type": "Point",
        "coordinates": [
          88.4573581,
          22.1566334
        ]
      },
      "properties": {
        "osm_id": 10592188245,
        "name": "Tulshighata",
        "place": "suburb"
      }
    },
    {
      "type": "Feature",
      "geometry": {
        "type": "Point",
        "coordinates": [
          88.5217601,
          22.1020316
        ]
      },
      "properties": {
        "osm_id": 10592227465,
        "name": "Dam Dama",
        "place": "suburb"
      }
    },
    {
      "type": "Feature",
      "geometry": {
        "type": "Point",
        "coordinates": [
          88.5041087,
          22.1378657
        ]
      },
      "properties": {
        "osm_id": 10592229063,
        "name": "Baidya Chak",
        "place": "suburb"
      }
    },
    {
      "type": "Feature",
      "geometry": {
        "type": "Point",
        "coordinates": [
          88.518212,
          22.1285588
        ]
      },
      "properties": {
        "osm_id": 10592276285,
        "name": "Kalikapur",
        "place": "suburb"
      }
    },
    {
      "type": "Feature",
      "geometry": {
        "type": "Point",
        "coordinates": [
          88.4972944,
          22.1361867
        ]
      },
      "properties": {
        "osm_id": 10592285904,
        "name": "Pat Pukur",
        "place": "suburb"
      }
    },
    {
      "type": "Feature",
      "geometry": {
        "type": "Point",
        "coordinates": [
          88.5173717,
          22.1440069
        ]
      },
      "properties": {
        "osm_id": 10592287914,
        "name": "Purba Raghunathpur",
        "place": "suburb"
      }
    },
    {
      "type": "Feature",
      "geometry": {
        "type": "Point",
        "coordinates": [
          88.504962,
          22.1279206
        ]
      },
      "properties": {
        "osm_id": 10592291815,
        "name": "Taltala",
        "place": "suburb"
      }
    },
    {
      "type": "Feature",
      "geometry": {
        "type": "Point",
        "coordinates": [
          88.5147723,
          22.0865388
        ]
      },
      "properties": {
        "osm_id": 10592291836,
        "name": "Karibaria",
        "place": "suburb"
      }
    },
    {
      "type": "Feature",
      "geometry": {
        "type": "Point",
        "coordinates": [
          88.509018,
          22.1106181
        ]
      },
      "properties": {
        "osm_id": 10592293205,
        "name": "Baltala",
        "place": "suburb"
      }
    },
    {
      "type": "Feature",
      "geometry": {
        "type": "Point",
        "coordinates": [
          88.4708303,
          22.1463529
        ]
      },
      "properties": {
        "osm_id": 10592295165,
        "name": "Mallar Chak",
        "place": "suburb"
      }
    },
    {
      "type": "Feature",
      "geometry": {
        "type": "Point",
        "coordinates": [
          88.5190974,
          22.1151372
        ]
      },
      "properties": {
        "osm_id": 10592299107,
        "name": "Gopalnagar",
        "place": "suburb"
      }
    },
    {
      "type": "Feature",
      "geometry": {
        "type": "Point",
        "coordinates": [
          88.4720213,
          22.1356474
        ]
      },
      "properties": {
        "osm_id": 10592300862,
        "name": "Jautia",
        "place": "suburb"
      }
    },
    {
      "type": "Feature",
      "geometry": {
        "type": "Point",
        "coordinates": [
          88.498828,
          22.1123378
        ]
      },
      "properties": {
        "osm_id": 10592303043,
        "name": "Jogigara",
        "place": "suburb"
      }
    },
    {
      "type": "Feature",
      "geometry": {
        "type": "Point",
        "coordinates": [
          88.489337,
          22.1095472
        ]
      },
      "properties": {
        "osm_id": 10592303044,
        "name": "Killa Durganagar",
        "place": "suburb"
      }
    },
    {
      "type": "Feature",
      "geometry": {
        "type": "Point",
        "coordinates": [
          88.537354,
          22.1475658
        ]
      },
      "properties": {
        "osm_id": 10592305113,
        "name": "Rupnagar",
        "place": "suburb"
      }
    },
    {
      "type": "Feature",
      "geometry": {
        "type": "Point",
        "coordinates": [
          88.5327134,
          22.0239791
        ]
      },
      "properties": {
        "osm_id": 10592305114,
        "name": "Bhubankhali",
        "place": "suburb"
      }
    },
    {
      "type": "Feature",
      "geometry": {
        "type": "Point",
        "coordinates": [
          88.5058191,
          22.1464902
        ]
      },
      "properties": {
        "osm_id": 10592329520,
        "name": "Paschim Tentulbaria",
        "place": "suburb"
      }
    },
    {
      "type": "Feature",
      "geometry": {
        "type": "Point",
        "coordinates": [
          88.5474104,
          22.1730212
        ]
      },
      "properties": {
        "osm_id": 10592331440,
        "name": "Uttar Garankati",
        "place": "suburb"
      }
    },
    {
      "type": "Feature",
      "geometry": {
        "type": "Point",
        "coordinates": [
          88.5334857,
          22.007556
        ]
      },
      "properties": {
        "osm_id": 10592331796,
        "name": "Chuprijhara",
        "place": "suburb"
      }
    },
    {
      "type": "Feature",
      "geometry": {
        "type": "Point",
        "coordinates": [
          88.4320103,
          22.1493903
        ]
      },
      "properties": {
        "osm_id": 10592333589,
        "name": "Dashra Bhagabanpur",
        "place": "suburb"
      }
    },
    {
      "type": "Feature",
      "geometry": {
        "type": "Point",
        "coordinates": [
          88.510787,
          22.1607488
        ]
      },
      "properties": {
        "osm_id": 10592334850,
        "name": "Beladurganagar",
        "place": "suburb"
      }
    },
    {
      "type": "Feature",
      "geometry": {
        "type": "Point",
        "coordinates": [
          88.5479847,
          22.161135
        ]
      },
      "properties": {
        "osm_id": 10592335972,
        "name": "Sapla",
        "place": "suburb"
      }
    },
    {
      "type": "Feature",
      "geometry": {
        "type": "Point",
        "coordinates": [
          88.4148709,
          22.1566596
        ]
      },
      "properties": {
        "osm_id": 10592339210,
        "name": "Phutigoda",
        "place": "suburb"
      }
    },
    {
      "type": "Feature",
      "geometry": {
        "type": "Point",
        "coordinates": [
          88.408358,
          22.1536384
        ]
      },
      "properties": {
        "osm_id": 10592339211,
        "name": "Srirampur",
        "place": "suburb"
      }
    },
    {
      "type": "Feature",
      "geometry": {
        "type": "Point",
        "coordinates": [
          88.5303836,
          22.1861858
        ]
      },
      "properties": {
        "osm_id": 10592340316,
        "name": "Taranagar",
        "place": "suburb"
      }
    },
    {
      "type": "Feature",
      "geometry": {
        "type": "Point",
        "coordinates": [
          88.5190234,
          22.0520691
        ]
      },
      "properties": {
        "osm_id": 10592344449,
        "name": "Radhaballabhpur",
        "place": "suburb"
      }
    },
    {
      "type": "Feature",
      "geometry": {
        "type": "Point",
        "coordinates": [
          88.4918227,
          22.155315
        ]
      },
      "properties": {
        "osm_id": 10592346597,
        "name": "Gordoani",
        "place": "suburb"
      }
    },
    {
      "type": "Feature",
      "geometry": {
        "type": "Point",
        "coordinates": [
          88.4121777,
          22.1610751
        ]
      },
      "properties": {
        "osm_id": 10592357870,
        "name": "Banamalipur",
        "place": "suburb"
      }
    },
    {
      "type": "Feature",
      "geometry": {
        "type": "Point",
        "coordinates": [
          88.471116,
          22.1619695
        ]
      },
      "properties": {
        "osm_id": 10592365423,
        "name": "Paschim Raghunathpur",
        "place": "suburb"
      }
    },
    {
      "type": "Feature",
      "geometry": {
        "type": "Point",
        "coordinates": [
          88.500891,
          22.0765031
        ]
      },
      "properties": {
        "osm_id": 10592369501,
        "name": "Manirtala",
        "place": "suburb"
      }
    },
    {
      "type": "Feature",
      "geometry": {
        "type": "Point",
        "coordinates": [
          88.5032754,
          22.1864403
        ]
      },
      "properties": {
        "osm_id": 10592377229,
        "name": "Mayahauri",
        "place": "suburb"
      }
    },
    {
      "type": "Feature",
      "geometry": {
        "type": "Point",
        "coordinates": [
          88.4626774,
          22.1956132
        ]
      },
      "properties": {
        "osm_id": 10593772495,
        "name": "Mayda",
        "place": "suburb"
      }
    },
    {
      "type": "Feature",
      "geometry": {
        "type": "Point",
        "coordinates": [
          88.458171,
          22.1900066
        ]
      },
      "properties": {
        "osm_id": 10593789572,
        "name": "Chandipur",
        "place": "suburb"
      }
    },
    {
      "type": "Feature",
      "geometry": {
        "type": "Point",
        "coordinates": [
          88.4585354,
          22.199755
        ]
      },
      "properties": {
        "osm_id": 10593806109,
        "name": "Gangapur",
        "place": "suburb"
      }
    },
    {
      "type": "Feature",
      "geometry": {
        "type": "Point",
        "coordinates": [
          88.4689707,
          22.2077018
        ]
      },
      "properties": {
        "osm_id": 10593806126,
        "name": "Napukuria",
        "place": "suburb"
      }
    },
    {
      "type": "Feature",
      "geometry": {
        "type": "Point",
        "coordinates": [
          88.478447,
          22.192068
        ]
      },
      "properties": {
        "osm_id": 10593806128,
        "name": "Khaiyamara",
        "place": "suburb"
      }
    },
    {
      "type": "Feature",
      "geometry": {
        "type": "Point",
        "coordinates": [
          88.4317693,
          22.1668673
        ]
      },
      "properties": {
        "osm_id": 10593811080,
        "name": "Bagbaria Narayanpur",
        "place": "suburb"
      }
    },
    {
      "type": "Feature",
      "geometry": {
        "type": "Point",
        "coordinates": [
          88.510996,
          22.0199197
        ]
      },
      "properties": {
        "osm_id": 10593818635,
        "name": "Sonatikri",
        "place": "suburb"
      }
    },
    {
      "type": "Feature",
      "geometry": {
        "type": "Point",
        "coordinates": [
          88.4713043,
          22.1968548
        ]
      },
      "properties": {
        "osm_id": 10593821747,
        "name": "Mahishghat",
        "place": "suburb"
      }
    },
    {
      "type": "Feature",
      "geometry": {
        "type": "Point",
        "coordinates": [
          88.4777309,
          22.0295674
        ]
      },
      "properties": {
        "osm_id": 10593825468,
        "name": "Nalgora",
        "place": "suburb"
      }
    },
    {
      "type": "Feature",
      "geometry": {
        "type": "Point",
        "coordinates": [
          88.4642787,
          22.1729447
        ]
      },
      "properties": {
        "osm_id": 10593832440,
        "name": "Kalinagar",
        "place": "suburb"
      }
    },
    {
      "type": "Feature",
      "geometry": {
        "type": "Point",
        "coordinates": [
          88.455783,
          22.1843465
        ]
      },
      "properties": {
        "osm_id": 10593834356,
        "name": "Kamalpur",
        "place": "suburb"
      }
    },
    {
      "type": "Feature",
      "geometry": {
        "type": "Point",
        "coordinates": [
          88.4615179,
          22.1816891
        ]
      },
      "properties": {
        "osm_id": 10593834435,
        "name": "Bijaynagar",
        "place": "suburb"
      }
    },
    {
      "type": "Feature",
      "geometry": {
        "type": "Point",
        "coordinates": [
          88.4563013,
          22.1662302
        ]
      },
      "properties": {
        "osm_id": 10593834439,
        "name": "Khania Sahazadapur",
        "place": "suburb"
      }
    },
    {
      "type": "Feature",
      "geometry": {
        "type": "Point",
        "coordinates": [
          88.4447483,
          22.174194
        ]
      },
      "properties": {
        "osm_id": 10593837941,
        "name": "Sahajadapur",
        "place": "suburb"
      }
    },
    {
      "type": "Feature",
      "geometry": {
        "type": "Point",
        "coordinates": [
          88.4367535,
          22.1668602
        ]
      },
      "properties": {
        "osm_id": 10593860510,
        "name": "Serhangampur",
        "place": "suburb"
      }
    },
    {
      "type": "Feature",
      "geometry": {
        "type": "Point",
        "coordinates": [
          88.3928483,
          22.466016
        ]
      },
      "properties": {
        "osm_id": 10594566755,
        "name": "Garia",
        "place": "suburb"
      }
    },
    {
      "type": "Feature",
      "geometry": {
        "type": "Point",
        "coordinates": [
          88.3967516,
          22.4391136
        ]
      },
      "properties": {
        "osm_id": 10594604929,
        "name": "Narendrapur",
        "place": "suburb"
      }
    },
    {
      "type": "Feature",
      "geometry": {
        "type": "Point",
        "coordinates": [
          88.4294815,
          22.4081457
        ]
      },
      "properties": {
        "osm_id": 10594604930,
        "name": "Kodalia",
        "place": "suburb"
      }
    },
    {
      "type": "Feature",
      "geometry": {
        "type": "Point",
        "coordinates": [
          88.4185772,
          22.4125168
        ]
      },
      "properties": {
        "osm_id": 10594614355,
        "name": "Harinavi",
        "place": "suburb"
      }
    },
    {
      "type": "Feature",
      "geometry": {
        "type": "Point",
        "coordinates": [
          88.4347796,
          22.416762
        ]
      },
      "properties": {
        "osm_id": 10594619277,
        "name": "Subhashgram",
        "place": "suburb"
      }
    },
    {
      "type": "Feature",
      "geometry": {
        "type": "Point",
        "coordinates": [
          88.4040358,
          22.4242894
        ]
      },
      "properties": {
        "osm_id": 10594623374,
        "name": "Dakshin Jagaddal",
        "place": "suburb"
      }
    },
    {
      "type": "Feature",
      "geometry": {
        "type": "Point",
        "coordinates": [
          88.3713192,
          22.4460633
        ]
      },
      "properties": {
        "osm_id": 10594637941,
        "name": "Boral",
        "place": "suburb"
      }
    },
    {
      "type": "Feature",
      "geometry": {
        "type": "Point",
        "coordinates": [
          88.4196482,
          22.4681162
        ]
      },
      "properties": {
        "osm_id": 10594644911,
        "name": "Panchpota",
        "place": "suburb"
      }
    },
    {
      "type": "Feature",
      "geometry": {
        "type": "Point",
        "coordinates": [
          88.3845924,
          22.4530678
        ]
      },
      "properties": {
        "osm_id": 10594658823,
        "name": "Laskarpur",
        "place": "suburb"
      }
    },
    {
      "type": "Feature",
      "geometry": {
        "type": "Point",
        "coordinates": [
          88.4337262,
          22.4026829
        ]
      },
      "properties": {
        "osm_id": 10594724306,
        "name": "Malancha Mahinagar",
        "place": "suburb"
      }
    },
    {
      "type": "Feature",
      "geometry": {
        "type": "Point",
        "coordinates": [
          88.3536484,
          22.4421041
        ]
      },
      "properties": {
        "osm_id": 10595598799,
        "name": "Joykrishnapur Chairi",
        "place": "suburb"
      }
    },
    {
      "type": "Feature",
      "geometry": {
        "type": "Point",
        "coordinates": [
          88.487449,
          22.4176194
        ]
      },
      "properties": {
        "osm_id": 10595615673,
        "name": "Jafarpur",
        "place": "suburb"
      }
    },
    {
      "type": "Feature",
      "geometry": {
        "type": "Point",
        "coordinates": [
          88.365899,
          22.4252375
        ]
      },
      "properties": {
        "osm_id": 10595619325,
        "name": "Banhugli",
        "place": "suburb"
      }
    },
    {
      "type": "Feature",
      "geometry": {
        "type": "Point",
        "coordinates": [
          88.4791569,
          22.4680463
        ]
      },
      "properties": {
        "osm_id": 10595625744,
        "name": "Tardaha",
        "place": "suburb"
      }
    },
    {
      "type": "Feature",
      "geometry": {
        "type": "Point",
        "coordinates": [
          88.422225,
          22.4798931
        ]
      },
      "properties": {
        "osm_id": 10595625751,
        "name": "Ranabhutia",
        "place": "suburb"
      }
    },
    {
      "type": "Feature",
      "geometry": {
        "type": "Point",
        "coordinates": [
          88.4725806,
          22.4201452
        ]
      },
      "properties": {
        "osm_id": 10595627567,
        "name": "Jardaha",
        "place": "suburb"
      }
    },
    {
      "type": "Feature",
      "geometry": {
        "type": "Point",
        "coordinates": [
          88.3814297,
          22.4210204
        ]
      },
      "properties": {
        "osm_id": 10595628186,
        "name": "Dingelpota",
        "place": "suburb"
      }
    },
    {
      "type": "Feature",
      "geometry": {
        "type": "Point",
        "coordinates": [
          88.367736,
          22.4157347
        ]
      },
      "properties": {
        "osm_id": 10595629419,
        "name": "Hogalkuria",
        "place": "suburb"
      }
    },
    {
      "type": "Feature",
      "geometry": {
        "type": "Point",
        "coordinates": [
          88.4569327,
          22.4622791
        ]
      },
      "properties": {
        "osm_id": 10595629430,
        "name": "Dihi",
        "place": "suburb"
      }
    },
    {
      "type": "Feature",
      "geometry": {
        "type": "Point",
        "coordinates": [
          88.3706403,
          22.421276
        ]
      },
      "properties": {
        "osm_id": 10595638357,
        "name": "Joyenpur",
        "place": "suburb"
      }
    },
    {
      "type": "Feature",
      "geometry": {
        "type": "Point",
        "coordinates": [
          88.440627,
          22.4562867
        ]
      },
      "properties": {
        "osm_id": 10595638427,
        "name": "Khurigochhi",
        "place": "suburb"
      }
    },
    {
      "type": "Feature",
      "geometry": {
        "type": "Point",
        "coordinates": [
          88.4950634,
          22.4360287
        ]
      },
      "properties": {
        "osm_id": 10595638730,
        "name": "Muragachha",
        "place": "suburb"
      }
    },
    {
      "type": "Feature",
      "geometry": {
        "type": "Point",
        "coordinates": [
          88.4562793,
          22.4409911
        ]
      },
      "properties": {
        "osm_id": 10595639978,
        "name": "Jagadishpur",
        "place": "suburb"
      }
    },
    {
      "type": "Feature",
      "geometry": {
        "type": "Point",
        "coordinates": [
          88.4762634,
          22.4147235
        ]
      },
      "properties": {
        "osm_id": 10595642311,
        "name": "Benebou",
        "place": "suburb"
      }
    },
    {
      "type": "Feature",
      "geometry": {
        "type": "Point",
        "coordinates": [
          88.5177503,
          22.4110813
        ]
      },
      "properties": {
        "osm_id": 10595642350,
        "name": "Raypur",
        "place": "suburb"
      }
    },
    {
      "type": "Feature",
      "geometry": {
        "type": "Point",
        "coordinates": [
          88.4611144,
          22.4908218
        ]
      },
      "properties": {
        "osm_id": 10595642465,
        "name": "Kheadaha",
        "place": "suburb"
      }
    },
    {
      "type": "Feature",
      "geometry": {
        "type": "Point",
        "coordinates": [
          88.4802444,
          22.428665
        ]
      },
      "properties": {
        "osm_id": 10595645571,
        "name": "Natagachhi",
        "place": "suburb"
      }
    },
    {
      "type": "Feature",
      "geometry": {
        "type": "Point",
        "coordinates": [
          88.4642923,
          22.5053234
        ]
      },
      "properties": {
        "osm_id": 10595646168,
        "name": "Kghodhati",
        "place": "suburb"
      }
    },
    {
      "type": "Feature",
      "geometry": {
        "type": "Point",
        "coordinates": [
          88.463073,
          22.5003203
        ]
      },
      "properties": {
        "osm_id": 10595646943,
        "name": "Goalapota",
        "place": "suburb"
      }
    },
    {
      "type": "Feature",
      "geometry": {
        "type": "Point",
        "coordinates": [
          88.5033423,
          22.415135
        ]
      },
      "properties": {
        "osm_id": 10595647432,
        "name": "Hasanpur",
        "place": "suburb"
      }
    },
    {
      "type": "Feature",
      "geometry": {
        "type": "Point",
        "coordinates": [
          88.4137465,
          22.4971132
        ]
      },
      "properties": {
        "osm_id": 10595651880,
        "name": "Jagatipata",
        "place": "suburb"
      }
    },
    {
      "type": "Feature",
      "geometry": {
        "type": "Point",
        "coordinates": [
          88.4412517,
          22.464525
        ]
      },
      "properties": {
        "osm_id": 10595654993,
        "name": "Gangajora",
        "place": "suburb"
      }
    },
    {
      "type": "Feature",
      "geometry": {
        "type": "Point",
        "coordinates": [
          88.5028006,
          22.3999128
        ]
      },
      "properties": {
        "osm_id": 10595655062,
        "name": "Kharigoda",
        "place": "suburb"
      }
    },
    {
      "type": "Feature",
      "geometry": {
        "type": "Point",
        "coordinates": [
          88.418032,
          22.4848488
        ]
      },
      "properties": {
        "osm_id": 10595657003,
        "name": "Atghara",
        "place": "suburb"
      }
    },
    {
      "type": "Feature",
      "geometry": {
        "type": "Point",
        "coordinates": [
          88.4356787,
          22.4783254
        ]
      },
      "properties": {
        "osm_id": 10595657292,
        "name": "Kantipota",
        "place": "suburb"
      }
    },
    {
      "type": "Feature",
      "geometry": {
        "type": "Point",
        "coordinates": [
          88.4576997,
          22.47704
        ]
      },
      "properties": {
        "osm_id": 10595659555,
        "name": "Tihuria",
        "place": "suburb"
      }
    },
    {
      "type": "Feature",
      "geometry": {
        "type": "Point",
        "coordinates": [
          88.4276296,
          22.4985141
        ]
      },
      "properties": {
        "osm_id": 10595659556,
        "name": "Bhagabanpur",
        "place": "suburb"
      }
    },
    {
      "type": "Feature",
      "geometry": {
        "type": "Point",
        "coordinates": [
          88.4503834,
          22.4496513
        ]
      },
      "properties": {
        "osm_id": 10595659622,
        "name": "Chandpur",
        "place": "suburb"
      }
    },
    {
      "type": "Feature",
      "geometry": {
        "type": "Point",
        "coordinates": [
          88.4203156,
          22.5169712
        ]
      },
      "properties": {
        "osm_id": 10595671930,
        "name": "Chak Kolarkhal",
        "place": "suburb"
      }
    },
    {
      "type": "Feature",
      "geometry": {
        "type": "Point",
        "coordinates": [
          88.4367132,
          22.5079512
        ]
      },
      "properties": {
        "osm_id": 10595676755,
        "name": "Kharki",
        "place": "suburb"
      }
    },
    {
      "type": "Feature",
      "geometry": {
        "type": "Point",
        "coordinates": [
          88.4399813,
          22.477646
        ]
      },
      "properties": {
        "osm_id": 10595677223,
        "name": "Nayabad",
        "place": "suburb"
      }
    },
    {
      "type": "Feature",
      "geometry": {
        "type": "Point",
        "coordinates": [
          88.4693303,
          22.4935463
        ]
      },
      "properties": {
        "osm_id": 10595679423,
        "name": "Kumar Pukuria",
        "place": "suburb"
      }
    },
    {
      "type": "Feature",
      "geometry": {
        "type": "Point",
        "coordinates": [
          88.445715,
          22.4970663
        ]
      },
      "properties": {
        "osm_id": 10595697438,
        "name": "Deara",
        "place": "suburb"
      }
    },
    {
      "type": "Feature",
      "geometry": {
        "type": "Point",
        "coordinates": [
          88.4112825,
          22.4920659
        ]
      },
      "properties": {
        "osm_id": 10595699425,
        "name": "Mukundapur",
        "place": "suburb"
      }
    },
    {
      "type": "Feature",
      "geometry": {
        "type": "Point",
        "coordinates": [
          88.4166693,
          22.509607
        ]
      },
      "properties": {
        "osm_id": 10595704706,
        "name": "Karimpur",
        "place": "suburb"
      }
    },
    {
      "type": "Feature",
      "geometry": {
        "type": "Point",
        "coordinates": [
          88.4073027,
          22.3774884
        ]
      },
      "properties": {
        "osm_id": 10595867503,
        "name": "Andharia",
        "place": "suburb"
      }
    },
    {
      "type": "Feature",
      "geometry": {
        "type": "Point",
        "coordinates": [
          88.3926233,
          22.3946704
        ]
      },
      "properties": {
        "osm_id": 10595875201,
        "name": "Baruli",
        "place": "suburb"
      }
    },
    {
      "type": "Feature",
      "geometry": {
        "type": "Point",
        "coordinates": [
          88.390485,
          22.3721447
        ]
      },
      "properties": {
        "osm_id": 10595877936,
        "name": "Bamangachhi",
        "place": "suburb"
      }
    },
    {
      "type": "Feature",
      "geometry": {
        "type": "Point",
        "coordinates": [
          88.4031376,
          22.3974145
        ]
      },
      "properties": {
        "osm_id": 10595878225,
        "name": "Srirampur",
        "place": "suburb"
      }
    },
    {
      "type": "Feature",
      "geometry": {
        "type": "Point",
        "coordinates": [
          88.411001,
          22.3910843
        ]
      },
      "properties": {
        "osm_id": 10595879921,
        "name": "Gobindapur",
        "place": "suburb"
      }
    },
    {
      "type": "Feature",
      "geometry": {
        "type": "Point",
        "coordinates": [
          88.4025097,
          22.3759572
        ]
      },
      "properties": {
        "osm_id": 10595885238,
        "name": "Radhaballavpur",
        "place": "suburb"
      }
    },
    {
      "type": "Feature",
      "geometry": {
        "type": "Point",
        "coordinates": [
          88.3924587,
          22.4031738
        ]
      },
      "properties": {
        "osm_id": 10595887915,
        "name": "Sarmastapur",
        "place": "suburb"
      }
    },
    {
      "type": "Feature",
      "geometry": {
        "type": "Point",
        "coordinates": [
          88.4000903,
          22.3825356
        ]
      },
      "properties": {
        "osm_id": 10595889025,
        "name": "Langalber",
        "place": "suburb"
      }
    },
    {
      "type": "Feature",
      "geometry": {
        "type": "Point",
        "coordinates": [
          88.410831,
          22.3848887
        ]
      },
      "properties": {
        "osm_id": 10595889035,
        "name": "Joynagar",
        "place": "suburb"
      }
    },
    {
      "type": "Feature",
      "geometry": {
        "type": "Point",
        "coordinates": [
          88.5083373,
          22.44222
        ]
      },
      "properties": {
        "osm_id": 10595889053,
        "name": "Garal",
        "place": "suburb"
      }
    },
    {
      "type": "Feature",
      "geometry": {
        "type": "Point",
        "coordinates": [
          88.3878707,
          22.383299
        ]
      },
      "properties": {
        "osm_id": 10595893043,
        "name": "Bara Gachhia",
        "place": "suburb"
      }
    },
    {
      "type": "Feature",
      "geometry": {
        "type": "Point",
        "coordinates": [
          88.3845127,
          22.3772787
        ]
      },
      "properties": {
        "osm_id": 10595897351,
        "name": "Sri Krishnapur",
        "place": "suburb"
      }
    },
    {
      "type": "Feature",
      "geometry": {
        "type": "Point",
        "coordinates": [
          88.514104,
          22.435151
        ]
      },
      "properties": {
        "osm_id": 10595903685,
        "name": "Metiari",
        "place": "suburb"
      }
    },
    {
      "type": "Feature",
      "geometry": {
        "type": "Point",
        "coordinates": [
          88.3972309,
          22.4096057
        ]
      },
      "properties": {
        "osm_id": 10595908703,
        "name": "Raghabpur",
        "place": "suburb"
      }
    },
    {
      "type": "Feature",
      "geometry": {
        "type": "Point",
        "coordinates": [
          88.37909,
          22.4093984
        ]
      },
      "properties": {
        "osm_id": 10595908859,
        "name": "Raghunathpur",
        "place": "suburb"
      }
    },
    {
      "type": "Feature",
      "geometry": {
        "type": "Point",
        "coordinates": [
          88.4094397,
          22.3985962
        ]
      },
      "properties": {
        "osm_id": 10595909712,
        "name": "Badehugli",
        "place": "suburb"
      }
    },
    {
      "type": "Feature",
      "geometry": {
        "type": "Point",
        "coordinates": [
          88.390371,
          22.4081644
        ]
      },
      "properties": {
        "osm_id": 10595919778,
        "name": "Palghat",
        "place": "suburb"
      }
    },
    {
      "type": "Feature",
      "geometry": {
        "type": "Point",
        "coordinates": [
          88.51581,
          22.4273344
        ]
      },
      "properties": {
        "osm_id": 10595920217,
        "name": "Kustia",
        "place": "suburb"
      }
    },
    {
      "type": "Feature",
      "geometry": {
        "type": "Point",
        "coordinates": [
          88.4690527,
          22.4396831
        ]
      },
      "properties": {
        "osm_id": 10595921070,
        "name": "Gopal Pur",
        "place": "suburb"
      }
    },
    {
      "type": "Feature",
      "geometry": {
        "type": "Point",
        "coordinates": [
          88.520234,
          22.4190756
        ]
      },
      "properties": {
        "osm_id": 10595924794,
        "name": "Makrampur",
        "place": "suburb"
      }
    },
    {
      "type": "Feature",
      "geometry": {
        "type": "Point",
        "coordinates": [
          88.5285327,
          22.4230938
        ]
      },
      "properties": {
        "osm_id": 10595925917,
        "name": "Nabhasan",
        "place": "suburb"
      }
    },
    {
      "type": "Feature",
      "geometry": {
        "type": "Point",
        "coordinates": [
          88.4426203,
          22.422306
        ]
      },
      "properties": {
        "osm_id": 10595933778,
        "name": "Bhabanipur",
        "place": "suburb"
      }
    },
    {
      "type": "Feature",
      "geometry": {
        "type": "Point",
        "coordinates": [
          88.4630573,
          22.4212718
        ]
      },
      "properties": {
        "osm_id": 10595933779,
        "name": "Rampur",
        "place": "suburb"
      }
    },
    {
      "type": "Feature",
      "geometry": {
        "type": "Point",
        "coordinates": [
          88.515921,
          22.4461439
        ]
      },
      "properties": {
        "osm_id": 10595936022,
        "name": "Pratapnagar",
        "place": "suburb"
      }
    },
    {
      "type": "Feature",
      "geometry": {
        "type": "Point",
        "coordinates": [
          88.527049,
          22.428982
        ]
      },
      "properties": {
        "osm_id": 10595938073,
        "name": "Sangur",
        "place": "suburb"
      }
    },
    {
      "type": "Feature",
      "geometry": {
        "type": "Point",
        "coordinates": [
          88.4960813,
          22.4466532
        ]
      },
      "properties": {
        "osm_id": 10595940005,
        "name": "Samukpota",
        "place": "suburb"
      }
    },
    {
      "type": "Feature",
      "geometry": {
        "type": "Point",
        "coordinates": [
          88.450222,
          22.4315521
        ]
      },
      "properties": {
        "osm_id": 10595940013,
        "name": "Mali Pukuria",
        "place": "suburb"
      }
    },
    {
      "type": "Feature",
      "geometry": {
        "type": "Point",
        "coordinates": [
          88.4718313,
          22.4347707
        ]
      },
      "properties": {
        "osm_id": 10595940922,
        "name": "Arapanch",
        "place": "suburb"
      }
    },
    {
      "type": "Feature",
      "geometry": {
        "type": "Point",
        "coordinates": [
          88.4718734,
          22.4487719
        ]
      },
      "properties": {
        "osm_id": 10595940966,
        "name": "Radhanagar",
        "place": "suburb"
      }
    },
    {
      "type": "Feature",
      "geometry": {
        "type": "Point",
        "coordinates": [
          88.4441907,
          22.4269094
        ]
      },
      "properties": {
        "osm_id": 10595953710,
        "name": "Mathurapur",
        "place": "suburb"
      }
    },
    {
      "type": "Feature",
      "geometry": {
        "type": "Point",
        "coordinates": [
          88.3600596,
          22.4330027
        ]
      },
      "properties": {
        "osm_id": 10595977089,
        "name": "Danga",
        "place": "suburb"
      }
    },
    {
      "type": "Feature",
      "geometry": {
        "type": "Point",
        "coordinates": [
          88.4537157,
          22.4232727
        ]
      },
      "properties": {
        "osm_id": 10595977166,
        "name": "Bidyadharpur",
        "place": "suburb"
      }
    },
    {
      "type": "Feature",
      "geometry": {
        "type": "Point",
        "coordinates": [
          88.4960813,
          22.4251574
        ]
      },
      "properties": {
        "osm_id": 10595985232,
        "name": "Kalikapur",
        "place": "suburb"
      }
    },
    {
      "type": "Feature",
      "geometry": {
        "type": "Point",
        "coordinates": [
          88.3846267,
          22.4360078
        ]
      },
      "properties": {
        "osm_id": 10595986311,
        "name": "Ramchandrapur",
        "place": "suburb"
      }
    },
    {
      "type": "Feature",
      "geometry": {
        "type": "Point",
        "coordinates": [
          88.5057583,
          22.4252508
        ]
      },
      "properties": {
        "osm_id": 10595989533,
        "name": "Chak Baria",
        "place": "suburb"
      }
    },
    {
      "type": "Feature",
      "geometry": {
        "type": "Point",
        "coordinates": [
          88.4924518,
          22.411721
        ]
      },
      "properties": {
        "osm_id": 10596012623,
        "name": "Sahebpur",
        "place": "suburb"
      }
    },
    {
      "type": "Feature",
      "geometry": {
        "type": "Point",
        "coordinates": [
          88.4488656,
          22.4142876
        ]
      },
      "properties": {
        "osm_id": 10596850155,
        "name": "Petua",
        "place": "suburb"
      }
    },
    {
      "type": "Feature",
      "geometry": {
        "type": "Point",
        "coordinates": [
          88.4936592,
          22.4042827
        ]
      },
      "properties": {
        "osm_id": 10596852430,
        "name": "Champahati",
        "place": "suburb"
      }
    },
    {
      "type": "Feature",
      "geometry": {
        "type": "Point",
        "coordinates": [
          88.4706605,
          22.4025762
        ]
      },
      "properties": {
        "osm_id": 10596875202,
        "name": "Garia",
        "place": "suburb"
      }
    },
    {
      "type": "Feature",
      "geometry": {
        "type": "Point",
        "coordinates": [
          88.4488693,
          22.4083353
        ]
      },
      "properties": {
        "osm_id": 10596876237,
        "name": "Panchghara",
        "place": "suburb"
      }
    },
    {
      "type": "Feature",
      "geometry": {
        "type": "Point",
        "coordinates": [
          88.4288729,
          22.3765743
        ]
      },
      "properties": {
        "osm_id": 10596902177,
        "name": "Salipur",
        "place": "suburb"
      }
    },
    {
      "type": "Feature",
      "geometry": {
        "type": "Point",
        "coordinates": [
          88.4391852,
          22.3933394
        ]
      },
      "properties": {
        "osm_id": 10596907457,
        "name": "Mallikpur",
        "place": "suburb"
      }
    },
    {
      "type": "Feature",
      "geometry": {
        "type": "Point",
        "coordinates": [
          88.5154312,
          22.3955431
        ]
      },
      "properties": {
        "osm_id": 10596920361,
        "name": "Solgohalia",
        "place": "suburb"
      }
    },
    {
      "type": "Feature",
      "geometry": {
        "type": "Point",
        "coordinates": [
          88.453713,
          22.3189913
        ]
      },
      "properties": {
        "osm_id": 10596921253,
        "name": "Komarhat",
        "place": "suburb"
      }
    },
    {
      "type": "Feature",
      "geometry": {
        "type": "Point",
        "coordinates": [
          88.4440232,
          22.3874273
        ]
      },
      "properties": {
        "osm_id": 10596924630,
        "name": "Hariharpur",
        "place": "suburb"
      }
    },
    {
      "type": "Feature",
      "geometry": {
        "type": "Point",
        "coordinates": [
          88.4827695,
          22.3848122
        ]
      },
      "properties": {
        "osm_id": 10596931151,
        "name": "Naridana",
        "place": "suburb"
      }
    },
    {
      "type": "Feature",
      "geometry": {
        "type": "Point",
        "coordinates": [
          88.4270696,
          22.3604541
        ]
      },
      "properties": {
        "osm_id": 10596947134,
        "name": "Khodar Bazar",
        "place": "suburb"
      }
    },
    {
      "type": "Feature",
      "geometry": {
        "type": "Point",
        "coordinates": [
          88.5786117,
          22.3614035
        ]
      },
      "properties": {
        "osm_id": 10600883385,
        "name": "Atniramish",
        "place": "suburb"
      }
    },
    {
      "type": "Feature",
      "geometry": {
        "type": "Point",
        "coordinates": [
          88.48295,
          22.3645362
        ]
      },
      "properties": {
        "osm_id": 10600908928,
        "name": "Madhabpur",
        "place": "suburb"
      }
    },
    {
      "type": "Feature",
      "geometry": {
        "type": "Point",
        "coordinates": [
          88.5383403,
          22.3206263
        ]
      },
      "properties": {
        "osm_id": 10600924460,
        "name": "Brinda Khali",
        "place": "suburb"
      }
    },
    {
      "type": "Feature",
      "geometry": {
        "type": "Point",
        "coordinates": [
          88.4914691,
          22.3866401
        ]
      },
      "properties": {
        "osm_id": 10600929911,
        "name": "Haral",
        "place": "suburb"
      }
    },
    {
      "type": "Feature",
      "geometry": {
        "type": "Point",
        "coordinates": [
          88.4901917,
          22.3709427
        ]
      },
      "properties": {
        "osm_id": 10600932709,
        "name": "Begampur",
        "place": "suburb"
      }
    },
    {
      "type": "Feature",
      "geometry": {
        "type": "Point",
        "coordinates": [
          88.490026,
          22.3768486
        ]
      },
      "properties": {
        "osm_id": 10600933619,
        "name": "Kamra",
        "place": "suburb"
      }
    },
    {
      "type": "Feature",
      "geometry": {
        "type": "Point",
        "coordinates": [
          88.587244,
          22.3469078
        ]
      },
      "properties": {
        "osm_id": 10600944935,
        "name": "Belgachhi",
        "place": "suburb"
      }
    },
    {
      "type": "Feature",
      "geometry": {
        "type": "Point",
        "coordinates": [
          88.5662577,
          22.3269876
        ]
      },
      "properties": {
        "osm_id": 10600951836,
        "name": "Purba Mallikpur",
        "place": "suburb"
      }
    },
    {
      "type": "Feature",
      "geometry": {
        "type": "Point",
        "coordinates": [
          88.5774047,
          22.3544856
        ]
      },
      "properties": {
        "osm_id": 10600955957,
        "name": "Betberia",
        "place": "suburb"
      }
    },
    {
      "type": "Feature",
      "geometry": {
        "type": "Point",
        "coordinates": [
          88.5698167,
          22.3140888
        ]
      },
      "properties": {
        "osm_id": 10600955995,
        "name": "Dakshin Ghola",
        "place": "suburb"
      }
    },
    {
      "type": "Feature",
      "geometry": {
        "type": "Point",
        "coordinates": [
          88.569124,
          22.3238053
        ]
      },
      "properties": {
        "osm_id": 10600959622,
        "name": "Jelerhat",
        "place": "suburb"
      }
    },
    {
      "type": "Feature",
      "geometry": {
        "type": "Point",
        "coordinates": [
          88.573548,
          22.3044293
        ]
      },
      "properties": {
        "osm_id": 10600964622,
        "name": "Harimul",
        "place": "suburb"
      }
    },
    {
      "type": "Feature",
      "geometry": {
        "type": "Point",
        "coordinates": [
          88.57632,
          22.339796
        ]
      },
      "properties": {
        "osm_id": 10600971421,
        "name": "Ghola",
        "place": "suburb"
      }
    },
    {
      "type": "Feature",
      "geometry": {
        "type": "Point",
        "coordinates": [
          88.567121,
          22.3394656
        ]
      },
      "properties": {
        "osm_id": 10600978125,
        "name": "Ramdhari",
        "place": "suburb"
      }
    },
    {
      "type": "Feature",
      "geometry": {
        "type": "Point",
        "coordinates": [
          88.4712887,
          22.3174963
        ]
      },
      "properties": {
        "osm_id": 10600984872,
        "name": "Padmajala",
        "place": "suburb"
      }
    },
    {
      "type": "Feature",
      "geometry": {
        "type": "Point",
        "coordinates": [
          88.5386254,
          22.2936095
        ]
      },
      "properties": {
        "osm_id": 10600988014,
        "name": "Joyatala",
        "place": "suburb"
      }
    },
    {
      "type": "Feature",
      "geometry": {
        "type": "Point",
        "coordinates": [
          88.537456,
          22.2890365
        ]
      },
      "properties": {
        "osm_id": 10600998235,
        "name": "Dandapur",
        "place": "suburb"
      }
    },
    {
      "type": "Feature",
      "geometry": {
        "type": "Point",
        "coordinates": [
          88.5332207,
          22.2689132
        ]
      },
      "properties": {
        "osm_id": 10601002195,
        "name": "Dhankhola",
        "place": "suburb"
      }
    },
    {
      "type": "Feature",
      "geometry": {
        "type": "Point",
        "coordinates": [
          88.545403,
          22.310346
        ]
      },
      "properties": {
        "osm_id": 10601006595,
        "name": "Paruldaha",
        "place": "suburb"
      }
    },
    {
      "type": "Feature",
      "geometry": {
        "type": "Point",
        "coordinates": [
          88.5384115,
          22.278059
        ]
      },
      "properties": {
        "osm_id": 10601022509,
        "name": "Mautala",
        "place": "suburb"
      }
    },
    {
      "type": "Feature",
      "geometry": {
        "type": "Point",
        "coordinates": [
          88.5173747,
          22.2897173
        ]
      },
      "properties": {
        "osm_id": 10601022510,
        "name": "Nabagram",
        "place": "suburb"
      }
    },
    {
      "type": "Feature",
      "geometry": {
        "type": "Point",
        "coordinates": [
          88.452146,
          22.3354867
        ]
      },
      "properties": {
        "osm_id": 10601028592,
        "name": "Beliaghata",
        "place": "suburb"
      }
    },
    {
      "type": "Feature",
      "geometry": {
        "type": "Point",
        "coordinates": [
          88.4630277,
          22.3120949
        ]
      },
      "properties": {
        "osm_id": 10601031408,
        "name": "Chandkhali",
        "place": "suburb"
      }
    },
    {
      "type": "Feature",
      "geometry": {
        "type": "Point",
        "coordinates": [
          88.4611317,
          22.3253826
        ]
      },
      "properties": {
        "osm_id": 10601031944,
        "name": "Rana",
        "place": "suburb"
      }
    },
    {
      "type": "Feature",
      "geometry": {
        "type": "Point",
        "coordinates": [
          88.472781,
          22.3022453
        ]
      },
      "properties": {
        "osm_id": 10601041486,
        "name": "Alipur",
        "place": "suburb"
      }
    },
    {
      "type": "Feature",
      "geometry": {
        "type": "Point",
        "coordinates": [
          88.5092747,
          22.3100593
        ]
      },
      "properties": {
        "osm_id": 10601041613,
        "name": "Saidpur",
        "place": "suburb"
      }
    },
    {
      "type": "Feature",
      "geometry": {
        "type": "Point",
        "coordinates": [
          88.4645283,
          22.3070971
        ]
      },
      "properties": {
        "osm_id": 10601041615,
        "name": "Surjapur",
        "place": "suburb"
      }
    },
    {
      "type": "Feature",
      "geometry": {
        "type": "Point",
        "coordinates": [
          88.4759177,
          22.2833399
        ]
      },
      "properties": {
        "osm_id": 10601041672,
        "name": "Kumrakhali",
        "place": "suburb"
      }
    },
    {
      "type": "Feature",
      "geometry": {
        "type": "Point",
        "coordinates": [
          88.4775397,
          22.3095796
        ]
      },
      "properties": {
        "osm_id": 10601048929,
        "name": "Serpur",
        "place": "suburb"
      }
    },
    {
      "type": "Feature",
      "geometry": {
        "type": "Point",
        "coordinates": [
          88.469922,
          22.2933128
        ]
      },
      "properties": {
        "osm_id": 10601065312,
        "name": "Nachangachha",
        "place": "suburb"
      }
    },
    {
      "type": "Feature",
      "geometry": {
        "type": "Point",
        "coordinates": [
          88.4840824,
          22.3039219
        ]
      },
      "properties": {
        "osm_id": 10601070547,
        "name": "Purushottampur",
        "place": "suburb"
      }
    },
    {
      "type": "Feature",
      "geometry": {
        "type": "Point",
        "coordinates": [
          88.4858077,
          22.3109932
        ]
      },
      "properties": {
        "osm_id": 10601071286,
        "name": "Paschim Mallikpur",
        "place": "suburb"
      }
    },
    {
      "type": "Feature",
      "geometry": {
        "type": "Point",
        "coordinates": [
          88.3872922,
          22.3411128
        ]
      },
      "properties": {
        "osm_id": 10601929678,
        "name": "Maheshpur",
        "place": "suburb"
      }
    },
    {
      "type": "Feature",
      "geometry": {
        "type": "Point",
        "coordinates": [
          88.5488983,
          22.3386981
        ]
      },
      "properties": {
        "osm_id": 10601932580,
        "name": "Chhani",
        "place": "suburb"
      }
    },
    {
      "type": "Feature",
      "geometry": {
        "type": "Point",
        "coordinates": [
          88.5333634,
          22.3416162
        ]
      },
      "properties": {
        "osm_id": 10601935201,
        "name": "Kalabaru",
        "place": "suburb"
      }
    },
    {
      "type": "Feature",
      "geometry": {
        "type": "Point",
        "coordinates": [
          88.4051334,
          22.3663027
        ]
      },
      "properties": {
        "osm_id": 10601935401,
        "name": "Dhopagachhi",
        "place": "suburb"
      }
    },
    {
      "type": "Feature",
      "geometry": {
        "type": "Point",
        "coordinates": [
          88.5581207,
          22.3295802
        ]
      },
      "properties": {
        "osm_id": 10601941460,
        "name": "Bolbamni",
        "place": "suburb"
      }
    },
    {
      "type": "Feature",
      "geometry": {
        "type": "Point",
        "coordinates": [
          88.5557167,
          22.3428004
        ]
      },
      "properties": {
        "osm_id": 10601942358,
        "name": "Kuruli",
        "place": "suburb"
      }
    },
    {
      "type": "Feature",
      "geometry": {
        "type": "Point",
        "coordinates": [
          88.563293,
          22.3506324
        ]
      },
      "properties": {
        "osm_id": 10601951433,
        "name": "Hardaha",
        "place": "suburb"
      }
    },
    {
      "type": "Feature",
      "geometry": {
        "type": "Point",
        "coordinates": [
          88.5488403,
          22.3537045
        ]
      },
      "properties": {
        "osm_id": 10601953217,
        "name": "Joykrishna Nagar",
        "place": "suburb"
      }
    },
    {
      "type": "Feature",
      "geometry": {
        "type": "Point",
        "coordinates": [
          88.4570717,
          22.3972458
        ]
      },
      "properties": {
        "osm_id": 10601959216,
        "name": "Akna Mirzzapur",
        "place": "suburb"
      }
    },
    {
      "type": "Feature",
      "geometry": {
        "type": "Point",
        "coordinates": [
          88.4213474,
          22.3779756
        ]
      },
      "properties": {
        "osm_id": 10601959230,
        "name": "Khasmallik",
        "place": "suburb"
      }
    },
    {
      "type": "Feature",
      "geometry": {
        "type": "Point",
        "coordinates": [
          88.531349,
          22.3512779
        ]
      },
      "properties": {
        "osm_id": 10601960206,
        "name": "Tengar Baria",
        "place": "suburb"
      }
    },
    {
      "type": "Feature",
      "geometry": {
        "type": "Point",
        "coordinates": [
          88.442982,
          22.3790978
        ]
      },
      "properties": {
        "osm_id": 10601961764,
        "name": "Beralia",
        "place": "suburb"
      }
    },
    {
      "type": "Feature",
      "geometry": {
        "type": "Point",
        "coordinates": [
          88.4282417,
          22.3823395
        ]
      },
      "properties": {
        "osm_id": 10601964951,
        "name": "Dehimedan Malla",
        "place": "suburb"
      }
    },
    {
      "type": "Feature",
      "geometry": {
        "type": "Point",
        "coordinates": [
          88.414386,
          22.3792466
        ]
      },
      "properties": {
        "osm_id": 10601966729,
        "name": "Baikunthapur",
        "place": "suburb"
      }
    },
    {
      "type": "Feature",
      "geometry": {
        "type": "Point",
        "coordinates": [
          88.4098206,
          22.3511984
        ]
      },
      "properties": {
        "osm_id": 10601967584,
        "name": "Nihata",
        "place": "suburb"
      }
    },
    {
      "type": "Feature",
      "geometry": {
        "type": "Point",
        "coordinates": [
          88.4205176,
          22.3679348
        ]
      },
      "properties": {
        "osm_id": 10601967585,
        "name": "Purandarpur",
        "place": "suburb"
      }
    },
    {
      "type": "Feature",
      "geometry": {
        "type": "Point",
        "coordinates": [
          88.3938367,
          22.3507937
        ]
      },
      "properties": {
        "osm_id": 10601972859,
        "name": "Chandipur",
        "place": "suburb"
      }
    },
    {
      "type": "Feature",
      "geometry": {
        "type": "Point",
        "coordinates": [
          88.4130799,
          22.3732309
        ]
      },
      "properties": {
        "osm_id": 10601977419,
        "name": "Biraldham Nagar",
        "place": "suburb"
      }
    },
    {
      "type": "Feature",
      "geometry": {
        "type": "Point",
        "coordinates": [
          88.3994477,
          22.3568131
        ]
      },
      "properties": {
        "osm_id": 10601979514,
        "name": "Chakar Bar",
        "place": "suburb"
      }
    },
    {
      "type": "Feature",
      "geometry": {
        "type": "Point",
        "coordinates": [
          88.3944713,
          22.3617747
        ]
      },
      "properties": {
        "osm_id": 10601981428,
        "name": "Chak Alalpur",
        "place": "suburb"
      }
    },
    {
      "type": "Feature",
      "geometry": {
        "type": "Point",
        "coordinates": [
          88.3884146,
          22.3633347
        ]
      },
      "properties": {
        "osm_id": 10601988233,
        "name": "Jagadishpur",
        "place": "suburb"
      }
    },
    {
      "type": "Feature",
      "geometry": {
        "type": "Point",
        "coordinates": [
          88.3952327,
          22.344996
        ]
      },
      "properties": {
        "osm_id": 10601995513,
        "name": "Malayapur",
        "place": "suburb"
      }
    },
    {
      "type": "Feature",
      "geometry": {
        "type": "Point",
        "coordinates": [
          88.3821791,
          22.3608435
        ]
      },
      "properties": {
        "osm_id": 10602062249,
        "name": "Tangtala",
        "place": "suburb"
      }
    },
    {
      "type": "Feature",
      "geometry": {
        "type": "Point",
        "coordinates": [
          88.4146123,
          22.3671354
        ]
      },
      "properties": {
        "osm_id": 10602064212,
        "name": "Uttar Kalyanpur",
        "place": "suburb"
      }
    },
    {
      "type": "Feature",
      "geometry": {
        "type": "Point",
        "coordinates": [
          88.419201,
          22.3566726
        ]
      },
      "properties": {
        "osm_id": 10602095489,
        "name": "Dakshin Kalyanpur",
        "place": "suburb"
      }
    },
    {
      "type": "Feature",
      "geometry": {
        "type": "Point",
        "coordinates": [
          88.41022,
          22.3598158
        ]
      },
      "properties": {
        "osm_id": 10602115508,
        "name": "Madhya Kalyanpur",
        "place": "suburb"
      }
    },
    {
      "type": "Feature",
      "geometry": {
        "type": "Point",
        "coordinates": [
          88.4177434,
          22.348775
        ]
      },
      "properties": {
        "osm_id": 10602117529,
        "name": "San Pukuria",
        "place": "suburb"
      }
    },
    {
      "type": "Feature",
      "geometry": {
        "type": "Point",
        "coordinates": [
          88.422077,
          22.3437947
        ]
      },
      "properties": {
        "osm_id": 10602118629,
        "name": "Paschim Madhabpur",
        "place": "suburb"
      }
    },
    {
      "type": "Feature",
      "geometry": {
        "type": "Point",
        "coordinates": [
          88.4488646,
          22.3993881
        ]
      },
      "properties": {
        "osm_id": 10603697870,
        "name": "Shrirampur",
        "place": "suburb"
      }
    },
    {
      "type": "Feature",
      "geometry": {
        "type": "Point",
        "coordinates": [
          88.442571,
          22.3842944
        ]
      },
      "properties": {
        "osm_id": 10603744190,
        "name": "Sultanpur",
        "place": "suburb"
      }
    },
    {
      "type": "Feature",
      "geometry": {
        "type": "Point",
        "coordinates": [
          88.451721,
          22.3862052
        ]
      },
      "properties": {
        "osm_id": 10603768740,
        "name": "Kholapota",
        "place": "suburb"
      }
    },
    {
      "type": "Feature",
      "geometry": {
        "type": "Point",
        "coordinates": [
          88.4427897,
          22.4003057
        ]
      },
      "properties": {
        "osm_id": 10603768944,
        "name": "Faridpur",
        "place": "suburb"
      }
    },
    {
      "type": "Feature",
      "geometry": {
        "type": "Point",
        "coordinates": [
          88.4597947,
          22.4143476
        ]
      },
      "properties": {
        "osm_id": 10603781761,
        "name": "Auliapur",
        "place": "suburb"
      }
    },
    {
      "type": "Feature",
      "geometry": {
        "type": "Point",
        "coordinates": [
          88.4443544,
          22.3931144
        ]
      },
      "properties": {
        "osm_id": 10603783233,
        "name": "Ganespur",
        "place": "suburb"
      }
    },
    {
      "type": "Feature",
      "geometry": {
        "type": "Point",
        "coordinates": [
          88.4508434,
          22.378336
        ]
      },
      "properties": {
        "osm_id": 10603784680,
        "name": "Kapindapur",
        "place": "suburb"
      }
    },
    {
      "type": "Feature",
      "geometry": {
        "type": "Point",
        "coordinates": [
          88.4648811,
          22.2791751
        ]
      },
      "properties": {
        "osm_id": 10603793131,
        "name": "Panch Gachhia",
        "place": "suburb"
      }
    },
    {
      "type": "Feature",
      "geometry": {
        "type": "Point",
        "coordinates": [
          88.4660816,
          22.3714553
        ]
      },
      "properties": {
        "osm_id": 10603813370,
        "name": "Atghara",
        "place": "suburb"
      }
    },
    {
      "type": "Feature",
      "geometry": {
        "type": "Point",
        "coordinates": [
          88.456806,
          22.3794938
        ]
      },
      "properties": {
        "osm_id": 10603830376,
        "name": "Madhubanpur",
        "place": "suburb"
      }
    },
    {
      "type": "Feature",
      "geometry": {
        "type": "Point",
        "coordinates": [
          88.4657207,
          22.2889356
        ]
      },
      "properties": {
        "osm_id": 10603834924,
        "name": "Keatala",
        "place": "suburb"
      }
    },
    {
      "type": "Feature",
      "geometry": {
        "type": "Point",
        "coordinates": [
          88.4595723,
          22.3870388
        ]
      },
      "properties": {
        "osm_id": 10603836528,
        "name": "Bhurkul",
        "place": "suburb"
      }
    },
    {
      "type": "Feature",
      "geometry": {
        "type": "Point",
        "coordinates": [
          88.5061364,
          22.2891876
        ]
      },
      "properties": {
        "osm_id": 10603836780,
        "name": "Beledahari",
        "place": "suburb"
      }
    },
    {
      "type": "Feature",
      "geometry": {
        "type": "Point",
        "coordinates": [
          88.4406857,
          22.368486
        ]
      },
      "properties": {
        "osm_id": 10603842242,
        "name": "Subuddhipur",
        "place": "suburb"
      }
    },
    {
      "type": "Feature",
      "geometry": {
        "type": "Point",
        "coordinates": [
          88.4648537,
          22.3809001
        ]
      },
      "properties": {
        "osm_id": 10603844370,
        "name": "Tagar Baria",
        "place": "suburb"
      }
    },
    {
      "type": "Feature",
      "geometry": {
        "type": "Point",
        "coordinates": [
          88.5308594,
          22.2817397
        ]
      },
      "properties": {
        "osm_id": 10603846099,
        "name": "Gordaha",
        "place": "suburb"
      }
    },
    {
      "type": "Feature",
      "geometry": {
        "type": "Point",
        "coordinates": [
          88.4975117,
          22.2872811
        ]
      },
      "properties": {
        "osm_id": 10603852324,
        "name": "Teurhat",
        "place": "suburb"
      }
    },
    {
      "type": "Feature",
      "geometry": {
        "type": "Point",
        "coordinates": [
          88.481182,
          22.2937638
        ]
      },
      "properties": {
        "osm_id": 10603857178,
        "name": "Bhatpoa",
        "place": "suburb"
      }
    },
    {
      "type": "Feature",
      "geometry": {
        "type": "Point",
        "coordinates": [
          88.485636,
          22.278676
        ]
      },
      "properties": {
        "osm_id": 10603857753,
        "name": "Ramchandrapur",
        "place": "suburb"
      }
    },
    {
      "type": "Feature",
      "geometry": {
        "type": "Point",
        "coordinates": [
          88.5230283,
          22.2713693
        ]
      },
      "properties": {
        "osm_id": 10603873705,
        "name": "Kharam Para",
        "place": "suburb"
      }
    },
    {
      "type": "Feature",
      "geometry": {
        "type": "Point",
        "coordinates": [
          88.4766264,
          22.3928716
        ]
      },
      "properties": {
        "osm_id": 10603883033,
        "name": "Ghoshpur Baora",
        "place": "suburb"
      }
    },
    {
      "type": "Feature",
      "geometry": {
        "type": "Point",
        "coordinates": [
          88.4715927,
          22.4106694
        ]
      },
      "properties": {
        "osm_id": 10603887175,
        "name": "Bhanta",
        "place": "suburb"
      }
    },
    {
      "type": "Feature",
      "geometry": {
        "type": "Point",
        "coordinates": [
          88.472021,
          22.385015
        ]
      },
      "properties": {
        "osm_id": 10603889070,
        "name": "Malanga",
        "place": "suburb"
      }
    },
    {
      "type": "Feature",
      "geometry": {
        "type": "Point",
        "coordinates": [
          88.4683692,
          22.4166738
        ]
      },
      "properties": {
        "osm_id": 10603889071,
        "name": "Jamalhati",
        "place": "suburb"
      }
    },
    {
      "type": "Feature",
      "geometry": {
        "type": "Point",
        "coordinates": [
          88.4808113,
          22.406466
        ]
      },
      "properties": {
        "osm_id": 10603912431,
        "name": "Kharupatalia",
        "place": "suburb"
      }
    },
    {
      "type": "Feature",
      "geometry": {
        "type": "Point",
        "coordinates": [
          88.4687823,
          22.3927981
        ]
      },
      "properties": {
        "osm_id": 10603921812,
        "name": "Tegachhi Mamudpur",
        "place": "suburb"
      }
    },
    {
      "type": "Feature",
      "geometry": {
        "type": "Point",
        "coordinates": [
          88.477318,
          22.3601869
        ]
      },
      "properties": {
        "osm_id": 10604646062,
        "name": "Bejeorancha",
        "place": "suburb"
      }
    },
    {
      "type": "Feature",
      "geometry": {
        "type": "Point",
        "coordinates": [
          88.4148339,
          22.3204972
        ]
      },
      "properties": {
        "osm_id": 10605441755,
        "name": "Indrapala",
        "place": "suburb"
      }
    },
    {
      "type": "Feature",
      "geometry": {
        "type": "Point",
        "coordinates": [
          88.3966479,
          22.3289486
        ]
      },
      "properties": {
        "osm_id": 10605448381,
        "name": "Bagdaha",
        "place": "suburb"
      }
    },
    {
      "type": "Feature",
      "geometry": {
        "type": "Point",
        "coordinates": [
          88.4596556,
          22.3018631
        ]
      },
      "properties": {
        "osm_id": 10605451600,
        "name": "Teka",
        "place": "suburb"
      }
    },
    {
      "type": "Feature",
      "geometry": {
        "type": "Point",
        "coordinates": [
          88.4355287,
          22.2842978
        ]
      },
      "properties": {
        "osm_id": 10605456647,
        "name": "Keshabpur",
        "place": "suburb"
      }
    },
    {
      "type": "Feature",
      "geometry": {
        "type": "Point",
        "coordinates": [
          88.4318297,
          22.3250981
        ]
      },
      "properties": {
        "osm_id": 10605459256,
        "name": "Sikhar Bali",
        "place": "suburb"
      }
    },
    {
      "type": "Feature",
      "geometry": {
        "type": "Point",
        "coordinates": [
          88.4386916,
          22.3046919
        ]
      },
      "properties": {
        "osm_id": 10605472156,
        "name": "Khanpur",
        "place": "suburb"
      }
    },
    {
      "type": "Feature",
      "geometry": {
        "type": "Point",
        "coordinates": [
          88.4573693,
          22.2914314
        ]
      },
      "properties": {
        "osm_id": 10605472157,
        "name": "Balbalia",
        "place": "suburb"
      }
    },
    {
      "type": "Feature",
      "geometry": {
        "type": "Point",
        "coordinates": [
          88.4211134,
          22.3041634
        ]
      },
      "properties": {
        "osm_id": 10605473667,
        "name": "Kanthal Beria",
        "place": "suburb"
      }
    },
    {
      "type": "Feature",
      "geometry": {
        "type": "Point",
        "coordinates": [
          88.4535573,
          22.288355
        ]
      },
      "properties": {
        "osm_id": 10605473725,
        "name": "Durga",
        "place": "suburb"
      }
    },
    {
      "type": "Feature",
      "geometry": {
        "type": "Point",
        "coordinates": [
          88.4548914,
          22.3079968
        ]
      },
      "properties": {
        "osm_id": 10605478572,
        "name": "Alampur",
        "place": "suburb"
      }
    },
    {
      "type": "Feature",
      "geometry": {
        "type": "Point",
        "coordinates": [
          88.4272103,
          22.3138203
        ]
      },
      "properties": {
        "osm_id": 10605478717,
        "name": "Tular Bada",
        "place": "suburb"
      }
    },
    {
      "type": "Feature",
      "geometry": {
        "type": "Point",
        "coordinates": [
          88.424563,
          22.3362763
        ]
      },
      "properties": {
        "osm_id": 10605478831,
        "name": "Tripura Nagar",
        "place": "suburb"
      }
    },
    {
      "type": "Feature",
      "geometry": {
        "type": "Point",
        "coordinates": [
          88.482113,
          22.3553196
        ]
      },
      "properties": {
        "osm_id": 10605479579,
        "name": "Chitrasali",
        "place": "suburb"
      }
    },
    {
      "type": "Feature",
      "geometry": {
        "type": "Point",
        "coordinates": [
          88.461868,
          22.3436344
        ]
      },
      "properties": {
        "osm_id": 10605481765,
        "name": "Dudhnai",
        "place": "suburb"
      }
    },
    {
      "type": "Feature",
      "geometry": {
        "type": "Point",
        "coordinates": [
          88.4460047,
          22.3021389
        ]
      },
      "properties": {
        "osm_id": 10605482067,
        "name": "Ratanpur",
        "place": "suburb"
      }
    },
    {
      "type": "Feature",
      "geometry": {
        "type": "Point",
        "coordinates": [
          88.4404097,
          22.2782685
        ]
      },
      "properties": {
        "osm_id": 10605482349,
        "name": "Gangaduara",
        "place": "suburb"
      }
    },
    {
      "type": "Feature",
      "geometry": {
        "type": "Point",
        "coordinates": [
          88.4639334,
          22.3313669
        ]
      },
      "properties": {
        "osm_id": 10605484117,
        "name": "Sankharipur",
        "place": "suburb"
      }
    },
    {
      "type": "Feature",
      "geometry": {
        "type": "Point",
        "coordinates": [
          88.469742,
          22.3495121
        ]
      },
      "properties": {
        "osm_id": 10605486120,
        "name": "Sitakundu",
        "place": "suburb"
      }
    },
    {
      "type": "Feature",
      "geometry": {
        "type": "Point",
        "coordinates": [
          88.4939593,
          22.3476244
        ]
      },
      "properties": {
        "osm_id": 10605488058,
        "name": "Uttar Bhag",
        "place": "suburb"
      }
    },
    {
      "type": "Feature",
      "geometry": {
        "type": "Point",
        "coordinates": [
          88.484719,
          22.3616063
        ]
      },
      "properties": {
        "osm_id": 10605488638,
        "name": "Phuldubi",
        "place": "suburb"
      }
    },
    {
      "type": "Feature",
      "geometry": {
        "type": "Point",
        "coordinates": [
          88.486999,
          22.3231769
        ]
      },
      "properties": {
        "osm_id": 10605490219,
        "name": "Ramnagar",
        "place": "suburb"
      }
    },
    {
      "type": "Feature",
      "geometry": {
        "type": "Point",
        "coordinates": [
          88.4445353,
          22.2958141
        ]
      },
      "properties": {
        "osm_id": 10605490220,
        "name": "Gazirhat",
        "place": "suburb"
      }
    },
    {
      "type": "Feature",
      "geometry": {
        "type": "Point",
        "coordinates": [
          88.433833,
          22.3400891
        ]
      },
      "properties": {
        "osm_id": 10605490555,
        "name": "Sasan",
        "place": "suburb"
      }
    },
    {
      "type": "Feature",
      "geometry": {
        "type": "Point",
        "coordinates": [
          88.436823,
          22.3150951
        ]
      },
      "properties": {
        "osm_id": 10605490615,
        "name": "Banbere",
        "place": "suburb"
      }
    },
    {
      "type": "Feature",
      "geometry": {
        "type": "Point",
        "coordinates": [
          88.4400923,
          22.3094126
        ]
      },
      "properties": {
        "osm_id": 10605490616,
        "name": "Mirpur",
        "place": "suburb"
      }
    },
    {
      "type": "Feature",
      "geometry": {
        "type": "Point",
        "coordinates": [
          88.4276797,
          22.2961443
        ]
      },
      "properties": {
        "osm_id": 10605492645,
        "name": "Dadpur",
        "place": "suburb"
      }
    },
    {
      "type": "Feature",
      "geometry": {
        "type": "Point",
        "coordinates": [
          88.444953,
          22.2872278
        ]
      },
      "properties": {
        "osm_id": 10605493429,
        "name": "Nor",
        "place": "suburb"
      }
    },
    {
      "type": "Feature",
      "geometry": {
        "type": "Point",
        "coordinates": [
          88.395783,
          22.3245016
        ]
      },
      "properties": {
        "osm_id": 10605498009,
        "name": "Dhanberia",
        "place": "suburb"
      }
    },
    {
      "type": "Feature",
      "geometry": {
        "type": "Point",
        "coordinates": [
          88.4486633,
          22.2831263
        ]
      },
      "properties": {
        "osm_id": 10605502467,
        "name": "Rajgara",
        "place": "suburb"
      }
    },
    {
      "type": "Feature",
      "geometry": {
        "type": "Point",
        "coordinates": [
          88.432766,
          22.3014874
        ]
      },
      "properties": {
        "osm_id": 10605504011,
        "name": "Sankarpur",
        "place": "suburb"
      }
    },
    {
      "type": "Feature",
      "geometry": {
        "type": "Point",
        "coordinates": [
          88.4463666,
          22.3275722
        ]
      },
      "properties": {
        "osm_id": 10605504418,
        "name": "Paschim Ramnagar",
        "place": "suburb"
      }
    },
    {
      "type": "Feature",
      "geometry": {
        "type": "Point",
        "coordinates": [
          88.4022623,
          22.3202702
        ]
      },
      "properties": {
        "osm_id": 10605504426,
        "name": "Chandanpukur",
        "place": "suburb"
      }
    },
    {
      "type": "Feature",
      "geometry": {
        "type": "Point",
        "coordinates": [
          88.406136,
          22.3333956
        ]
      },
      "properties": {
        "osm_id": 10605504968,
        "name": "Gopalpur",
        "place": "suburb"
      }
    },
    {
      "type": "Feature",
      "geometry": {
        "type": "Point",
        "coordinates": [
          88.3959337,
          22.3347551
        ]
      },
      "properties": {
        "osm_id": 10605511929,
        "name": "Sonagachhi",
        "place": "suburb"
      }
    },
    {
      "type": "Feature",
      "geometry": {
        "type": "Point",
        "coordinates": [
          88.416515,
          22.3307356
        ]
      },
      "properties": {
        "osm_id": 10605523538,
        "name": "Mamudpur",
        "place": "suburb"
      }
    },
    {
      "type": "Feature",
      "geometry": {
        "type": "Point",
        "coordinates": [
          88.4053627,
          22.3411879
        ]
      },
      "properties": {
        "osm_id": 10605524276,
        "name": "Kalikapur",
        "place": "suburb"
      }
    },
    {
      "type": "Feature",
      "geometry": {
        "type": "Point",
        "coordinates": [
          88.4157497,
          22.3402735
        ]
      },
      "properties": {
        "osm_id": 10605532472,
        "name": "Kundarali",
        "place": "suburb"
      }
    },
    {
      "type": "Feature",
      "geometry": {
        "type": "Point",
        "coordinates": [
          88.6168989,
          22.509659
        ]
      },
      "properties": {
        "osm_id": 10654257103,
        "name": "Gobindapur",
        "place": "suburb"
      }
    },
    {
      "type": "Feature",
      "geometry": {
        "type": "Point",
        "coordinates": [
          88.593969,
          22.507973
        ]
      },
      "properties": {
        "osm_id": 10654261063,
        "name": "Maricha",
        "place": "suburb"
      }
    },
    {
      "type": "Feature",
      "geometry": {
        "type": "Point",
        "coordinates": [
          88.6024169,
          22.509536
        ]
      },
      "properties": {
        "osm_id": 10654284298,
        "name": "Bhangar Raghunathpur",
        "place": "suburb"
      }
    },
    {
      "type": "Feature",
      "geometry": {
        "type": "Point",
        "coordinates": [
          88.1622407,
          22.3977365
        ]
      },
      "properties": {
        "osm_id": 10654514490,
        "name": "Dongaria",
        "place": "suburb"
      }
    },
    {
      "type": "Feature",
      "geometry": {
        "type": "Point",
        "coordinates": [
          88.2485501,
          22.3809689
        ]
      },
      "properties": {
        "osm_id": 10655637886,
        "name": "Kanyanagar",
        "place": "suburb"
      }
    },
    {
      "type": "Feature",
      "geometry": {
        "type": "Point",
        "coordinates": [
          88.306922,
          22.4352191
        ]
      },
      "properties": {
        "osm_id": 10655734968,
        "name": "Daulatpur",
        "place": "suburb"
      }
    },
    {
      "type": "Feature",
      "geometry": {
        "type": "Point",
        "coordinates": [
          88.2838258,
          22.4156101
        ]
      },
      "properties": {
        "osm_id": 10655736507,
        "name": "Bhasa",
        "place": "suburb"
      }
    },
    {
      "type": "Feature",
      "geometry": {
        "type": "Point",
        "coordinates": [
          88.2339448,
          22.4046522
        ]
      },
      "properties": {
        "osm_id": 10655738022,
        "name": "Nadabhanga",
        "place": "suburb"
      }
    },
    {
      "type": "Feature",
      "geometry": {
        "type": "Point",
        "coordinates": [
          88.2485548,
          22.4345968
        ]
      },
      "properties": {
        "osm_id": 10655768050,
        "name": "Nahazari",
        "place": "suburb"
      }
    },
    {
      "type": "Feature",
      "geometry": {
        "type": "Point",
        "coordinates": [
          88.2436904,
          22.3987951
        ]
      },
      "properties": {
        "osm_id": 10655772800,
        "name": "Kanganbaria",
        "place": "suburb"
      }
    },
    {
      "type": "Feature",
      "geometry": {
        "type": "Point",
        "coordinates": [
          88.2607138,
          22.3900397
        ]
      },
      "properties": {
        "osm_id": 10655774942,
        "name": "Bora Gagangohalia",
        "place": "suburb"
      }
    },
    {
      "type": "Feature",
      "geometry": {
        "type": "Point",
        "coordinates": [
          88.2339532,
          22.3808182
        ]
      },
      "properties": {
        "osm_id": 10655792398,
        "name": "Chanddandaha",
        "place": "suburb"
      }
    },
    {
      "type": "Feature",
      "geometry": {
        "type": "Point",
        "coordinates": [
          88.2777495,
          22.3668791
        ]
      },
      "properties": {
        "osm_id": 10657520176,
        "name": "Amtala",
        "place": "suburb"
      }
    },
    {
      "type": "Feature",
      "geometry": {
        "type": "Point",
        "coordinates": [
          88.2095948,
          22.3686306
        ]
      },
      "properties": {
        "osm_id": 10657536370,
        "name": "Patharberia",
        "place": "suburb"
      }
    },
    {
      "type": "Feature",
      "geometry": {
        "type": "Point",
        "coordinates": [
          88.2680159,
          22.3573448
        ]
      },
      "properties": {
        "osm_id": 10657570475,
        "name": "Kriparampur",
        "place": "suburb"
      }
    },
    {
      "type": "Feature",
      "geometry": {
        "type": "Point",
        "coordinates": [
          88.2582857,
          22.3572284
        ]
      },
      "properties": {
        "osm_id": 10657571023,
        "name": "Ramkrishnapur",
        "place": "suburb"
      }
    },
    {
      "type": "Feature",
      "geometry": {
        "type": "Point",
        "coordinates": [
          88.2941661,
          22.3717769
        ]
      },
      "properties": {
        "osm_id": 10657585267,
        "name": "Chak Enayetnagar",
        "place": "suburb"
      }
    },
    {
      "type": "Feature",
      "geometry": {
        "type": "Point",
        "coordinates": [
          88.2242101,
          22.4581719
        ]
      },
      "properties": {
        "osm_id": 10657586688,
        "name": "Rameswarpur",
        "place": "suburb"
      }
    },
    {
      "type": "Feature",
      "geometry": {
        "type": "Point",
        "coordinates": [
          88.2631551,
          22.4168789
        ]
      },
      "properties": {
        "osm_id": 10657589029,
        "name": "Samali",
        "place": "suburb"
      }
    },
    {
      "type": "Feature",
      "geometry": {
        "type": "Point",
        "coordinates": [
          88.2626904,
          22.4774753
        ]
      },
      "properties": {
        "osm_id": 10657590410,
        "name": "Chata Kalikapur",
        "place": "suburb"
      }
    },
    {
      "type": "Feature",
      "geometry": {
        "type": "Point",
        "coordinates": [
          88.2668106,
          22.4720274
        ]
      },
      "properties": {
        "osm_id": 10657608233,
        "name": "Ganye Gangadharpur",
        "place": "suburb"
      }
    },
    {
      "type": "Feature",
      "geometry": {
        "type": "Point",
        "coordinates": [
          88.2901876,
          22.4476412
        ]
      },
      "properties": {
        "osm_id": 10657619401,
        "name": "Hanspukuria",
        "place": "suburb"
      }
    },
    {
      "type": "Feature",
      "geometry": {
        "type": "Point",
        "coordinates": [
          88.2458952,
          22.452457
        ]
      },
      "properties": {
        "osm_id": 10657625731,
        "name": "Asuti",
        "place": "suburb"
      }
    },
    {
      "type": "Feature",
      "geometry": {
        "type": "Point",
        "coordinates": [
          88.3300029,
          22.4607788
        ]
      },
      "properties": {
        "osm_id": 10657633726,
        "name": "Ramchandrapur",
        "place": "suburb"
      }
    },
    {
      "type": "Feature",
      "geometry": {
        "type": "Point",
        "coordinates": [
          88.3124001,
          22.453898
        ]
      },
      "properties": {
        "osm_id": 10657635703,
        "name": "Kalua",
        "place": "suburb"
      }
    },
    {
      "type": "Feature",
      "geometry": {
        "type": "Point",
        "coordinates": [
          88.2501665,
          22.5060294
        ]
      },
      "properties": {
        "osm_id": 10657654652,
        "name": "Maheshtala",
        "place": "city",
        "population_tag": "448317"
      }
    },
    {
      "type": "Feature",
      "geometry": {
        "type": "Point",
        "coordinates": [
          88.1998502,
          22.4698118
        ]
      },
      "properties": {
        "osm_id": 10657674073,
        "name": "Uttar Raypur",
        "place": "suburb"
      }
    },
    {
      "type": "Feature",
      "geometry": {
        "type": "Point",
        "coordinates": [
          88.2141664,
          22.4769442
        ]
      },
      "properties": {
        "osm_id": 10657681982,
        "name": "Balarampur",
        "place": "suburb"
      }
    },
    {
      "type": "Feature",
      "geometry": {
        "type": "Point",
        "coordinates": [
          88.1852307,
          22.451779
        ]
      },
      "properties": {
        "osm_id": 10657793456,
        "name": "Buita",
        "place": "suburb"
      }
    },
    {
      "type": "Feature",
      "geometry": {
        "type": "Point",
        "coordinates": [
          88.1742623,
          22.4650574
        ]
      },
      "properties": {
        "osm_id": 10657801343,
        "name": "Benjanhari Acharial",
        "place": "suburb"
      }
    },
    {
      "type": "Feature",
      "geometry": {
        "type": "Point",
        "coordinates": [
          88.1559781,
          22.4216513
        ]
      },
      "properties": {
        "osm_id": 10657823128,
        "name": "Birlapur",
        "place": "suburb"
      }
    },
    {
      "type": "Feature",
      "geometry": {
        "type": "Point",
        "coordinates": [
          88.1730434,
          22.4605602
        ]
      },
      "properties": {
        "osm_id": 10657826777,
        "name": "Nischintapur",
        "place": "suburb"
      }
    },
    {
      "type": "Feature",
      "geometry": {
        "type": "Point",
        "coordinates": [
          88.1693867,
          22.4649984
        ]
      },
      "properties": {
        "osm_id": 10657832227,
        "name": "Abhirampur",
        "place": "suburb"
      }
    },
    {
      "type": "Feature",
      "geometry": {
        "type": "Point",
        "coordinates": [
          88.1645112,
          22.4262198
        ]
      },
      "properties": {
        "osm_id": 10657859649,
        "name": "Chak Kashipur",
        "place": "suburb"
      }
    },
    {
      "type": "Feature",
      "geometry": {
        "type": "Point",
        "coordinates": [
          88.1852301,
          22.4041144
        ]
      },
      "properties": {
        "osm_id": 10657863580,
        "name": "Bowali",
        "place": "suburb"
      }
    },
    {
      "type": "Feature",
      "geometry": {
        "type": "Point",
        "coordinates": [
          88.1657328,
          22.4158045
        ]
      },
      "properties": {
        "osm_id": 10657869331,
        "name": "Chak Alampur",
        "place": "suburb"
      }
    },
    {
      "type": "Feature",
      "geometry": {
        "type": "Point",
        "coordinates": [
          88.1511009,
          22.4037259
        ]
      },
      "properties": {
        "osm_id": 10657885552,
        "name": "Dakshin Raypur",
        "place": "suburb"
      }
    },
    {
      "type": "Feature",
      "geometry": {
        "type": "Point",
        "coordinates": [
          88.1475435,
          22.3815498
        ]
      },
      "properties": {
        "osm_id": 10657896838,
        "name": "Poali",
        "place": "suburb"
      }
    },
    {
      "type": "Feature",
      "geometry": {
        "type": "Point",
        "coordinates": [
          88.6294573,
          22.4534409
        ]
      },
      "properties": {
        "osm_id": 10660976224,
        "name": "Kanjdia",
        "place": "suburb"
      }
    },
    {
      "type": "Feature",
      "geometry": {
        "type": "Point",
        "coordinates": [
          88.5595794,
          22.4546048
        ]
      },
      "properties": {
        "osm_id": 10660976297,
        "name": "Karunarhati",
        "place": "suburb"
      }
    },
    {
      "type": "Feature",
      "geometry": {
        "type": "Point",
        "coordinates": [
          88.6027647,
          22.4492274
        ]
      },
      "properties": {
        "osm_id": 10660995821,
        "name": "Dakshin Narikel Beria",
        "place": "suburb"
      }
    },
    {
      "type": "Feature",
      "geometry": {
        "type": "Point",
        "coordinates": [
          88.626968,
          22.4907596
        ]
      },
      "properties": {
        "osm_id": 10661005240,
        "name": "Chandpur",
        "place": "suburb"
      }
    },
    {
      "type": "Feature",
      "geometry": {
        "type": "Point",
        "coordinates": [
          88.6055193,
          22.4627101
        ]
      },
      "properties": {
        "osm_id": 10661016476,
        "name": "Erenda",
        "place": "suburb"
      }
    },
    {
      "type": "Feature",
      "geometry": {
        "type": "Point",
        "coordinates": [
          88.608027,
          22.4529305
        ]
      },
      "properties": {
        "osm_id": 10661022113,
        "name": "Noapara",
        "place": "suburb"
      }
    },
    {
      "type": "Feature",
      "geometry": {
        "type": "Point",
        "coordinates": [
          88.6152717,
          22.4445774
        ]
      },
      "properties": {
        "osm_id": 10661024809,
        "name": "Bodra",
        "place": "suburb"
      }
    },
    {
      "type": "Feature",
      "geometry": {
        "type": "Point",
        "coordinates": [
          88.5762553,
          22.4389476
        ]
      },
      "properties": {
        "osm_id": 10661027515,
        "name": "Chandaneswar",
        "place": "suburb"
      }
    },
    {
      "type": "Feature",
      "geometry": {
        "type": "Point",
        "coordinates": [
          88.6336414,
          22.4569975
        ]
      },
      "properties": {
        "osm_id": 10661028490,
        "name": "Gokulpur",
        "place": "suburb"
      }
    },
    {
      "type": "Feature",
      "geometry": {
        "type": "Point",
        "coordinates": [
          88.6195377,
          22.46529
        ]
      },
      "properties": {
        "osm_id": 10661039838,
        "name": "Naora",
        "place": "suburb"
      }
    },
    {
      "type": "Feature",
      "geometry": {
        "type": "Point",
        "coordinates": [
          88.636236,
          22.4655055
        ]
      },
      "properties": {
        "osm_id": 10661041561,
        "name": "Pita Simulia",
        "place": "suburb"
      }
    },
    {
      "type": "Feature",
      "geometry": {
        "type": "Point",
        "coordinates": [
          88.6324344,
          22.4762251
        ]
      },
      "properties": {
        "osm_id": 10661043016,
        "name": "Khar Gachhi",
        "place": "suburb"
      }
    },
    {
      "type": "Feature",
      "geometry": {
        "type": "Point",
        "coordinates": [
          88.6423256,
          22.4935158
        ]
      },
      "properties": {
        "osm_id": 10661047021,
        "name": "Santra",
        "place": "suburb"
      }
    },
    {
      "type": "Feature",
      "geometry": {
        "type": "Point",
        "coordinates": [
          88.5492823,
          22.4196931
        ]
      },
      "properties": {
        "osm_id": 10661047073,
        "name": "Satbaria",
        "place": "suburb"
      }
    },
    {
      "type": "Feature",
      "geometry": {
        "type": "Point",
        "coordinates": [
          88.631241,
          22.4857387
        ]
      },
      "properties": {
        "osm_id": 10661052508,
        "name": "Srirampur",
        "place": "suburb"
      }
    },
    {
      "type": "Feature",
      "geometry": {
        "type": "Point",
        "coordinates": [
          88.572066,
          22.4284272
        ]
      },
      "properties": {
        "osm_id": 10661063548,
        "name": "Kashinathpur",
        "place": "suburb"
      }
    },
    {
      "type": "Feature",
      "geometry": {
        "type": "Point",
        "coordinates": [
          88.559973,
          22.4406726
        ]
      },
      "properties": {
        "osm_id": 10661066309,
        "name": "Dakshin Kasipur",
        "place": "suburb"
      }
    },
    {
      "type": "Feature",
      "geometry": {
        "type": "Point",
        "coordinates": [
          88.5674573,
          22.4451048
        ]
      },
      "properties": {
        "osm_id": 10661066310,
        "name": "Dharmatala",
        "place": "suburb"
      }
    },
    {
      "type": "Feature",
      "geometry": {
        "type": "Point",
        "coordinates": [
          88.5359503,
          22.4536595
        ]
      },
      "properties": {
        "osm_id": 10661066331,
        "name": "Kashia Danga",
        "place": "suburb"
      }
    },
    {
      "type": "Feature",
      "geometry": {
        "type": "Point",
        "coordinates": [
          88.558022,
          22.4275441
        ]
      },
      "properties": {
        "osm_id": 10661071815,
        "name": "Jalalabad",
        "place": "suburb"
      }
    },
    {
      "type": "Feature",
      "geometry": {
        "type": "Point",
        "coordinates": [
          88.537862,
          22.4377284
        ]
      },
      "properties": {
        "osm_id": 10661083765,
        "name": "Sundia",
        "place": "suburb"
      }
    },
    {
      "type": "Feature",
      "geometry": {
        "type": "Point",
        "coordinates": [
          88.5389229,
          22.4445193
        ]
      },
      "properties": {
        "osm_id": 10661089359,
        "name": "Kamar Hati",
        "place": "suburb"
      }
    },
    {
      "type": "Feature",
      "geometry": {
        "type": "Point",
        "coordinates": [
          88.548827,
          22.4479057
        ]
      },
      "properties": {
        "osm_id": 10661089561,
        "name": "Dari Madhabpur",
        "place": "suburb"
      }
    },
    {
      "type": "Feature",
      "geometry": {
        "type": "Point",
        "coordinates": [
          88.587572,
          22.4088677
        ]
      },
      "properties": {
        "osm_id": 10661089693,
        "name": "Bakri",
        "place": "suburb"
      }
    },
    {
      "type": "Feature",
      "geometry": {
        "type": "Point",
        "coordinates": [
          88.5313169,
          22.4428902
        ]
      },
      "properties": {
        "osm_id": 10661093533,
        "name": "Kasinagar",
        "place": "suburb"
      }
    },
    {
      "type": "Feature",
      "geometry": {
        "type": "Point",
        "coordinates": [
          88.5372333,
          22.4652268
        ]
      },
      "properties": {
        "osm_id": 10661094187,
        "name": "Taldighi",
        "place": "suburb"
      }
    },
    {
      "type": "Feature",
      "geometry": {
        "type": "Point",
        "coordinates": [
          88.5260087,
          22.4460591
        ]
      },
      "properties": {
        "osm_id": 10661094188,
        "name": "Mahes Pukuria",
        "place": "suburb"
      }
    },
    {
      "type": "Feature",
      "geometry": {
        "type": "Point",
        "coordinates": [
          88.5394456,
          22.4767313
        ]
      },
      "properties": {
        "osm_id": 10661100440,
        "name": "Hogaldara",
        "place": "suburb"
      }
    },
    {
      "type": "Feature",
      "geometry": {
        "type": "Point",
        "coordinates": [
          88.5432056,
          22.4671485
        ]
      },
      "properties": {
        "osm_id": 10661111343,
        "name": "Madhabpur",
        "place": "suburb"
      }
    },
    {
      "type": "Feature",
      "geometry": {
        "type": "Point",
        "coordinates": [
          88.588564,
          22.4697692
        ]
      },
      "properties": {
        "osm_id": 10661118686,
        "name": "Balipur",
        "place": "suburb"
      }
    },
    {
      "type": "Feature",
      "geometry": {
        "type": "Point",
        "coordinates": [
          88.5907843,
          22.4344513
        ]
      },
      "properties": {
        "osm_id": 10661129032,
        "name": "Sondalia",
        "place": "suburb"
      }
    },
    {
      "type": "Feature",
      "geometry": {
        "type": "Point",
        "coordinates": [
          88.5747416,
          22.4150268
        ]
      },
      "properties": {
        "osm_id": 10661133612,
        "name": "Mathurapur",
        "place": "suburb"
      }
    },
    {
      "type": "Feature",
      "geometry": {
        "type": "Point",
        "coordinates": [
          88.6050556,
          22.4316325
        ]
      },
      "properties": {
        "osm_id": 10661133614,
        "name": "Badi",
        "place": "suburb"
      }
    },
    {
      "type": "Feature",
      "geometry": {
        "type": "Point",
        "coordinates": [
          88.5901039,
          22.4468352
        ]
      },
      "properties": {
        "osm_id": 10661140035,
        "name": "Situri",
        "place": "suburb"
      }
    },
    {
      "type": "Feature",
      "geometry": {
        "type": "Point",
        "coordinates": [
          88.5797513,
          22.4465425
        ]
      },
      "properties": {
        "osm_id": 10661155311,
        "name": "Bausahar",
        "place": "suburb"
      }
    },
    {
      "type": "Feature",
      "geometry": {
        "type": "Point",
        "coordinates": [
          88.568975,
          22.4602103
        ]
      },
      "properties": {
        "osm_id": 10661155460,
        "name": "Bangoda",
        "place": "suburb"
      }
    },
    {
      "type": "Feature",
      "geometry": {
        "type": "Point",
        "coordinates": [
          88.5794727,
          22.4571959
        ]
      },
      "properties": {
        "osm_id": 10661157674,
        "name": "Bazarati",
        "place": "suburb"
      }
    },
    {
      "type": "Feature",
      "geometry": {
        "type": "Point",
        "coordinates": [
          88.57827,
          22.4724319
        ]
      },
      "properties": {
        "osm_id": 10661171175,
        "name": "Chak Bhika",
        "place": "suburb"
      }
    },
    {
      "type": "Feature",
      "geometry": {
        "type": "Point",
        "coordinates": [
          88.619291,
          22.4348674
        ]
      },
      "properties": {
        "osm_id": 10661171533,
        "name": "Harispur",
        "place": "suburb"
      }
    },
    {
      "type": "Feature",
      "geometry": {
        "type": "Point",
        "coordinates": [
          88.586376,
          22.4547168
        ]
      },
      "properties": {
        "osm_id": 10661172679,
        "name": "Jhungri",
        "place": "suburb"
      }
    },
    {
      "type": "Feature",
      "geometry": {
        "type": "Point",
        "coordinates": [
          88.5781963,
          22.4014684
        ]
      },
      "properties": {
        "osm_id": 10661177166,
        "name": "Bhandarkura",
        "place": "suburb"
      }
    },
    {
      "type": "Feature",
      "geometry": {
        "type": "Point",
        "coordinates": [
          88.5972125,
          22.4334813
        ]
      },
      "properties": {
        "osm_id": 10661180442,
        "name": "Binarat",
        "place": "suburb"
      }
    },
    {
      "type": "Feature",
      "geometry": {
        "type": "Point",
        "coordinates": [
          88.5892946,
          22.4176183
        ]
      },
      "properties": {
        "osm_id": 10661186931,
        "name": "Durgapur",
        "place": "suburb"
      }
    },
    {
      "type": "Feature",
      "geometry": {
        "type": "Point",
        "coordinates": [
          88.5591159,
          22.504948
        ]
      },
      "properties": {
        "osm_id": 10661189641,
        "name": "Ghunimeghi",
        "place": "suburb"
      }
    },
    {
      "type": "Feature",
      "geometry": {
        "type": "Point",
        "coordinates": [
          88.5818801,
          22.4236504
        ]
      },
      "properties": {
        "osm_id": 10661189759,
        "name": "Dakshin Rajapur",
        "place": "suburb"
      }
    },
    {
      "type": "Feature",
      "geometry": {
        "type": "Point",
        "coordinates": [
          88.646593,
          22.5233824
        ]
      },
      "properties": {
        "osm_id": 10661189962,
        "name": "Barjuli",
        "place": "suburb"
      }
    },
    {
      "type": "Feature",
      "geometry": {
        "type": "Point",
        "coordinates": [
          88.5632369,
          22.406201
        ]
      },
      "properties": {
        "osm_id": 10661191009,
        "name": "Garanbaria",
        "place": "suburb"
      }
    },
    {
      "type": "Feature",
      "geometry": {
        "type": "Point",
        "coordinates": [
          88.595554,
          22.4261369
        ]
      },
      "properties": {
        "osm_id": 10661201663,
        "name": "Dakshin Kathalia",
        "place": "suburb"
      }
    },
    {
      "type": "Feature",
      "geometry": {
        "type": "Point",
        "coordinates": [
          88.6431136,
          22.5108553
        ]
      },
      "properties": {
        "osm_id": 10661201664,
        "name": "Chandipur",
        "place": "suburb"
      }
    },
    {
      "type": "Feature",
      "geometry": {
        "type": "Point",
        "coordinates": [
          88.5707977,
          22.4756176
        ]
      },
      "properties": {
        "osm_id": 10661204369,
        "name": "Dara",
        "place": "suburb"
      }
    },
    {
      "type": "Feature",
      "geometry": {
        "type": "Point",
        "coordinates": [
          88.6360347,
          22.5049484
        ]
      },
      "properties": {
        "osm_id": 10661209656,
        "name": "Debipur",
        "place": "suburb"
      }
    },
    {
      "type": "Feature",
      "geometry": {
        "type": "Point",
        "coordinates": [
          88.634046,
          22.515286
        ]
      },
      "properties": {
        "osm_id": 10661219265,
        "name": "Dhara",
        "place": "suburb"
      }
    },
    {
      "type": "Feature",
      "geometry": {
        "type": "Point",
        "coordinates": [
          88.6503152,
          22.5101085
        ]
      },
      "properties": {
        "osm_id": 10661224103,
        "name": "Rangsara",
        "place": "suburb"
      }
    },
    {
      "type": "Feature",
      "geometry": {
        "type": "Point",
        "coordinates": [
          88.620253,
          22.4972174
        ]
      },
      "properties": {
        "osm_id": 10661224938,
        "name": "Ghatak Pukur",
        "place": "suburb"
      }
    },
    {
      "type": "Feature",
      "geometry": {
        "type": "Point",
        "coordinates": [
          88.6152962,
          22.4851153
        ]
      },
      "properties": {
        "osm_id": 10661232022,
        "name": "Jagulgachhi",
        "place": "suburb"
      }
    },
    {
      "type": "Feature",
      "geometry": {
        "type": "Point",
        "coordinates": [
          88.628948,
          22.5075941
        ]
      },
      "properties": {
        "osm_id": 10661232766,
        "name": "Phulbari Bamunia",
        "place": "suburb"
      }
    },
    {
      "type": "Feature",
      "geometry": {
        "type": "Point",
        "coordinates": [
          88.5615103,
          22.4691474
        ]
      },
      "properties": {
        "osm_id": 10661242312,
        "name": "Amreswar",
        "place": "suburb"
      }
    },
    {
      "type": "Feature",
      "geometry": {
        "type": "Point",
        "coordinates": [
          88.577158,
          22.4825179
        ]
      },
      "properties": {
        "osm_id": 10661317813,
        "name": "Padma Pukuria",
        "place": "suburb"
      }
    },
    {
      "type": "Feature",
      "geometry": {
        "type": "Point",
        "coordinates": [
          88.5657246,
          22.4843866
        ]
      },
      "properties": {
        "osm_id": 10661340478,
        "name": "Narayanpur",
        "place": "suburb"
      }
    },
    {
      "type": "Feature",
      "geometry": {
        "type": "Point",
        "coordinates": [
          88.5398253,
          22.491716
        ]
      },
      "properties": {
        "osm_id": 10661518715,
        "name": "Kharamba",
        "place": "suburb"
      }
    },
    {
      "type": "Feature",
      "geometry": {
        "type": "Point",
        "coordinates": [
          88.5585372,
          22.4951261
        ]
      },
      "properties": {
        "osm_id": 10661565576,
        "name": "Dakshin Gazipur",
        "place": "suburb"
      }
    },
    {
      "type": "Feature",
      "geometry": {
        "type": "Point",
        "coordinates": [
          88.5528797,
          22.4905857
        ]
      },
      "properties": {
        "osm_id": 10661573223,
        "name": "Bagbari",
        "place": "suburb"
      }
    },
    {
      "type": "Feature",
      "geometry": {
        "type": "Point",
        "coordinates": [
          88.54997,
          22.4934854
        ]
      },
      "properties": {
        "osm_id": 10661630998,
        "name": "Bairampur",
        "place": "suburb"
      }
    },
    {
      "type": "Feature",
      "geometry": {
        "type": "Point",
        "coordinates": [
          88.5974597,
          22.4910179
        ]
      },
      "properties": {
        "osm_id": 10661661590,
        "name": "Nalmuri",
        "place": "suburb"
      }
    },
    {
      "type": "Feature",
      "geometry": {
        "type": "Point",
        "coordinates": [
          88.5910167,
          22.4983351
        ]
      },
      "properties": {
        "osm_id": 10661669693,
        "name": "Chak Barali",
        "place": "suburb"
      }
    },
    {
      "type": "Feature",
      "geometry": {
        "type": "Point",
        "coordinates": [
          88.5832963,
          22.4975358
        ]
      },
      "properties": {
        "osm_id": 10661676409,
        "name": "Serpur",
        "place": "suburb"
      }
    },
    {
      "type": "Feature",
      "geometry": {
        "type": "Point",
        "coordinates": [
          88.6055863,
          22.4972938
        ]
      },
      "properties": {
        "osm_id": 10661679606,
        "name": "Kalikapur",
        "place": "suburb"
      }
    },
    {
      "type": "Feature",
      "geometry": {
        "type": "Point",
        "coordinates": [
          88.5891956,
          22.4643328
        ]
      },
      "properties": {
        "osm_id": 10661684827,
        "name": "Shaksahar",
        "place": "suburb"
      }
    },
    {
      "type": "Feature",
      "geometry": {
        "type": "Point",
        "coordinates": [
          88.6047143,
          22.4734417
        ]
      },
      "properties": {
        "osm_id": 10661695195,
        "name": "Saihati",
        "place": "suburb"
      }
    },
    {
      "type": "Feature",
      "geometry": {
        "type": "Point",
        "coordinates": [
          88.5847553,
          22.4882966
        ]
      },
      "properties": {
        "osm_id": 10661705310,
        "name": "Malancha",
        "place": "suburb"
      }
    },
    {
      "type": "Feature",
      "geometry": {
        "type": "Point",
        "coordinates": [
          88.594118,
          22.4796459
        ]
      },
      "properties": {
        "osm_id": 10661711430,
        "name": "Rani Gachhi",
        "place": "suburb"
      }
    },
    {
      "type": "Feature",
      "geometry": {
        "type": "Point",
        "coordinates": [
          88.6068777,
          22.4791157
        ]
      },
      "properties": {
        "osm_id": 10661711431,
        "name": "Saitgachhi",
        "place": "suburb"
      }
    },
    {
      "type": "Feature",
      "geometry": {
        "type": "Point",
        "coordinates": [
          88.5281189,
          22.4711059
        ]
      },
      "properties": {
        "osm_id": 10661747606,
        "name": "Narayantala",
        "place": "suburb"
      }
    },
    {
      "type": "Feature",
      "geometry": {
        "type": "Point",
        "coordinates": [
          88.5230677,
          22.478637
        ]
      },
      "properties": {
        "osm_id": 10661751068,
        "name": "Mousal",
        "place": "suburb"
      }
    },
    {
      "type": "Feature",
      "geometry": {
        "type": "Point",
        "coordinates": [
          88.494444,
          22.48288
        ]
      },
      "properties": {
        "osm_id": 10661755680,
        "name": "Tardaha Kapasati",
        "place": "suburb"
      }
    },
    {
      "type": "Feature",
      "geometry": {
        "type": "Point",
        "coordinates": [
          88.5312156,
          22.4829772
        ]
      },
      "properties": {
        "osm_id": 10661760252,
        "name": "Ushpara",
        "place": "suburb"
      }
    },
    {
      "type": "Feature",
      "geometry": {
        "type": "Point",
        "coordinates": [
          88.5139543,
          22.4776527
        ]
      },
      "properties": {
        "osm_id": 10661767721,
        "name": "Andulgari",
        "place": "suburb"
      }
    },
    {
      "type": "Feature",
      "geometry": {
        "type": "Point",
        "coordinates": [
          88.5178403,
          22.4930035
        ]
      },
      "properties": {
        "osm_id": 10661770041,
        "name": "Gangapur",
        "place": "suburb"
      }
    },
    {
      "type": "Feature",
      "geometry": {
        "type": "Point",
        "coordinates": [
          88.5305843,
          22.5076382
        ]
      },
      "properties": {
        "osm_id": 10661771913,
        "name": "Bhatipota",
        "place": "suburb"
      }
    },
    {
      "type": "Feature",
      "geometry": {
        "type": "Point",
        "coordinates": [
          88.524091,
          22.5080338
        ]
      },
      "properties": {
        "osm_id": 10661776709,
        "name": "Karaidandga",
        "place": "suburb"
      }
    },
    {
      "type": "Feature",
      "geometry": {
        "type": "Point",
        "coordinates": [
          88.4681279,
          22.5282353
        ]
      },
      "properties": {
        "osm_id": 10665131080,
        "name": "Hadia",
        "place": "suburb"
      }
    },
    {
      "type": "Feature",
      "geometry": {
        "type": "Point",
        "coordinates": [
          88.5432203,
          22.5211072
        ]
      },
      "properties": {
        "osm_id": 10669287052,
        "name": "Chariswar",
        "place": "suburb"
      }
    },
    {
      "type": "Feature",
      "geometry": {
        "type": "Point",
        "coordinates": [
          88.532726,
          22.5208522
        ]
      },
      "properties": {
        "osm_id": 10669299381,
        "name": "Suk Pukuria",
        "place": "suburb"
      }
    },
    {
      "type": "Feature",
      "geometry": {
        "type": "Point",
        "coordinates": [
          88.541628,
          22.5084956
        ]
      },
      "properties": {
        "osm_id": 10669302457,
        "name": "Krolbaria",
        "place": "suburb"
      }
    },
    {
      "type": "Feature",
      "geometry": {
        "type": "Point",
        "coordinates": [
          88.511918,
          22.5268953
        ]
      },
      "properties": {
        "osm_id": 10669304215,
        "name": "Benota",
        "place": "suburb"
      }
    },
    {
      "type": "Feature",
      "geometry": {
        "type": "Point",
        "coordinates": [
          88.5246113,
          22.5436338
        ]
      },
      "properties": {
        "osm_id": 10669320752,
        "name": "Hatisala",
        "place": "suburb"
      }
    },
    {
      "type": "Feature",
      "geometry": {
        "type": "Point",
        "coordinates": [
          88.5697773,
          22.5548978
        ]
      },
      "properties": {
        "osm_id": 10669328973,
        "name": "Saduli",
        "place": "suburb"
      }
    },
    {
      "type": "Feature",
      "geometry": {
        "type": "Point",
        "coordinates": [
          88.5374163,
          22.528553
        ]
      },
      "properties": {
        "osm_id": 10669329321,
        "name": "Paikan",
        "place": "suburb"
      }
    },
    {
      "type": "Feature",
      "geometry": {
        "type": "Point",
        "coordinates": [
          88.512343,
          22.5411844
        ]
      },
      "properties": {
        "osm_id": 10669332264,
        "name": "Chandakanthal Beria",
        "place": "suburb"
      }
    },
    {
      "type": "Feature",
      "geometry": {
        "type": "Point",
        "coordinates": [
          88.534631,
          22.532396
        ]
      },
      "properties": {
        "osm_id": 10669336079,
        "name": "Wari",
        "place": "suburb"
      }
    },
    {
      "type": "Feature",
      "geometry": {
        "type": "Point",
        "coordinates": [
          88.5426633,
          22.569286
        ]
      },
      "properties": {
        "osm_id": 10669348252,
        "name": "Tara Hadia",
        "place": "suburb"
      }
    },
    {
      "type": "Feature",
      "geometry": {
        "type": "Point",
        "coordinates": [
          88.5404137,
          22.5631731
        ]
      },
      "properties": {
        "osm_id": 10669350352,
        "name": "Abua",
        "place": "suburb"
      }
    },
    {
      "type": "Feature",
      "geometry": {
        "type": "Point",
        "coordinates": [
          88.5632309,
          22.5406835
        ]
      },
      "properties": {
        "osm_id": 10669363184,
        "name": "Uttar Narikel Beria",
        "place": "suburb"
      }
    },
    {
      "type": "Feature",
      "geometry": {
        "type": "Point",
        "coordinates": [
          88.5359173,
          22.56701
        ]
      },
      "properties": {
        "osm_id": 10669374294,
        "name": "Dakshin Khayerpur",
        "place": "suburb"
      }
    },
    {
      "type": "Feature",
      "geometry": {
        "type": "Point",
        "coordinates": [
          88.5522316,
          22.5521353
        ]
      },
      "properties": {
        "osm_id": 10669374580,
        "name": "Pitha Pukuria",
        "place": "suburb"
      }
    },
    {
      "type": "Feature",
      "geometry": {
        "type": "Point",
        "coordinates": [
          88.533065,
          22.5613788
        ]
      },
      "properties": {
        "osm_id": 10669381398,
        "name": "Bhaga Banpur",
        "place": "suburb"
      }
    },
    {
      "type": "Feature",
      "geometry": {
        "type": "Point",
        "coordinates": [
          88.606003,
          22.5379244
        ]
      },
      "properties": {
        "osm_id": 10669386492,
        "name": "Kantadanga",
        "place": "suburb"
      }
    },
    {
      "type": "Feature",
      "geometry": {
        "type": "Point",
        "coordinates": [
          88.5400926,
          22.5456241
        ]
      },
      "properties": {
        "osm_id": 10669391664,
        "name": "Jiran Gachhi",
        "place": "suburb"
      }
    },
    {
      "type": "Feature",
      "geometry": {
        "type": "Point",
        "coordinates": [
          88.5610879,
          22.5514131
        ]
      },
      "properties": {
        "osm_id": 10669396426,
        "name": "Nangalbeki",
        "place": "suburb"
      }
    },
    {
      "type": "Feature",
      "geometry": {
        "type": "Point",
        "coordinates": [
          88.6142623,
          22.5551156
        ]
      },
      "properties": {
        "osm_id": 10669401007,
        "name": "Bhogali",
        "place": "suburb"
      }
    },
    {
      "type": "Feature",
      "geometry": {
        "type": "Point",
        "coordinates": [
          88.626169,
          22.5545581
        ]
      },
      "properties": {
        "osm_id": 10669401553,
        "name": "Jamirgachhi",
        "place": "suburb"
      }
    },
    {
      "type": "Feature",
      "geometry": {
        "type": "Point",
        "coordinates": [
          88.623658,
          22.5391466
        ]
      },
      "properties": {
        "osm_id": 10669408423,
        "name": "Raghunathpur",
        "place": "suburb"
      }
    },
    {
      "type": "Feature",
      "geometry": {
        "type": "Point",
        "coordinates": [
          88.607599,
          22.5683546
        ]
      },
      "properties": {
        "osm_id": 10669410144,
        "name": "Sat Bhaiya",
        "place": "suburb"
      }
    },
    {
      "type": "Feature",
      "geometry": {
        "type": "Point",
        "coordinates": [
          88.617055,
          22.5680029
        ]
      },
      "properties": {
        "osm_id": 10669422032,
        "name": "Nangla Palpur",
        "place": "suburb"
      }
    },
    {
      "type": "Feature",
      "geometry": {
        "type": "Point",
        "coordinates": [
          88.6129863,
          22.5388532
        ]
      },
      "properties": {
        "osm_id": 10669425252,
        "name": "Bankachua",
        "place": "suburb"
      }
    },
    {
      "type": "Feature",
      "geometry": {
        "type": "Point",
        "coordinates": [
          88.6356766,
          22.5341023
        ]
      },
      "properties": {
        "osm_id": 10669436838,
        "name": "Baniara",
        "place": "suburb"
      }
    },
    {
      "type": "Feature",
      "geometry": {
        "type": "Point",
        "coordinates": [
          88.6232626,
          22.5303722
        ]
      },
      "properties": {
        "osm_id": 10669440490,
        "name": "Chilatala",
        "place": "suburb"
      }
    },
    {
      "type": "Feature",
      "geometry": {
        "type": "Point",
        "coordinates": [
          88.5484192,
          22.5749138
        ]
      },
      "properties": {
        "osm_id": 10669443743,
        "name": "Swastayan Gachhi",
        "place": "suburb"
      }
    },
    {
      "type": "Feature",
      "geometry": {
        "type": "Point",
        "coordinates": [
          88.5816283,
          22.5850295
        ]
      },
      "properties": {
        "osm_id": 10669444135,
        "name": "Joynagar",
        "place": "suburb"
      }
    },
    {
      "type": "Feature",
      "geometry": {
        "type": "Point",
        "coordinates": [
          88.5708897,
          22.5291142
        ]
      },
      "properties": {
        "osm_id": 10669445604,
        "name": "Kachua",
        "place": "suburb"
      }
    },
    {
      "type": "Feature",
      "geometry": {
        "type": "Point",
        "coordinates": [
          88.6067853,
          22.5289572
        ]
      },
      "properties": {
        "osm_id": 10669449013,
        "name": "Uttar Kathalia",
        "place": "suburb"
      }
    },
    {
      "type": "Feature",
      "geometry": {
        "type": "Point",
        "coordinates": [
          88.5876236,
          22.5103363
        ]
      },
      "properties": {
        "osm_id": 10669453746,
        "name": "Chak Maricha",
        "place": "suburb"
      }
    },
    {
      "type": "Feature",
      "geometry": {
        "type": "Point",
        "coordinates": [
          88.558746,
          22.584268
        ]
      },
      "properties": {
        "osm_id": 10669453749,
        "name": "Anantapur",
        "place": "suburb"
      }
    },
    {
      "type": "Feature",
      "geometry": {
        "type": "Point",
        "coordinates": [
          88.5742982,
          22.5138669
        ]
      },
      "properties": {
        "osm_id": 10669457792,
        "name": "Chalta Beria",
        "place": "suburb"
      }
    },
    {
      "type": "Feature",
      "geometry": {
        "type": "Point",
        "coordinates": [
          88.5563533,
          22.5350172
        ]
      },
      "properties": {
        "osm_id": 10669458429,
        "name": "Bamunia",
        "place": "suburb"
      }
    },
    {
      "type": "Feature",
      "geometry": {
        "type": "Point",
        "coordinates": [
          88.586283,
          22.5212414
        ]
      },
      "properties": {
        "osm_id": 10669458736,
        "name": "Jawpur",
        "place": "suburb"
      }
    },
    {
      "type": "Feature",
      "geometry": {
        "type": "Point",
        "coordinates": [
          88.5983883,
          22.5208749
        ]
      },
      "properties": {
        "osm_id": 10669464313,
        "name": "Panapukur",
        "place": "suburb"
      }
    },
    {
      "type": "Feature",
      "geometry": {
        "type": "Point",
        "coordinates": [
          88.5730187,
          22.5759611
        ]
      },
      "properties": {
        "osm_id": 10669469313,
        "name": "Naoabad",
        "place": "suburb"
      }
    },
    {
      "type": "Feature",
      "geometry": {
        "type": "Point",
        "coordinates": [
          88.5818917,
          22.5972424
        ]
      },
      "properties": {
        "osm_id": 10669484870,
        "name": "Shyamnagar",
        "place": "suburb"
      }
    },
    {
      "type": "Feature",
      "geometry": {
        "type": "Point",
        "coordinates": [
          88.5567223,
          22.5924691
        ]
      },
      "properties": {
        "osm_id": 10669495005,
        "name": "Uriaparaur",
        "place": "suburb"
      }
    },
    {
      "type": "Feature",
      "geometry": {
        "type": "Point",
        "coordinates": [
          88.582537,
          22.5339934
        ]
      },
      "properties": {
        "osm_id": 10669498804,
        "name": "Sanpukuria",
        "place": "suburb"
      }
    },
    {
      "type": "Feature",
      "geometry": {
        "type": "Point",
        "coordinates": [
          88.5894513,
          22.5987578
        ]
      },
      "properties": {
        "osm_id": 10669516153,
        "name": "Dakshin Swarup Nagar",
        "place": "suburb"
      }
    },
    {
      "type": "Feature",
      "geometry": {
        "type": "Point",
        "coordinates": [
          88.579446,
          22.5567714
        ]
      },
      "properties": {
        "osm_id": 10669534928,
        "name": "Majerhat",
        "place": "suburb"
      }
    },
    {
      "type": "Feature",
      "geometry": {
        "type": "Point",
        "coordinates": [
          88.5984106,
          22.5449099
        ]
      },
      "properties": {
        "osm_id": 10669538242,
        "name": "Sonpur",
        "place": "suburb"
      }
    },
    {
      "type": "Feature",
      "geometry": {
        "type": "Point",
        "coordinates": [
          88.5911366,
          22.5633542
        ]
      },
      "properties": {
        "osm_id": 10669538243,
        "name": "Uttar Kasipur",
        "place": "suburb"
      }
    },
    {
      "type": "Feature",
      "geometry": {
        "type": "Point",
        "coordinates": [
          88.5963848,
          22.5824782
        ]
      },
      "properties": {
        "osm_id": 10669539872,
        "name": "Chandi Hat",
        "place": "suburb"
      }
    },
    {
      "type": "Feature",
      "geometry": {
        "type": "Point",
        "coordinates": [
          88.5776962,
          22.5219875
        ]
      },
      "properties": {
        "osm_id": 10669539943,
        "name": "Uttar Rajapur",
        "place": "suburb"
      }
    },
    {
      "type": "Feature",
      "geometry": {
        "type": "Point",
        "coordinates": [
          88.5936446,
          22.5309211
        ]
      },
      "properties": {
        "osm_id": 10669550755,
        "name": "Nimkuria",
        "place": "suburb"
      }
    },
    {
      "type": "Feature",
      "geometry": {
        "type": "Point",
        "coordinates": [
          88.5910891,
          22.5401682
        ]
      },
      "properties": {
        "osm_id": 10669556129,
        "name": "Rampur",
        "place": "suburb"
      }
    },
    {
      "type": "Feature",
      "geometry": {
        "type": "Point",
        "coordinates": [
          88.5854093,
          22.5329183
        ]
      },
      "properties": {
        "osm_id": 10669556503,
        "name": "Dheati",
        "place": "suburb"
      }
    },
    {
      "type": "Feature",
      "geometry": {
        "type": "Point",
        "coordinates": [
          88.6058817,
          22.5839858
        ]
      },
      "properties": {
        "osm_id": 10669559080,
        "name": "Gara Gachha",
        "place": "suburb"
      }
    },
    {
      "type": "Feature",
      "geometry": {
        "type": "Point",
        "coordinates": [
          88.279894,
          22.4295668
        ]
      },
      "properties": {
        "osm_id": 10674052697,
        "name": "Naoabad",
        "place": "suburb"
      }
    },
    {
      "type": "Feature",
      "geometry": {
        "type": "Point",
        "coordinates": [
          88.2685777,
          22.4784656
        ]
      },
      "properties": {
        "osm_id": 10674082882,
        "name": "Khanberia",
        "place": "suburb"
      }
    },
    {
      "type": "Feature",
      "geometry": {
        "type": "Point",
        "coordinates": [
          88.2565137,
          22.4851174
        ]
      },
      "properties": {
        "osm_id": 10674090777,
        "name": "Chak Chhata",
        "place": "suburb"
      }
    },
    {
      "type": "Feature",
      "geometry": {
        "type": "Point",
        "coordinates": [
          88.2654729,
          22.4675147
        ]
      },
      "properties": {
        "osm_id": 10674098929,
        "name": "Krishnarampur",
        "place": "suburb"
      }
    },
    {
      "type": "Feature",
      "geometry": {
        "type": "Point",
        "coordinates": [
          88.2794703,
          22.4610478
        ]
      },
      "properties": {
        "osm_id": 10674103274,
        "name": "Bagpota",
        "place": "suburb"
      }
    },
    {
      "type": "Feature",
      "geometry": {
        "type": "Point",
        "coordinates": [
          88.2737003,
          22.4597808
        ]
      },
      "properties": {
        "osm_id": 10674105200,
        "name": "Dari Bagpota",
        "place": "suburb"
      }
    },
    {
      "type": "Feature",
      "geometry": {
        "type": "Point",
        "coordinates": [
          88.276357,
          22.4675775
        ]
      },
      "properties": {
        "osm_id": 10674109572,
        "name": "Sonamukhi Krishnanagar",
        "place": "suburb"
      }
    },
    {
      "type": "Feature",
      "geometry": {
        "type": "Point",
        "coordinates": [
          88.2621246,
          22.477106
        ]
      },
      "properties": {
        "osm_id": 10674113851,
        "name": "Jagannathpur",
        "place": "suburb"
      }
    },
    {
      "type": "Feature",
      "geometry": {
        "type": "Point",
        "coordinates": [
          88.2811023,
          22.4703197
        ]
      },
      "properties": {
        "osm_id": 10674115241,
        "name": "Sarsuna",
        "place": "suburb"
      }
    },
    {
      "type": "Feature",
      "geometry": {
        "type": "Point",
        "coordinates": [
          88.282212,
          22.455525
        ]
      },
      "properties": {
        "osm_id": 10674117926,
        "name": "Kalagachhia",
        "place": "suburb"
      }
    },
    {
      "type": "Feature",
      "geometry": {
        "type": "Point",
        "coordinates": [
          88.2717877,
          22.4546059
        ]
      },
      "properties": {
        "osm_id": 10674141400,
        "name": "Sankharipota",
        "place": "suburb"
      }
    },
    {
      "type": "Feature",
      "geometry": {
        "type": "Point",
        "coordinates": [
          88.27196,
          22.482881
        ]
      },
      "properties": {
        "osm_id": 10674141401,
        "name": "Shibrampur",
        "place": "suburb"
      }
    },
    {
      "type": "Feature",
      "geometry": {
        "type": "Point",
        "coordinates": [
          88.2323203,
          22.4588685
        ]
      },
      "properties": {
        "osm_id": 10674143920,
        "name": "Sibhugli",
        "place": "suburb"
      }
    },
    {
      "type": "Feature",
      "geometry": {
        "type": "Point",
        "coordinates": [
          88.2700247,
          22.4683572
        ]
      },
      "properties": {
        "osm_id": 10674151811,
        "name": "Sonamukhi",
        "place": "suburb"
      }
    },
    {
      "type": "Feature",
      "geometry": {
        "type": "Point",
        "coordinates": [
          88.239715,
          22.4494519
        ]
      },
      "properties": {
        "osm_id": 10674166278,
        "name": "Saupukuria Sanpukuria",
        "place": "suburb"
      }
    },
    {
      "type": "Feature",
      "geometry": {
        "type": "Point",
        "coordinates": [
          88.3362173,
          22.4574569
        ]
      },
      "properties": {
        "osm_id": 10674166971,
        "name": "Krishnanagar",
        "place": "suburb"
      }
    },
    {
      "type": "Feature",
      "geometry": {
        "type": "Point",
        "coordinates": [
          88.257743,
          22.455355
        ]
      },
      "properties": {
        "osm_id": 10674185890,
        "name": "Chandigarh",
        "place": "suburb"
      }
    },
    {
      "type": "Feature",
      "geometry": {
        "type": "Point",
        "coordinates": [
          88.3311283,
          22.4652952
        ]
      },
      "properties": {
        "osm_id": 10674274949,
        "name": "Haridevpur",
        "place": "suburb"
      }
    },
    {
      "type": "Feature",
      "geometry": {
        "type": "Point",
        "coordinates": [
          88.3202849,
          22.4576877
        ]
      },
      "properties": {
        "osm_id": 10674275777,
        "name": "Chak Thakurani",
        "place": "suburb"
      }
    },
    {
      "type": "Feature",
      "geometry": {
        "type": "Point",
        "coordinates": [
          88.2895563,
          22.4294766
        ]
      },
      "properties": {
        "osm_id": 10674288137,
        "name": "Chak Rajumolla",
        "place": "suburb"
      }
    },
    {
      "type": "Feature",
      "geometry": {
        "type": "Point",
        "coordinates": [
          88.2654363,
          22.4565859
        ]
      },
      "properties": {
        "osm_id": 10674291915,
        "name": "Naoabad",
        "place": "suburb"
      }
    },
    {
      "type": "Feature",
      "geometry": {
        "type": "Point",
        "coordinates": [
          88.267537,
          22.4380591
        ]
      },
      "properties": {
        "osm_id": 10674296810,
        "name": "Rasapunja",
        "place": "suburb"
      }
    },
    {
      "type": "Feature",
      "geometry": {
        "type": "Point",
        "coordinates": [
          88.284084,
          22.4463029
        ]
      },
      "properties": {
        "osm_id": 10674297935,
        "name": "Banagram",
        "place": "suburb"
      }
    },
    {
      "type": "Feature",
      "geometry": {
        "type": "Point",
        "coordinates": [
          88.3403223,
          22.4541784
        ]
      },
      "properties": {
        "osm_id": 10676363796,
        "name": "Ramkantapur",
        "place": "suburb"
      }
    },
    {
      "type": "Feature",
      "geometry": {
        "type": "Point",
        "coordinates": [
          88.3299362,
          22.4502506
        ]
      },
      "properties": {
        "osm_id": 10676388720,
        "name": "Chak Ramnagar",
        "place": "suburb"
      }
    },
    {
      "type": "Feature",
      "geometry": {
        "type": "Point",
        "coordinates": [
          88.3071623,
          22.4562288
        ]
      },
      "properties": {
        "osm_id": 10676391537,
        "name": "Purba Barisha",
        "place": "suburb"
      }
    },
    {
      "type": "Feature",
      "geometry": {
        "type": "Point",
        "coordinates": [
          88.3381873,
          22.4485044
        ]
      },
      "properties": {
        "osm_id": 10676396429,
        "name": "Jiadargot",
        "place": "suburb"
      }
    },
    {
      "type": "Feature",
      "geometry": {
        "type": "Point",
        "coordinates": [
          88.319597,
          22.4406769
        ]
      },
      "properties": {
        "osm_id": 10676400917,
        "name": "Gopalnagar",
        "place": "suburb"
      }
    },
    {
      "type": "Feature",
      "geometry": {
        "type": "Point",
        "coordinates": [
          88.3416353,
          22.4360284
        ]
      },
      "properties": {
        "osm_id": 10676411327,
        "name": "Magurkhali",
        "place": "suburb"
      }
    },
    {
      "type": "Feature",
      "geometry": {
        "type": "Point",
        "coordinates": [
          88.34129,
          22.4441793
        ]
      },
      "properties": {
        "osm_id": 10676414883,
        "name": "Ramjibanpur",
        "place": "suburb"
      }
    },
    {
      "type": "Feature",
      "geometry": {
        "type": "Point",
        "coordinates": [
          88.3311834,
          22.4413816
        ]
      },
      "properties": {
        "osm_id": 10676419283,
        "name": "Sajnaberia",
        "place": "suburb"
      }
    },
    {
      "type": "Feature",
      "geometry": {
        "type": "Point",
        "coordinates": [
          88.368246,
          22.5378855
        ]
      },
      "properties": {
        "osm_id": 10676698126,
        "name": "Park Circus",
        "place": "suburb"
      }
    },
    {
      "type": "Feature",
      "geometry": {
        "type": "Point",
        "coordinates": [
          88.3659084,
          22.5280337
        ]
      },
      "properties": {
        "osm_id": 10676698127,
        "name": "Ballygunge",
        "place": "suburb"
      }
    },
    {
      "type": "Feature",
      "geometry": {
        "type": "Point",
        "coordinates": [
          88.3754447,
          22.4838805
        ]
      },
      "properties": {
        "osm_id": 10676754548,
        "name": "Baghajatin",
        "place": "suburb"
      }
    },
    {
      "type": "Feature",
      "geometry": {
        "type": "Point",
        "coordinates": [
          88.6020103,
          22.4171436
        ]
      },
      "properties": {
        "osm_id": 10677566344,
        "name": "Hariharpur",
        "place": "suburb"
      }
    },
    {
      "type": "Feature",
      "geometry": {
        "type": "Point",
        "coordinates": [
          88.162287,
          22.4487669
        ]
      },
      "properties": {
        "osm_id": 10684945382,
        "name": "Jamalpur",
        "place": "suburb"
      }
    },
    {
      "type": "Feature",
      "geometry": {
        "type": "Point",
        "coordinates": [
          88.2231763,
          22.4784661
        ]
      },
      "properties": {
        "osm_id": 10685005971,
        "name": "Chingripota",
        "place": "suburb"
      }
    },
    {
      "type": "Feature",
      "geometry": {
        "type": "Point",
        "coordinates": [
          88.1377339,
          22.4427233
        ]
      },
      "properties": {
        "osm_id": 10685017842,
        "name": "Jagatballavpur",
        "place": "suburb"
      }
    },
    {
      "type": "Feature",
      "geometry": {
        "type": "Point",
        "coordinates": [
          88.217648,
          22.4597903
        ]
      },
      "properties": {
        "osm_id": 10685020092,
        "name": "Betuabati Rajarampur",
        "place": "suburb"
      }
    },
    {
      "type": "Feature",
      "geometry": {
        "type": "Point",
        "coordinates": [
          88.2039143,
          22.4483303
        ]
      },
      "properties": {
        "osm_id": 10685022311,
        "name": "Parbati",
        "place": "suburb"
      }
    },
    {
      "type": "Feature",
      "geometry": {
        "type": "Point",
        "coordinates": [
          88.2237153,
          22.4739426
        ]
      },
      "properties": {
        "osm_id": 10685022509,
        "name": "Atmarampur",
        "place": "suburb"
      }
    },
    {
      "type": "Feature",
      "geometry": {
        "type": "Point",
        "coordinates": [
          88.1502677,
          22.451059
        ]
      },
      "properties": {
        "osm_id": 10685022891,
        "name": "Durgapur",
        "place": "suburb"
      }
    },
    {
      "type": "Feature",
      "geometry": {
        "type": "Point",
        "coordinates": [
          88.21346,
          22.4501894
        ]
      },
      "properties": {
        "osm_id": 10685023615,
        "name": "Kisorpur",
        "place": "suburb"
      }
    },
    {
      "type": "Feature",
      "geometry": {
        "type": "Point",
        "coordinates": [
          88.2167636,
          22.4850466
        ]
      },
      "properties": {
        "osm_id": 10685023920,
        "name": "Nandarampur",
        "place": "suburb"
      }
    },
    {
      "type": "Feature",
      "geometry": {
        "type": "Point",
        "coordinates": [
          88.2087673,
          22.452933
        ]
      },
      "properties": {
        "osm_id": 10685024259,
        "name": "Betuabati",
        "place": "suburb"
      }
    },
    {
      "type": "Feature",
      "geometry": {
        "type": "Point",
        "coordinates": [
          88.219215,
          22.466999
        ]
      },
      "properties": {
        "osm_id": 10685028011,
        "name": "Santoshpur",
        "place": "suburb"
      }
    },
    {
      "type": "Feature",
      "geometry": {
        "type": "Point",
        "coordinates": [
          88.1442789,
          22.446689
        ]
      },
      "properties": {
        "osm_id": 10685034968,
        "name": "Moukhali",
        "place": "suburb"
      }
    },
    {
      "type": "Feature",
      "geometry": {
        "type": "Point",
        "coordinates": [
          88.2100356,
          22.4864057
        ]
      },
      "properties": {
        "osm_id": 10685043694,
        "name": "Chak Nabasan",
        "place": "suburb"
      }
    },
    {
      "type": "Feature",
      "geometry": {
        "type": "Point",
        "coordinates": [
          88.1409693,
          22.3603297
        ]
      },
      "properties": {
        "osm_id": 10687426791,
        "name": "Paita",
        "place": "suburb"
      }
    },
    {
      "type": "Feature",
      "geometry": {
        "type": "Point",
        "coordinates": [
          88.143799,
          22.3925353
        ]
      },
      "properties": {
        "osm_id": 10687429973,
        "name": "Godakhali",
        "place": "suburb"
      }
    },
    {
      "type": "Feature",
      "geometry": {
        "type": "Point",
        "coordinates": [
          88.1455617,
          22.3707957
        ]
      },
      "properties": {
        "osm_id": 10687429974,
        "name": "Banagram",
        "place": "suburb"
      }
    },
    {
      "type": "Feature",
      "geometry": {
        "type": "Point",
        "coordinates": [
          88.1211276,
          22.3760395
        ]
      },
      "properties": {
        "osm_id": 10687435666,
        "name": "Telari",
        "place": "suburb"
      }
    },
    {
      "type": "Feature",
      "geometry": {
        "type": "Point",
        "coordinates": [
          88.1120859,
          22.3818562
        ]
      },
      "properties": {
        "osm_id": 10687435745,
        "name": "Naldari",
        "place": "suburb"
      }
    },
    {
      "type": "Feature",
      "geometry": {
        "type": "Point",
        "coordinates": [
          88.1737673,
          22.3799046
        ]
      },
      "properties": {
        "osm_id": 10687435768,
        "name": "Kamra",
        "place": "suburb"
      }
    },
    {
      "type": "Feature",
      "geometry": {
        "type": "Point",
        "coordinates": [
          88.1302666,
          22.359716
        ]
      },
      "properties": {
        "osm_id": 10687439303,
        "name": "Chandua",
        "place": "suburb"
      }
    },
    {
      "type": "Feature",
      "geometry": {
        "type": "Point",
        "coordinates": [
          88.1925503,
          22.3963765
        ]
      },
      "properties": {
        "osm_id": 10687447866,
        "name": "Muchisha",
        "place": "suburb"
      }
    },
    {
      "type": "Feature",
      "geometry": {
        "type": "Point",
        "coordinates": [
          88.186661,
          22.4094949
        ]
      },
      "properties": {
        "osm_id": 10687450999,
        "name": "Bhetkakhali",
        "place": "suburb"
      }
    },
    {
      "type": "Feature",
      "geometry": {
        "type": "Point",
        "coordinates": [
          88.1135326,
          22.3649422
        ]
      },
      "properties": {
        "osm_id": 10687451580,
        "name": "Burul",
        "place": "suburb"
      }
    },
    {
      "type": "Feature",
      "geometry": {
        "type": "Point",
        "coordinates": [
          88.1250153,
          22.3837051
        ]
      },
      "properties": {
        "osm_id": 10687452047,
        "name": "Bahirkunja",
        "place": "suburb"
      }
    },
    {
      "type": "Feature",
      "geometry": {
        "type": "Point",
        "coordinates": [
          88.2027354,
          22.4044582
        ]
      },
      "properties": {
        "osm_id": 10687458272,
        "name": "Chak Paran",
        "place": "suburb"
      }
    },
    {
      "type": "Feature",
      "geometry": {
        "type": "Point",
        "coordinates": [
          88.1862926,
          22.394109
        ]
      },
      "properties": {
        "osm_id": 10687461470,
        "name": "Chak Daulat",
        "place": "suburb"
      }
    },
    {
      "type": "Feature",
      "geometry": {
        "type": "Point",
        "coordinates": [
          88.128047,
          22.3563378
        ]
      },
      "properties": {
        "osm_id": 10687461925,
        "name": "Keshabpur",
        "place": "suburb"
      }
    },
    {
      "type": "Feature",
      "geometry": {
        "type": "Point",
        "coordinates": [
          88.1787703,
          22.3752735
        ]
      },
      "properties": {
        "osm_id": 10687461947,
        "name": "Brindabanpur",
        "place": "suburb"
      }
    },
    {
      "type": "Feature",
      "geometry": {
        "type": "Point",
        "coordinates": [
          88.195958,
          22.4059319
        ]
      },
      "properties": {
        "osm_id": 10687465447,
        "name": "Chak Manik",
        "place": "suburb"
      }
    },
    {
      "type": "Feature",
      "geometry": {
        "type": "Point",
        "coordinates": [
          88.1342273,
          22.3680885
        ]
      },
      "properties": {
        "osm_id": 10687473955,
        "name": "Gaja",
        "place": "suburb"
      }
    },
    {
      "type": "Feature",
      "geometry": {
        "type": "Point",
        "coordinates": [
          88.1652113,
          22.3539812
        ]
      },
      "properties": {
        "osm_id": 10687475689,
        "name": "Talmaria",
        "place": "suburb"
      }
    },
    {
      "type": "Feature",
      "geometry": {
        "type": "Point",
        "coordinates": [
          88.1717647,
          22.358725
        ]
      },
      "properties": {
        "osm_id": 10687475801,
        "name": "Dakshin Santoshpur",
        "place": "suburb"
      }
    },
    {
      "type": "Feature",
      "geometry": {
        "type": "Point",
        "coordinates": [
          88.172419,
          22.371651
        ]
      },
      "properties": {
        "osm_id": 10687476826,
        "name": "Deuli",
        "place": "suburb"
      }
    },
    {
      "type": "Feature",
      "geometry": {
        "type": "Point",
        "coordinates": [
          88.156433,
          22.355992
        ]
      },
      "properties": {
        "osm_id": 10687477381,
        "name": "Kuchigadi",
        "place": "suburb"
      }
    },
    {
      "type": "Feature",
      "geometry": {
        "type": "Point",
        "coordinates": [
          88.1971546,
          22.3556278
        ]
      },
      "properties": {
        "osm_id": 10687477965,
        "name": "Aripara",
        "place": "suburb"
      }
    },
    {
      "type": "Feature",
      "geometry": {
        "type": "Point",
        "coordinates": [
          88.1396383,
          22.3873303
        ]
      },
      "properties": {
        "osm_id": 10687480384,
        "name": "Baratala",
        "place": "suburb"
      }
    },
    {
      "type": "Feature",
      "geometry": {
        "type": "Point",
        "coordinates": [
          88.188375,
          22.3609634
        ]
      },
      "properties": {
        "osm_id": 10687481945,
        "name": "Laskarpur",
        "place": "suburb"
      }
    },
    {
      "type": "Feature",
      "geometry": {
        "type": "Point",
        "coordinates": [
          88.1839777,
          22.3677681
        ]
      },
      "properties": {
        "osm_id": 10687487382,
        "name": "Itali",
        "place": "suburb"
      }
    },
    {
      "type": "Feature",
      "geometry": {
        "type": "Point",
        "coordinates": [
          88.1903397,
          22.3782215
        ]
      },
      "properties": {
        "osm_id": 10687488310,
        "name": "Sahebanumedpur",
        "place": "suburb"
      }
    },
    {
      "type": "Feature",
      "geometry": {
        "type": "Point",
        "coordinates": [
          88.1764563,
          22.3531194
        ]
      },
      "properties": {
        "osm_id": 10687490647,
        "name": "Neiya",
        "place": "suburb"
      }
    },
    {
      "type": "Feature",
      "geometry": {
        "type": "Point",
        "coordinates": [
          88.1724087,
          22.4382364
        ]
      },
      "properties": {
        "osm_id": 10687491481,
        "name": "Chandipur",
        "place": "suburb"
      }
    },
    {
      "type": "Feature",
      "geometry": {
        "type": "Point",
        "coordinates": [
          88.1648649,
          22.3732408
        ]
      },
      "properties": {
        "osm_id": 10687491484,
        "name": "Sehai",
        "place": "suburb"
      }
    },
    {
      "type": "Feature",
      "geometry": {
        "type": "Point",
        "coordinates": [
          88.176035,
          22.4002272
        ]
      },
      "properties": {
        "osm_id": 10687491948,
        "name": "Sonarpur",
        "place": "suburb"
      }
    },
    {
      "type": "Feature",
      "geometry": {
        "type": "Point",
        "coordinates": [
          88.2050276,
          22.3560479
        ]
      },
      "properties": {
        "osm_id": 10687502300,
        "name": "Majherhat",
        "place": "suburb"
      }
    },
    {
      "type": "Feature",
      "geometry": {
        "type": "Point",
        "coordinates": [
          88.200309,
          22.3757039
        ]
      },
      "properties": {
        "osm_id": 10687502478,
        "name": "Mahamayapur",
        "place": "suburb"
      }
    },
    {
      "type": "Feature",
      "geometry": {
        "type": "Point",
        "coordinates": [
          88.173195,
          22.3653663
        ]
      },
      "properties": {
        "osm_id": 10687503426,
        "name": "Dakshin Ramchandrapur",
        "place": "suburb"
      }
    },
    {
      "type": "Feature",
      "geometry": {
        "type": "Point",
        "coordinates": [
          88.2005663,
          22.3417862
        ]
      },
      "properties": {
        "osm_id": 10687503669,
        "name": "Shubhi",
        "place": "suburb"
      }
    },
    {
      "type": "Feature",
      "geometry": {
        "type": "Point",
        "coordinates": [
          88.1903066,
          22.3449715
        ]
      },
      "properties": {
        "osm_id": 10687505663,
        "name": "Barea",
        "place": "suburb"
      }
    },
    {
      "type": "Feature",
      "geometry": {
        "type": "Point",
        "coordinates": [
          88.1952587,
          22.3508487
        ]
      },
      "properties": {
        "osm_id": 10687506115,
        "name": "Mohanpur",
        "place": "suburb"
      }
    },
    {
      "type": "Feature",
      "geometry": {
        "type": "Point",
        "coordinates": [
          88.1839066,
          22.3524963
        ]
      },
      "properties": {
        "osm_id": 10687506306,
        "name": "Sonaria",
        "place": "suburb"
      }
    },
    {
      "type": "Feature",
      "geometry": {
        "type": "Point",
        "coordinates": [
          88.1804756,
          22.3621043
        ]
      },
      "properties": {
        "osm_id": 10687506563,
        "name": "Satsa",
        "place": "suburb"
      }
    },
    {
      "type": "Feature",
      "geometry": {
        "type": "Point",
        "coordinates": [
          88.194188,
          22.3671571
        ]
      },
      "properties": {
        "osm_id": 10687516791,
        "name": "Chaulkhola",
        "place": "suburb"
      }
    },
    {
      "type": "Feature",
      "geometry": {
        "type": "Point",
        "coordinates": [
          88.1471943,
          22.3573938
        ]
      },
      "properties": {
        "osm_id": 10687519175,
        "name": "Bagpota",
        "place": "suburb"
      }
    },
    {
      "type": "Feature",
      "geometry": {
        "type": "Point",
        "coordinates": [
          88.2034873,
          22.3656929
        ]
      },
      "properties": {
        "osm_id": 10687520312,
        "name": "Chak Himmatkhan",
        "place": "suburb"
      }
    },
    {
      "type": "Feature",
      "geometry": {
        "type": "Point",
        "coordinates": [
          88.1683507,
          22.3671175
        ]
      },
      "properties": {
        "osm_id": 10687521564,
        "name": "Bidira",
        "place": "suburb"
      }
    },
    {
      "type": "Feature",
      "geometry": {
        "type": "Point",
        "coordinates": [
          88.1758903,
          22.4141781
        ]
      },
      "properties": {
        "osm_id": 10687522840,
        "name": "Aima",
        "place": "suburb"
      }
    },
    {
      "type": "Feature",
      "geometry": {
        "type": "Point",
        "coordinates": [
          88.1549533,
          22.3631538
        ]
      },
      "properties": {
        "osm_id": 10687523267,
        "name": "Rania Gobindapur",
        "place": "suburb"
      }
    },
    {
      "type": "Feature",
      "geometry": {
        "type": "Point",
        "coordinates": [
          88.2045407,
          22.4242597
        ]
      },
      "properties": {
        "osm_id": 10687523322,
        "name": "Kalinagar",
        "place": "suburb"
      }
    },
    {
      "type": "Feature",
      "geometry": {
        "type": "Point",
        "coordinates": [
          88.1934745,
          22.4358562
        ]
      },
      "properties": {
        "osm_id": 10687524914,
        "name": "Banaraypur",
        "place": "suburb"
      }
    },
    {
      "type": "Feature",
      "geometry": {
        "type": "Point",
        "coordinates": [
          88.1846191,
          22.383995
        ]
      },
      "properties": {
        "osm_id": 10687528103,
        "name": "Bahirchara",
        "place": "suburb"
      }
    },
    {
      "type": "Feature",
      "geometry": {
        "type": "Point",
        "coordinates": [
          88.151406,
          22.3676132
        ]
      },
      "properties": {
        "osm_id": 10687533895,
        "name": "Dosatina",
        "place": "suburb"
      }
    },
    {
      "type": "Feature",
      "geometry": {
        "type": "Point",
        "coordinates": [
          88.162061,
          22.3627989
        ]
      },
      "properties": {
        "osm_id": 10687536356,
        "name": "Pakua Kultikri",
        "place": "suburb"
      }
    },
    {
      "type": "Feature",
      "geometry": {
        "type": "Point",
        "coordinates": [
          88.164992,
          22.384949
        ]
      },
      "properties": {
        "osm_id": 10687536357,
        "name": "Dhanchebaria",
        "place": "suburb"
      }
    },
    {
      "type": "Feature",
      "geometry": {
        "type": "Point",
        "coordinates": [
          88.18172,
          22.4067354
        ]
      },
      "properties": {
        "osm_id": 10687539194,
        "name": "Satgachhia",
        "place": "suburb"
      }
    },
    {
      "type": "Feature",
      "geometry": {
        "type": "Point",
        "coordinates": [
          88.2066536,
          22.4382566
        ]
      },
      "properties": {
        "osm_id": 10687539567,
        "name": "Ghanasyambati",
        "place": "suburb"
      }
    },
    {
      "type": "Feature",
      "geometry": {
        "type": "Point",
        "coordinates": [
          88.172695,
          22.3888579
        ]
      },
      "properties": {
        "osm_id": 10687545066,
        "name": "Haori",
        "place": "suburb"
      }
    },
    {
      "type": "Feature",
      "geometry": {
        "type": "Point",
        "coordinates": [
          88.185794,
          22.388335
        ]
      },
      "properties": {
        "osm_id": 10687545734,
        "name": "Saheb Banbagicha",
        "place": "suburb"
      }
    },
    {
      "type": "Feature",
      "geometry": {
        "type": "Point",
        "coordinates": [
          88.1989047,
          22.4126051
        ]
      },
      "properties": {
        "osm_id": 10687546022,
        "name": "Chak Etbari",
        "place": "suburb"
      }
    },
    {
      "type": "Feature",
      "geometry": {
        "type": "Point",
        "coordinates": [
          88.172582,
          22.409066
        ]
      },
      "properties": {
        "osm_id": 10687548694,
        "name": "Chak Bansbaria",
        "place": "suburb"
      }
    },
    {
      "type": "Feature",
      "geometry": {
        "type": "Point",
        "coordinates": [
          88.2115813,
          22.4430833
        ]
      },
      "properties": {
        "osm_id": 10687550406,
        "name": "Malangdar",
        "place": "suburb"
      }
    },
    {
      "type": "Feature",
      "geometry": {
        "type": "Point",
        "coordinates": [
          88.170897,
          22.3983579
        ]
      },
      "properties": {
        "osm_id": 10687550916,
        "name": "Charadongaria",
        "place": "suburb"
      }
    },
    {
      "type": "Feature",
      "geometry": {
        "type": "Point",
        "coordinates": [
          88.1987646,
          22.4197469
        ]
      },
      "properties": {
        "osm_id": 10687561457,
        "name": "Maheswarpur",
        "place": "suburb"
      }
    },
    {
      "type": "Feature",
      "geometry": {
        "type": "Point",
        "coordinates": [
          88.306508,
          22.4020348
        ]
      },
      "properties": {
        "osm_id": 10690315318,
        "name": "Majerdari",
        "place": "suburb"
      }
    },
    {
      "type": "Feature",
      "geometry": {
        "type": "Point",
        "coordinates": [
          88.352717,
          22.3746453
        ]
      },
      "properties": {
        "osm_id": 10690316173,
        "name": "Andharmanik",
        "place": "suburb"
      }
    },
    {
      "type": "Feature",
      "geometry": {
        "type": "Point",
        "coordinates": [
          88.3051752,
          22.4175116
        ]
      },
      "properties": {
        "osm_id": 10690335261,
        "name": "Amgachia",
        "place": "suburb"
      }
    },
    {
      "type": "Feature",
      "geometry": {
        "type": "Point",
        "coordinates": [
          88.3061103,
          22.3420682
        ]
      },
      "properties": {
        "osm_id": 10690335642,
        "name": "Dakshin Gouripur",
        "place": "suburb"
      }
    },
    {
      "type": "Feature",
      "geometry": {
        "type": "Point",
        "coordinates": [
          88.3163687,
          22.4099082
        ]
      },
      "properties": {
        "osm_id": 10690340461,
        "name": "Krishnarampur",
        "place": "suburb"
      }
    },
    {
      "type": "Feature",
      "geometry": {
        "type": "Point",
        "coordinates": [
          88.3697187,
          22.3905431
        ]
      },
      "properties": {
        "osm_id": 10690349523,
        "name": "Gangarai",
        "place": "suburb"
      }
    },
    {
      "type": "Feature",
      "geometry": {
        "type": "Point",
        "coordinates": [
          88.3168244,
          22.3939558
        ]
      },
      "properties": {
        "osm_id": 10690350911,
        "name": "Chhota Ramnagar",
        "place": "suburb"
      }
    },
    {
      "type": "Feature",
      "geometry": {
        "type": "Point",
        "coordinates": [
          88.3169923,
          22.3969471
        ]
      },
      "properties": {
        "osm_id": 10690354749,
        "name": "Kasthamahal",
        "place": "suburb"
      }
    },
    {
      "type": "Feature",
      "geometry": {
        "type": "Point",
        "coordinates": [
          88.3596177,
          22.3854454
        ]
      },
      "properties": {
        "osm_id": 10690354750,
        "name": "Kalmikhali",
        "place": "suburb"
      }
    },
    {
      "type": "Feature",
      "geometry": {
        "type": "Point",
        "coordinates": [
          88.3202466,
          22.3496472
        ]
      },
      "properties": {
        "osm_id": 10690354946,
        "name": "Chamni",
        "place": "suburb"
      }
    },
    {
      "type": "Feature",
      "geometry": {
        "type": "Point",
        "coordinates": [
          88.333013,
          22.3521947
        ]
      },
      "properties": {
        "osm_id": 10690354947,
        "name": "Kastikumari",
        "place": "suburb"
      }
    },
    {
      "type": "Feature",
      "geometry": {
        "type": "Point",
        "coordinates": [
          88.3221823,
          22.3376294
        ]
      },
      "properties": {
        "osm_id": 10690366339,
        "name": "Bahadurpur",
        "place": "suburb"
      }
    },
    {
      "type": "Feature",
      "geometry": {
        "type": "Point",
        "coordinates": [
          88.3680633,
          22.3813837
        ]
      },
      "properties": {
        "osm_id": 10690367770,
        "name": "Chak Nitai",
        "place": "suburb"
      }
    },
    {
      "type": "Feature",
      "geometry": {
        "type": "Point",
        "coordinates": [
          88.375056,
          22.3771681
        ]
      },
      "properties": {
        "osm_id": 10690383404,
        "name": "Keoapukuria",
        "place": "suburb"
      }
    },
    {
      "type": "Feature",
      "geometry": {
        "type": "Point",
        "coordinates": [
          88.3767343,
          22.390025
        ]
      },
      "properties": {
        "osm_id": 10690383607,
        "name": "Kalipur",
        "place": "suburb"
      }
    },
    {
      "type": "Feature",
      "geometry": {
        "type": "Point",
        "coordinates": [
          88.3123197,
          22.3526165
        ]
      },
      "properties": {
        "osm_id": 10690386765,
        "name": "Iarpur",
        "place": "suburb"
      }
    },
    {
      "type": "Feature",
      "geometry": {
        "type": "Point",
        "coordinates": [
          88.3241222,
          22.3568297
        ]
      },
      "properties": {
        "osm_id": 10690386771,
        "name": "Dosatina",
        "place": "suburb"
      }
    },
    {
      "type": "Feature",
      "geometry": {
        "type": "Point",
        "coordinates": [
          88.3322264,
          22.3389593
        ]
      },
      "properties": {
        "osm_id": 10690386930,
        "name": "Bhandaria",
        "place": "suburb"
      }
    },
    {
      "type": "Feature",
      "geometry": {
        "type": "Point",
        "coordinates": [
          88.3119777,
          22.36062
        ]
      },
      "properties": {
        "osm_id": 10690406477,
        "name": "Gabberia",
        "place": "suburb"
      }
    },
    {
      "type": "Feature",
      "geometry": {
        "type": "Point",
        "coordinates": [
          88.3166053,
          22.3391603
        ]
      },
      "properties": {
        "osm_id": 10690408575,
        "name": "Bijoyrampur",
        "place": "suburb"
      }
    },
    {
      "type": "Feature",
      "geometry": {
        "type": "Point",
        "coordinates": [
          88.2946453,
          22.334765
        ]
      },
      "properties": {
        "osm_id": 10690409730,
        "name": "Deuli",
        "place": "suburb"
      }
    },
    {
      "type": "Feature",
      "geometry": {
        "type": "Point",
        "coordinates": [
          88.3278436,
          22.3617782
        ]
      },
      "properties": {
        "osm_id": 10690416298,
        "name": "Jalilpur",
        "place": "suburb"
      }
    },
    {
      "type": "Feature",
      "geometry": {
        "type": "Point",
        "coordinates": [
          88.37506,
          22.3630256
        ]
      },
      "properties": {
        "osm_id": 10690418269,
        "name": "Pirkhali",
        "place": "suburb"
      }
    },
    {
      "type": "Feature",
      "geometry": {
        "type": "Point",
        "coordinates": [
          88.285288,
          22.3392659
        ]
      },
      "properties": {
        "osm_id": 10690418857,
        "name": "Alipore",
        "place": "suburb"
      }
    },
    {
      "type": "Feature",
      "geometry": {
        "type": "Point",
        "coordinates": [
          88.292895,
          22.3452062
        ]
      },
      "properties": {
        "osm_id": 10690423161,
        "name": "Chakdhir",
        "place": "suburb"
      }
    },
    {
      "type": "Feature",
      "geometry": {
        "type": "Point",
        "coordinates": [
          88.301721,
          22.3575976
        ]
      },
      "properties": {
        "osm_id": 10690426129,
        "name": "Doultabad",
        "place": "suburb"
      }
    },
    {
      "type": "Feature",
      "geometry": {
        "type": "Point",
        "coordinates": [
          88.3461093,
          22.3453469
        ]
      },
      "properties": {
        "osm_id": 10690427343,
        "name": "Mestakhali",
        "place": "suburb"
      }
    },
    {
      "type": "Feature",
      "geometry": {
        "type": "Point",
        "coordinates": [
          88.338564,
          22.3715597
        ]
      },
      "properties": {
        "osm_id": 10690427357,
        "name": "Tapna",
        "place": "suburb"
      }
    },
    {
      "type": "Feature",
      "geometry": {
        "type": "Point",
        "coordinates": [
          88.2865534,
          22.3324135
        ]
      },
      "properties": {
        "osm_id": 10690427445,
        "name": "Bardeuli",
        "place": "suburb"
      }
    },
    {
      "type": "Feature",
      "geometry": {
        "type": "Point",
        "coordinates": [
          88.3562844,
          22.3584097
        ]
      },
      "properties": {
        "osm_id": 10690428792,
        "name": "Julpia",
        "place": "suburb"
      }
    },
    {
      "type": "Feature",
      "geometry": {
        "type": "Point",
        "coordinates": [
          88.3392251,
          22.3583392
        ]
      },
      "properties": {
        "osm_id": 10690428894,
        "name": "Balakhali",
        "place": "suburb"
      }
    },
    {
      "type": "Feature",
      "geometry": {
        "type": "Point",
        "coordinates": [
          88.3535003,
          22.3432975
        ]
      },
      "properties": {
        "osm_id": 10690430822,
        "name": "Uchhakhali",
        "place": "suburb"
      }
    },
    {
      "type": "Feature",
      "geometry": {
        "type": "Point",
        "coordinates": [
          88.3013977,
          22.3336738
        ]
      },
      "properties": {
        "osm_id": 10690432335,
        "name": "Balarampur",
        "place": "suburb"
      }
    },
    {
      "type": "Feature",
      "geometry": {
        "type": "Point",
        "coordinates": [
          88.3128787,
          22.380875
        ]
      },
      "properties": {
        "osm_id": 10690437708,
        "name": "Kaikhali",
        "place": "suburb"
      }
    },
    {
      "type": "Feature",
      "geometry": {
        "type": "Point",
        "coordinates": [
          88.3345317,
          22.3484604
        ]
      },
      "properties": {
        "osm_id": 10690439086,
        "name": "Nettana",
        "place": "suburb"
      }
    },
    {
      "type": "Feature",
      "geometry": {
        "type": "Point",
        "coordinates": [
          88.379806,
          22.3475165
        ]
      },
      "properties": {
        "osm_id": 10690440953,
        "name": "Hata",
        "place": "suburb"
      }
    },
    {
      "type": "Feature",
      "geometry": {
        "type": "Point",
        "coordinates": [
          88.3636403,
          22.3530544
        ]
      },
      "properties": {
        "osm_id": 10690445563,
        "name": "Panarala",
        "place": "suburb"
      }
    },
    {
      "type": "Feature",
      "geometry": {
        "type": "Point",
        "coordinates": [
          88.3529517,
          22.3519381
        ]
      },
      "properties": {
        "osm_id": 10690449067,
        "name": "Matsyakhali",
        "place": "suburb"
      }
    },
    {
      "type": "Feature",
      "geometry": {
        "type": "Point",
        "coordinates": [
          88.3450856,
          22.3682902
        ]
      },
      "properties": {
        "osm_id": 10690454868,
        "name": "Umarpota",
        "place": "suburb"
      }
    },
    {
      "type": "Feature",
      "geometry": {
        "type": "Point",
        "coordinates": [
          88.327766,
          22.3826336
        ]
      },
      "properties": {
        "osm_id": 10690455038,
        "name": "Betberia",
        "place": "suburb"
      }
    },
    {
      "type": "Feature",
      "geometry": {
        "type": "Point",
        "coordinates": [
          88.316577,
          22.3708606
        ]
      },
      "properties": {
        "osm_id": 10690455039,
        "name": "Keoradanga",
        "place": "suburb"
      }
    },
    {
      "type": "Feature",
      "geometry": {
        "type": "Point",
        "coordinates": [
          88.32801,
          22.3668799
        ]
      },
      "properties": {
        "osm_id": 10690455249,
        "name": "Rajakgohalia",
        "place": "suburb"
      }
    },
    {
      "type": "Feature",
      "geometry": {
        "type": "Point",
        "coordinates": [
          88.361821,
          22.3451971
        ]
      },
      "properties": {
        "osm_id": 10690457432,
        "name": "Manikjor",
        "place": "suburb"
      }
    },
    {
      "type": "Feature",
      "geometry": {
        "type": "Point",
        "coordinates": [
          88.3307939,
          22.4312015
        ]
      },
      "properties": {
        "osm_id": 10690468432,
        "name": "Kulerdari",
        "place": "suburb"
      }
    },
    {
      "type": "Feature",
      "geometry": {
        "type": "Point",
        "coordinates": [
          88.3232443,
          22.4117288
        ]
      },
      "properties": {
        "osm_id": 10690478720,
        "name": "Debipur",
        "place": "suburb"
      }
    },
    {
      "type": "Feature",
      "geometry": {
        "type": "Point",
        "coordinates": [
          88.3290136,
          22.3712167
        ]
      },
      "properties": {
        "osm_id": 10690479610,
        "name": "Lakshmikantapur",
        "place": "suburb"
      }
    },
    {
      "type": "Feature",
      "geometry": {
        "type": "Point",
        "coordinates": [
          88.3239707,
          22.4256856
        ]
      },
      "properties": {
        "osm_id": 10690483903,
        "name": "Karimpur",
        "place": "suburb"
      }
    },
    {
      "type": "Feature",
      "geometry": {
        "type": "Point",
        "coordinates": [
          88.3443507,
          22.4108366
        ]
      },
      "properties": {
        "osm_id": 10690484519,
        "name": "Raghabpur",
        "place": "suburb"
      }
    },
    {
      "type": "Feature",
      "geometry": {
        "type": "Point",
        "coordinates": [
          88.3680873,
          22.4055294
        ]
      },
      "properties": {
        "osm_id": 10690485798,
        "name": "Salpukuria",
        "place": "suburb"
      }
    },
    {
      "type": "Feature",
      "geometry": {
        "type": "Point",
        "coordinates": [
          88.3515903,
          22.3949276
        ]
      },
      "properties": {
        "osm_id": 10690485800,
        "name": "Panakua",
        "place": "suburb"
      }
    },
    {
      "type": "Feature",
      "geometry": {
        "type": "Point",
        "coordinates": [
          88.3210623,
          22.3876267
        ]
      },
      "properties": {
        "osm_id": 10690490735,
        "name": "Chak Rosanmamud",
        "place": "suburb"
      }
    },
    {
      "type": "Feature",
      "geometry": {
        "type": "Point",
        "coordinates": [
          88.305423,
          22.3695046
        ]
      },
      "properties": {
        "osm_id": 10690491306,
        "name": "Khiristala",
        "place": "suburb"
      }
    },
    {
      "type": "Feature",
      "geometry": {
        "type": "Point",
        "coordinates": [
          88.323431,
          22.3761461
        ]
      },
      "properties": {
        "osm_id": 10690491379,
        "name": "Darikeoradanga",
        "place": "suburb"
      }
    },
    {
      "type": "Feature",
      "geometry": {
        "type": "Point",
        "coordinates": [
          88.3229059,
          22.43394
        ]
      },
      "properties": {
        "osm_id": 10690491448,
        "name": "Rammakhaler Chak",
        "place": "suburb"
      }
    },
    {
      "type": "Feature",
      "geometry": {
        "type": "Point",
        "coordinates": [
          88.3182062,
          22.419528
        ]
      },
      "properties": {
        "osm_id": 10690492634,
        "name": "Raghudebpur",
        "place": "suburb"
      }
    },
    {
      "type": "Feature",
      "geometry": {
        "type": "Point",
        "coordinates": [
          88.353517,
          22.407106
        ]
      },
      "properties": {
        "osm_id": 10690494883,
        "name": "Harir Chak",
        "place": "suburb"
      }
    },
    {
      "type": "Feature",
      "geometry": {
        "type": "Point",
        "coordinates": [
          88.344861,
          22.4278978
        ]
      },
      "properties": {
        "osm_id": 10690496319,
        "name": "Bakeswar",
        "place": "suburb"
      }
    },
    {
      "type": "Feature",
      "geometry": {
        "type": "Point",
        "coordinates": [
          88.3120923,
          22.4283406
        ]
      },
      "properties": {
        "osm_id": 10690504838,
        "name": "Karimpur Kismat",
        "place": "suburb"
      }
    },
    {
      "type": "Feature",
      "geometry": {
        "type": "Point",
        "coordinates": [
          88.3136293,
          22.4340139
        ]
      },
      "properties": {
        "osm_id": 10690505473,
        "name": "Rajarampur",
        "place": "suburb"
      }
    },
    {
      "type": "Feature",
      "geometry": {
        "type": "Point",
        "coordinates": [
          88.2909066,
          22.4381259
        ]
      },
      "properties": {
        "osm_id": 10690509233,
        "name": "Sarmaster Chak",
        "place": "suburb"
      }
    },
    {
      "type": "Feature",
      "geometry": {
        "type": "Point",
        "coordinates": [
          88.3283117,
          22.4135981
        ]
      },
      "properties": {
        "osm_id": 10690513540,
        "name": "Jhanjhra",
        "place": "suburb"
      }
    },
    {
      "type": "Feature",
      "geometry": {
        "type": "Point",
        "coordinates": [
          88.3510503,
          22.417886
        ]
      },
      "properties": {
        "osm_id": 10690515335,
        "name": "Cheyari",
        "place": "suburb"
      }
    },
    {
      "type": "Feature",
      "geometry": {
        "type": "Point",
        "coordinates": [
          88.259248,
          22.3879116
        ]
      },
      "properties": {
        "osm_id": 10690515588,
        "name": "Goth Beria",
        "place": "suburb"
      }
    },
    {
      "type": "Feature",
      "geometry": {
        "type": "Point",
        "coordinates": [
          88.3418546,
          22.4035253
        ]
      },
      "properties": {
        "osm_id": 10690516534,
        "name": "Ramkantapur",
        "place": "suburb"
      }
    },
    {
      "type": "Feature",
      "geometry": {
        "type": "Point",
        "coordinates": [
          88.3386173,
          22.3968085
        ]
      },
      "properties": {
        "osm_id": 10690516586,
        "name": "Chak Sitaram",
        "place": "suburb"
      }
    },
    {
      "type": "Feature",
      "geometry": {
        "type": "Point",
        "coordinates": [
          88.3387877,
          22.4203085
        ]
      },
      "properties": {
        "osm_id": 10690517924,
        "name": "Magurkhali",
        "place": "suburb"
      }
    },
    {
      "type": "Feature",
      "geometry": {
        "type": "Point",
        "coordinates": [
          88.3603703,
          22.4092703
        ]
      },
      "properties": {
        "osm_id": 10690521087,
        "name": "Chak Kalmi",
        "place": "suburb"
      }
    },
    {
      "type": "Feature",
      "geometry": {
        "type": "Point",
        "coordinates": [
          88.326811,
          22.3936359
        ]
      },
      "properties": {
        "osm_id": 10690525693,
        "name": "Khalashitala",
        "place": "suburb"
      }
    },
    {
      "type": "Feature",
      "geometry": {
        "type": "Point",
        "coordinates": [
          88.3356227,
          22.4099869
        ]
      },
      "properties": {
        "osm_id": 10690526817,
        "name": "Chak Balaibag",
        "place": "suburb"
      }
    },
    {
      "type": "Feature",
      "geometry": {
        "type": "Point",
        "coordinates": [
          88.3372966,
          22.3870503
        ]
      },
      "properties": {
        "osm_id": 10690527229,
        "name": "Chak Nursikdar",
        "place": "suburb"
      }
    },
    {
      "type": "Feature",
      "geometry": {
        "type": "Point",
        "coordinates": [
          88.3353403,
          22.3951166
        ]
      },
      "properties": {
        "osm_id": 10690540864,
        "name": "Kalicharanpur",
        "place": "suburb"
      }
    },
    {
      "type": "Feature",
      "geometry": {
        "type": "Point",
        "coordinates": [
          88.2773704,
          22.3979182
        ]
      },
      "properties": {
        "osm_id": 10690542584,
        "name": "Khariberia",
        "place": "suburb"
      }
    },
    {
      "type": "Feature",
      "geometry": {
        "type": "Point",
        "coordinates": [
          88.35418,
          22.3341164
        ]
      },
      "properties": {
        "osm_id": 10690542712,
        "name": "Rashkhali",
        "place": "suburb"
      }
    },
    {
      "type": "Feature",
      "geometry": {
        "type": "Point",
        "coordinates": [
          88.3716727,
          22.3412063
        ]
      },
      "properties": {
        "osm_id": 10690543136,
        "name": "Damdamakismat",
        "place": "suburb"
      }
    },
    {
      "type": "Feature",
      "geometry": {
        "type": "Point",
        "coordinates": [
          88.3798207,
          22.3313763
        ]
      },
      "properties": {
        "osm_id": 10690546819,
        "name": "Bharu Ramkrishnapur",
        "place": "suburb"
      }
    },
    {
      "type": "Feature",
      "geometry": {
        "type": "Point",
        "coordinates": [
          88.2688497,
          22.4008972
        ]
      },
      "properties": {
        "osm_id": 10690546864,
        "name": "Parbatipur",
        "place": "suburb"
      }
    },
    {
      "type": "Feature",
      "geometry": {
        "type": "Point",
        "coordinates": [
          88.2864773,
          22.3799247
        ]
      },
      "properties": {
        "osm_id": 10690547809,
        "name": "Saphkhali",
        "place": "suburb"
      }
    },
    {
      "type": "Feature",
      "geometry": {
        "type": "Point",
        "coordinates": [
          88.3013983,
          22.3815541
        ]
      },
      "properties": {
        "osm_id": 10690548211,
        "name": "Gandhabaduli",
        "place": "suburb"
      }
    },
    {
      "type": "Feature",
      "geometry": {
        "type": "Point",
        "coordinates": [
          88.294428,
          22.3910842
        ]
      },
      "properties": {
        "osm_id": 10690552354,
        "name": "Abjakhali",
        "place": "suburb"
      }
    },
    {
      "type": "Feature",
      "geometry": {
        "type": "Point",
        "coordinates": [
          88.2779166,
          22.3851097
        ]
      },
      "properties": {
        "osm_id": 10690552448,
        "name": "Chakbagi",
        "place": "suburb"
      }
    },
    {
      "type": "Feature",
      "geometry": {
        "type": "Point",
        "coordinates": [
          88.2902356,
          22.4071772
        ]
      },
      "properties": {
        "osm_id": 10690552636,
        "name": "Bagi",
        "place": "suburb"
      }
    },
    {
      "type": "Feature",
      "geometry": {
        "type": "Point",
        "coordinates": [
          88.2980953,
          22.3981603
        ]
      },
      "properties": {
        "osm_id": 10690553829,
        "name": "Uttar Gauripur",
        "place": "suburb"
      }
    },
    {
      "type": "Feature",
      "geometry": {
        "type": "Point",
        "coordinates": [
          88.2843413,
          22.3927503
        ]
      },
      "properties": {
        "osm_id": 10690572455,
        "name": "Ganeskuribaria",
        "place": "suburb"
      }
    },
    {
      "type": "Feature",
      "geometry": {
        "type": "Point",
        "coordinates": [
          88.2726297,
          22.4193861
        ]
      },
      "properties": {
        "osm_id": 10690587039,
        "name": "Uttar Kazirhat",
        "place": "suburb"
      }
    },
    {
      "type": "Feature",
      "geometry": {
        "type": "Point",
        "coordinates": [
          88.2696973,
          22.4088268
        ]
      },
      "properties": {
        "osm_id": 10690598609,
        "name": "Dakshin Kazirhat",
        "place": "suburb"
      }
    },
    {
      "type": "Feature",
      "geometry": {
        "type": "Point",
        "coordinates": [
          88.2773246,
          22.3755775
        ]
      },
      "properties": {
        "osm_id": 10692327378,
        "name": "Udayrampur",
        "place": "suburb"
      }
    },
    {
      "type": "Feature",
      "geometry": {
        "type": "Point",
        "coordinates": [
          88.227235,
          22.4440561
        ]
      },
      "properties": {
        "osm_id": 10692348790,
        "name": "Khagramuri",
        "place": "suburb"
      }
    },
    {
      "type": "Feature",
      "geometry": {
        "type": "Point",
        "coordinates": [
          88.2214166,
          22.3974748
        ]
      },
      "properties": {
        "osm_id": 10692356196,
        "name": "Sajua",
        "place": "suburb"
      }
    },
    {
      "type": "Feature",
      "geometry": {
        "type": "Point",
        "coordinates": [
          88.221141,
          22.4086256
        ]
      },
      "properties": {
        "osm_id": 10692361641,
        "name": "Hatbaria",
        "place": "suburb"
      }
    },
    {
      "type": "Feature",
      "geometry": {
        "type": "Point",
        "coordinates": [
          88.2141546,
          22.3995429
        ]
      },
      "properties": {
        "osm_id": 10692367639,
        "name": "Makhalia",
        "place": "suburb"
      }
    },
    {
      "type": "Feature",
      "geometry": {
        "type": "Point",
        "coordinates": [
          88.2034992,
          22.387928
        ]
      },
      "properties": {
        "osm_id": 10692367703,
        "name": "Khasjhika",
        "place": "suburb"
      }
    },
    {
      "type": "Feature",
      "geometry": {
        "type": "Point",
        "coordinates": [
          88.2309927,
          22.3516394
        ]
      },
      "properties": {
        "osm_id": 10692370177,
        "name": "Krishnapur",
        "place": "suburb"
      }
    },
    {
      "type": "Feature",
      "geometry": {
        "type": "Point",
        "coordinates": [
          88.2133939,
          22.4084077
        ]
      },
      "properties": {
        "osm_id": 10692386256,
        "name": "Jhikurbere",
        "place": "suburb"
      }
    },
    {
      "type": "Feature",
      "geometry": {
        "type": "Point",
        "coordinates": [
          88.229571,
          22.4111661
        ]
      },
      "properties": {
        "osm_id": 10692386277,
        "name": "Bhetki",
        "place": "suburb"
      }
    },
    {
      "type": "Feature",
      "geometry": {
        "type": "Point",
        "coordinates": [
          88.2254683,
          22.4316243
        ]
      },
      "properties": {
        "osm_id": 10692386294,
        "name": "Chandrahati",
        "place": "suburb"
      }
    },
    {
      "type": "Feature",
      "geometry": {
        "type": "Point",
        "coordinates": [
          88.2467986,
          22.4118338
        ]
      },
      "properties": {
        "osm_id": 10692386297,
        "name": "Gazipur",
        "place": "suburb"
      }
    },
    {
      "type": "Feature",
      "geometry": {
        "type": "Point",
        "coordinates": [
          88.2883987,
          22.3703341
        ]
      },
      "properties": {
        "osm_id": 10692397645,
        "name": "Enayetnagar",
        "place": "suburb"
      }
    },
    {
      "type": "Feature",
      "geometry": {
        "type": "Point",
        "coordinates": [
          88.282327,
          22.3509736
        ]
      },
      "properties": {
        "osm_id": 10692399971,
        "name": "Chandi",
        "place": "suburb"
      }
    },
    {
      "type": "Feature",
      "geometry": {
        "type": "Point",
        "coordinates": [
          88.2165729,
          22.3922772
        ]
      },
      "properties": {
        "osm_id": 10692401178,
        "name": "Kirtankhola",
        "place": "suburb"
      }
    },
    {
      "type": "Feature",
      "geometry": {
        "type": "Point",
        "coordinates": [
          88.2426759,
          22.4188585
        ]
      },
      "properties": {
        "osm_id": 10692401200,
        "name": "Angarbaria",
        "place": "suburb"
      }
    },
    {
      "type": "Feature",
      "geometry": {
        "type": "Point",
        "coordinates": [
          88.2121234,
          22.3516351
        ]
      },
      "properties": {
        "osm_id": 10692402139,
        "name": "Egaragram",
        "place": "suburb"
      }
    },
    {
      "type": "Feature",
      "geometry": {
        "type": "Point",
        "coordinates": [
          88.227611,
          22.4149326
        ]
      },
      "properties": {
        "osm_id": 10692403130,
        "name": "Mukundapur",
        "place": "suburb"
      }
    },
    {
      "type": "Feature",
      "geometry": {
        "type": "Point",
        "coordinates": [
          88.2971703,
          22.3640332
        ]
      },
      "properties": {
        "osm_id": 10692403289,
        "name": "Mirpur",
        "place": "suburb"
      }
    },
    {
      "type": "Feature",
      "geometry": {
        "type": "Point",
        "coordinates": [
          88.2366983,
          22.3385963
        ]
      },
      "properties": {
        "osm_id": 10692403392,
        "name": "Ghora Hatamukandapur",
        "place": "suburb"
      }
    },
    {
      "type": "Feature",
      "geometry": {
        "type": "Point",
        "coordinates": [
          88.2459703,
          22.3466576
        ]
      },
      "properties": {
        "osm_id": 10692403393,
        "name": "Gobindapur",
        "place": "suburb"
      }
    },
    {
      "type": "Feature",
      "geometry": {
        "type": "Point",
        "coordinates": [
          88.2079087,
          22.4015697
        ]
      },
      "properties": {
        "osm_id": 10692403649,
        "name": "Chak Sukdeb",
        "place": "suburb"
      }
    },
    {
      "type": "Feature",
      "geometry": {
        "type": "Point",
        "coordinates": [
          88.2657853,
          22.3384328
        ]
      },
      "properties": {
        "osm_id": 10692405891,
        "name": "Gangarampur",
        "place": "suburb"
      }
    },
    {
      "type": "Feature",
      "geometry": {
        "type": "Point",
        "coordinates": [
          88.237644,
          22.331267
        ]
      },
      "properties": {
        "osm_id": 10692409053,
        "name": "Golbari Kalicharanpur",
        "place": "suburb"
      }
    },
    {
      "type": "Feature",
      "geometry": {
        "type": "Point",
        "coordinates": [
          88.2134073,
          22.4175676
        ]
      },
      "properties": {
        "osm_id": 10692409274,
        "name": "Khanpur",
        "place": "suburb"
      }
    },
    {
      "type": "Feature",
      "geometry": {
        "type": "Point",
        "coordinates": [
          88.2538143,
          22.3341647
        ]
      },
      "properties": {
        "osm_id": 10692411006,
        "name": "Deuli Sultanpur",
        "place": "suburb"
      }
    },
    {
      "type": "Feature",
      "geometry": {
        "type": "Point",
        "coordinates": [
          88.2336697,
          22.4211347
        ]
      },
      "properties": {
        "osm_id": 10692413754,
        "name": "Ramnagar",
        "place": "suburb"
      }
    },
    {
      "type": "Feature",
      "geometry": {
        "type": "Point",
        "coordinates": [
          88.251682,
          22.4052217
        ]
      },
      "properties": {
        "osm_id": 10692413758,
        "name": "Chandpur",
        "place": "suburb"
      }
    },
    {
      "type": "Feature",
      "geometry": {
        "type": "Point",
        "coordinates": [
          88.2216913,
          22.4199141
        ]
      },
      "properties": {
        "osm_id": 10692416567,
        "name": "Ramdebpur",
        "place": "suburb"
      }
    },
    {
      "type": "Feature",
      "geometry": {
        "type": "Point",
        "coordinates": [
          88.2145677,
          22.4288426
        ]
      },
      "properties": {
        "osm_id": 10692418211,
        "name": "Akulshe",
        "place": "suburb"
      }
    },
    {
      "type": "Feature",
      "geometry": {
        "type": "Point",
        "coordinates": [
          88.2357583,
          22.4127638
        ]
      },
      "properties": {
        "osm_id": 10692418212,
        "name": "Raypur",
        "place": "suburb"
      }
    },
    {
      "type": "Feature",
      "geometry": {
        "type": "Point",
        "coordinates": [
          88.2277893,
          22.3370331
        ]
      },
      "properties": {
        "osm_id": 10692419233,
        "name": "Ramchandrapur",
        "place": "suburb"
      }
    },
    {
      "type": "Feature",
      "geometry": {
        "type": "Point",
        "coordinates": [
          88.2468387,
          22.3836528
        ]
      },
      "properties": {
        "osm_id": 10692419345,
        "name": "Maukhali",
        "place": "suburb"
      }
    },
    {
      "type": "Feature",
      "geometry": {
        "type": "Point",
        "coordinates": [
          88.2282277,
          22.4242732
        ]
      },
      "properties": {
        "osm_id": 10692424060,
        "name": "Dulalpur",
        "place": "suburb"
      }
    },
    {
      "type": "Feature",
      "geometry": {
        "type": "Point",
        "coordinates": [
          88.26163,
          22.4028728
        ]
      },
      "properties": {
        "osm_id": 10692424745,
        "name": "Kadambatala",
        "place": "suburb"
      }
    },
    {
      "type": "Feature",
      "geometry": {
        "type": "Point",
        "coordinates": [
          88.256749,
          22.4046269
        ]
      },
      "properties": {
        "osm_id": 10692424947,
        "name": "Chhota Gagangohalia",
        "place": "suburb"
      }
    },
    {
      "type": "Feature",
      "geometry": {
        "type": "Point",
        "coordinates": [
          88.2553527,
          22.3812337
        ]
      },
      "properties": {
        "osm_id": 10692425857,
        "name": "Mamudpur",
        "place": "suburb"
      }
    },
    {
      "type": "Feature",
      "geometry": {
        "type": "Point",
        "coordinates": [
          88.248922,
          22.3552066
        ]
      },
      "properties": {
        "osm_id": 10692427235,
        "name": "Srikrishnapur",
        "place": "suburb"
      }
    },
    {
      "type": "Feature",
      "geometry": {
        "type": "Point",
        "coordinates": [
          88.2495079,
          22.376525
        ]
      },
      "properties": {
        "osm_id": 10692428829,
        "name": "Kasibati",
        "place": "suburb"
      }
    },
    {
      "type": "Feature",
      "geometry": {
        "type": "Point",
        "coordinates": [
          88.248042,
          22.3708853
        ]
      },
      "properties": {
        "osm_id": 10692428846,
        "name": "Chak Srikrishnapur",
        "place": "suburb"
      }
    },
    {
      "type": "Feature",
      "geometry": {
        "type": "Point",
        "coordinates": [
          88.234779,
          22.3445929
        ]
      },
      "properties": {
        "osm_id": 10692430248,
        "name": "Sultanganja",
        "place": "suburb"
      }
    },
    {
      "type": "Feature",
      "geometry": {
        "type": "Point",
        "coordinates": [
          88.2220013,
          22.3508162
        ]
      },
      "properties": {
        "osm_id": 10692431053,
        "name": "Kishorpur",
        "place": "suburb"
      }
    },
    {
      "type": "Feature",
      "geometry": {
        "type": "Point",
        "coordinates": [
          88.2150183,
          22.3585879
        ]
      },
      "properties": {
        "osm_id": 10692431054,
        "name": "Dadpur",
        "place": "suburb"
      }
    },
    {
      "type": "Feature",
      "geometry": {
        "type": "Point",
        "coordinates": [
          88.2089453,
          22.3433953
        ]
      },
      "properties": {
        "osm_id": 10692438849,
        "name": "Nalbhag",
        "place": "suburb"
      }
    },
    {
      "type": "Feature",
      "geometry": {
        "type": "Point",
        "coordinates": [
          88.2179154,
          22.3380202
        ]
      },
      "properties": {
        "osm_id": 10692439123,
        "name": "Abhirampur",
        "place": "suburb"
      }
    },
    {
      "type": "Feature",
      "geometry": {
        "type": "Point",
        "coordinates": [
          88.2281217,
          22.369525
        ]
      },
      "properties": {
        "osm_id": 10692441566,
        "name": "Ramchandra Nagar",
        "place": "suburb"
      }
    },
    {
      "type": "Feature",
      "geometry": {
        "type": "Point",
        "coordinates": [
          88.226729,
          22.3599457
        ]
      },
      "properties": {
        "osm_id": 10692442975,
        "name": "Dharmapur",
        "place": "suburb"
      }
    },
    {
      "type": "Feature",
      "geometry": {
        "type": "Point",
        "coordinates": [
          88.220822,
          22.3747566
        ]
      },
      "properties": {
        "osm_id": 10692443505,
        "name": "Bhabanipur",
        "place": "suburb"
      }
    },
    {
      "type": "Feature",
      "geometry": {
        "type": "Point",
        "coordinates": [
          88.2087393,
          22.3825095
        ]
      },
      "properties": {
        "osm_id": 10692443789,
        "name": "Joychandipur",
        "place": "suburb"
      }
    },
    {
      "type": "Feature",
      "geometry": {
        "type": "Point",
        "coordinates": [
          88.2090477,
          22.3753184
        ]
      },
      "properties": {
        "osm_id": 10692445384,
        "name": "Deulberia",
        "place": "suburb"
      }
    },
    {
      "type": "Feature",
      "geometry": {
        "type": "Point",
        "coordinates": [
          88.2510023,
          22.3654334
        ]
      },
      "properties": {
        "osm_id": 10692449626,
        "name": "Sukdebpur",
        "place": "suburb"
      }
    },
    {
      "type": "Feature",
      "geometry": {
        "type": "Point",
        "coordinates": [
          88.2362307,
          22.3653223
        ]
      },
      "properties": {
        "osm_id": 10692450971,
        "name": "Borahanpur",
        "place": "suburb"
      }
    },
    {
      "type": "Feature",
      "geometry": {
        "type": "Point",
        "coordinates": [
          88.252608,
          22.3718867
        ]
      },
      "properties": {
        "osm_id": 10692456340,
        "name": "Jayrampur",
        "place": "suburb"
      }
    },
    {
      "type": "Feature",
      "geometry": {
        "type": "Point",
        "coordinates": [
          88.2551534,
          22.5269342
        ]
      },
      "properties": {
        "osm_id": 10692939313,
        "name": "Santoshpur",
        "place": "suburb"
      }
    },
    {
      "type": "Feature",
      "geometry": {
        "type": "Point",
        "coordinates": [
          88.2229919,
          22.5132661
        ]
      },
      "properties": {
        "osm_id": 10692939766,
        "name": "Batanagar",
        "place": "suburb"
      }
    },
    {
      "type": "Feature",
      "geometry": {
        "type": "Point",
        "coordinates": [
          88.2679343,
          22.54357
        ]
      },
      "properties": {
        "osm_id": 10692982851,
        "name": "Metiabruz",
        "place": "suburb"
      }
    },
    {
      "type": "Feature",
      "geometry": {
        "type": "Point",
        "coordinates": [
          88.461642,
          22.4294078
        ]
      },
      "properties": {
        "osm_id": 10694556131,
        "name": "Hasanpur",
        "place": "suburb"
      }
    },
    {
      "type": "Feature",
      "geometry": {
        "type": "Point",
        "coordinates": [
          88.3652142,
          22.4477322
        ]
      },
      "properties": {
        "osm_id": 10694587098,
        "name": "Paschim Nischintapur",
        "place": "suburb"
      }
    },
    {
      "type": "Feature",
      "geometry": {
        "type": "Point",
        "coordinates": [
          88.4076651,
          22.4049512
        ]
      },
      "properties": {
        "osm_id": 10694599546,
        "name": "Chouhati",
        "place": "suburb"
      }
    },
    {
      "type": "Feature",
      "geometry": {
        "type": "Point",
        "coordinates": [
          88.3837159,
          22.4639291
        ]
      },
      "properties": {
        "osm_id": 10694618096,
        "name": "Barhans Fartabad",
        "place": "suburb"
      }
    },
    {
      "type": "Feature",
      "geometry": {
        "type": "Point",
        "coordinates": [
          88.3882694,
          22.4286007
        ]
      },
      "properties": {
        "osm_id": 10694662959,
        "name": "Elachi",
        "place": "suburb"
      }
    },
    {
      "type": "Feature",
      "geometry": {
        "type": "Point",
        "coordinates": [
          88.3506475,
          22.447586
        ]
      },
      "properties": {
        "osm_id": 10694669516,
        "name": "Rania",
        "place": "suburb"
      }
    },
    {
      "type": "Feature",
      "geometry": {
        "type": "Point",
        "coordinates": [
          88.4222089,
          22.4468056
        ]
      },
      "properties": {
        "osm_id": 10694681548,
        "name": "Kamrabad",
        "place": "suburb"
      }
    },
    {
      "type": "Feature",
      "geometry": {
        "type": "Point",
        "coordinates": [
          88.396599,
          22.4690184
        ]
      },
      "properties": {
        "osm_id": 10694694187,
        "name": "Garagacha",
        "place": "suburb"
      }
    },
    {
      "type": "Feature",
      "geometry": {
        "type": "Point",
        "coordinates": [
          88.4464378,
          22.4410829
        ]
      },
      "properties": {
        "osm_id": 10694696246,
        "name": "Ghasiara",
        "place": "suburb"
      }
    },
    {
      "type": "Feature",
      "geometry": {
        "type": "Point",
        "coordinates": [
          88.4060222,
          22.4530589
        ]
      },
      "properties": {
        "osm_id": 10694706693,
        "name": "Kumrokhali",
        "place": "suburb"
      }
    },
    {
      "type": "Feature",
      "geometry": {
        "type": "Point",
        "coordinates": [
          88.4402117,
          22.4481228
        ]
      },
      "properties": {
        "osm_id": 10694717841,
        "name": "Gorkhara",
        "place": "suburb"
      }
    },
    {
      "type": "Feature",
      "geometry": {
        "type": "Point",
        "coordinates": [
          88.3815866,
          22.4441765
        ]
      },
      "properties": {
        "osm_id": 10694736281,
        "name": "Sreepur Bagher Khol",
        "place": "suburb"
      }
    },
    {
      "type": "Feature",
      "geometry": {
        "type": "Point",
        "coordinates": [
          88.3955392,
          22.4495236
        ]
      },
      "properties": {
        "osm_id": 10694764770,
        "name": "Kamalgazi",
        "place": "suburb"
      }
    },
    {
      "type": "Feature",
      "geometry": {
        "type": "Point",
        "coordinates": [
          88.4313885,
          22.4497439
        ]
      },
      "properties": {
        "osm_id": 10694792936,
        "name": "Noapara",
        "place": "suburb"
      }
    },
    {
      "type": "Feature",
      "geometry": {
        "type": "Point",
        "coordinates": [
          88.4022259,
          22.4562973
        ]
      },
      "properties": {
        "osm_id": 10694799970,
        "name": "Kandarpapur Boalia",
        "place": "suburb"
      }
    },
    {
      "type": "Feature",
      "geometry": {
        "type": "Point",
        "coordinates": [
          88.4101865,
          22.469909
        ]
      },
      "properties": {
        "osm_id": 10694809973,
        "name": "Dhelua",
        "place": "suburb"
      }
    },
    {
      "type": "Feature",
      "geometry": {
        "type": "Point",
        "coordinates": [
          88.400083,
          22.4141923
        ]
      },
      "properties": {
        "osm_id": 10694827465,
        "name": "Dhamaitala",
        "place": "suburb"
      }
    },
    {
      "type": "Feature",
      "geometry": {
        "type": "Point",
        "coordinates": [
          88.4022091,
          22.4652372
        ]
      },
      "properties": {
        "osm_id": 10694840501,
        "name": "Tentulberia",
        "place": "suburb"
      }
    },
    {
      "type": "Feature",
      "geometry": {
        "type": "Point",
        "coordinates": [
          88.3913039,
          22.4591657
        ]
      },
      "properties": {
        "osm_id": 10694851505,
        "name": "Balia",
        "place": "suburb"
      }
    },
    {
      "type": "Feature",
      "geometry": {
        "type": "Point",
        "coordinates": [
          88.4050812,
          22.1716413
        ]
      },
      "properties": {
        "osm_id": 10695249081,
        "name": "Bangsidharpur",
        "place": "suburb"
      }
    },
    {
      "type": "Feature",
      "geometry": {
        "type": "Point",
        "coordinates": [
          88.4219731,
          22.1639713
        ]
      },
      "properties": {
        "osm_id": 10696702473,
        "name": "Gaherpur",
        "place": "suburb"
      }
    },
    {
      "type": "Feature",
      "geometry": {
        "type": "Point",
        "coordinates": [
          88.2211003,
          22.3819456
        ]
      },
      "properties": {
        "osm_id": 10696834433,
        "name": "Barkalikapur",
        "place": "suburb"
      }
    },
    {
      "type": "Feature",
      "geometry": {
        "type": "Point",
        "coordinates": [
          88.4525029,
          22.3651658
        ]
      },
      "properties": {
        "osm_id": 10696959653,
        "name": "Madarat",
        "place": "suburb"
      }
    },
    {
      "type": "Feature",
      "geometry": {
        "type": "Point",
        "coordinates": [
          88.413158,
          22.4497452
        ]
      },
      "properties": {
        "osm_id": 10697600238,
        "name": "Kusumba",
        "place": "suburb"
      }
    },
    {
      "type": "Feature",
      "geometry": {
        "type": "Point",
        "coordinates": [
          88.4119089,
          22.4340393
        ]
      },
      "properties": {
        "osm_id": 10697627906,
        "name": "Malikapur",
        "place": "suburb"
      }
    },
    {
      "type": "Feature",
      "geometry": {
        "type": "Point",
        "coordinates": [
          88.4228216,
          22.4326597
        ]
      },
      "properties": {
        "osm_id": 10697637368,
        "name": "Baikunthapur",
        "place": "suburb"
      }
    },
    {
      "type": "Feature",
      "geometry": {
        "type": "Point",
        "coordinates": [
          88.4180908,
          22.4436574
        ]
      },
      "properties": {
        "osm_id": 10697658952,
        "name": "Teghari",
        "place": "suburb"
      }
    },
    {
      "type": "Feature",
      "geometry": {
        "type": "Point",
        "coordinates": [
          88.4169323,
          22.4390267
        ]
      },
      "properties": {
        "osm_id": 10697664607,
        "name": "Nischintapur",
        "place": "suburb"
      }
    },
    {
      "type": "Feature",
      "geometry": {
        "type": "Point",
        "coordinates": [
          88.4101857,
          22.4387894
        ]
      },
      "properties": {
        "osm_id": 10697683454,
        "name": "Jagannathpur",
        "place": "suburb"
      }
    },
    {
      "type": "Feature",
      "geometry": {
        "type": "Point",
        "coordinates": [
          88.4038487,
          22.4361565
        ]
      },
      "properties": {
        "osm_id": 10697771665,
        "name": "Ukila Paikpara",
        "place": "suburb"
      }
    },
    {
      "type": "Feature",
      "geometry": {
        "type": "Point",
        "coordinates": [
          88.4112027,
          22.4229879
        ]
      },
      "properties": {
        "osm_id": 10697776299,
        "name": "Rajpur",
        "place": "suburb"
      }
    },
    {
      "type": "Feature",
      "geometry": {
        "type": "Point",
        "coordinates": [
          87.8035934,
          21.9685242
        ]
      },
      "properties": {
        "osm_id": 10747634561,
        "name": "Henria",
        "place": "village"
      }
    },
    {
      "type": "Feature",
      "geometry": {
        "type": "Point",
        "coordinates": [
          88.6024105,
          22.3367153
        ]
      },
      "properties": {
        "osm_id": 10789422584,
        "name": "Rajapur",
        "place": "suburb"
      }
    },
    {
      "type": "Feature",
      "geometry": {
        "type": "Point",
        "coordinates": [
          88.6590991,
          22.3118694
        ]
      },
      "properties": {
        "osm_id": 10789469527,
        "name": "Dighirpar",
        "place": "suburb"
      }
    },
    {
      "type": "Feature",
      "geometry": {
        "type": "Point",
        "coordinates": [
          88.6217175,
          22.3309248
        ]
      },
      "properties": {
        "osm_id": 10789474724,
        "name": "Bayarsing",
        "place": "suburb"
      }
    },
    {
      "type": "Feature",
      "geometry": {
        "type": "Point",
        "coordinates": [
          88.5299418,
          22.3777968
        ]
      },
      "properties": {
        "osm_id": 10789483158,
        "name": "Gaur Daha",
        "place": "suburb"
      }
    },
    {
      "type": "Feature",
      "geometry": {
        "type": "Point",
        "coordinates": [
          88.5202666,
          22.3836699
        ]
      },
      "properties": {
        "osm_id": 10789494469,
        "name": "Kalaria",
        "place": "suburb"
      }
    },
    {
      "type": "Feature",
      "geometry": {
        "type": "Point",
        "coordinates": [
          88.5541123,
          22.3839723
        ]
      },
      "properties": {
        "osm_id": 10789496589,
        "name": "Makhal Tala",
        "place": "suburb"
      }
    },
    {
      "type": "Feature",
      "geometry": {
        "type": "Point",
        "coordinates": [
          88.6096578,
          22.3457221
        ]
      },
      "properties": {
        "osm_id": 10789501445,
        "name": "Taldi",
        "place": "suburb"
      }
    },
    {
      "type": "Feature",
      "geometry": {
        "type": "Point",
        "coordinates": [
          88.5492746,
          22.3660516
        ]
      },
      "properties": {
        "osm_id": 10789506898,
        "name": "Banshra",
        "place": "suburb"
      }
    },
    {
      "type": "Feature",
      "geometry": {
        "type": "Point",
        "coordinates": [
          88.6482492,
          22.3222083
        ]
      },
      "properties": {
        "osm_id": 10789525648,
        "name": "Matla",
        "place": "suburb"
      }
    },
    {
      "type": "Feature",
      "geometry": {
        "type": "Point",
        "coordinates": [
          88.1572029,
          22.2563226
        ]
      },
      "properties": {
        "osm_id": 10790312552,
        "name": "Patdaha",
        "place": "suburb"
      }
    },
    {
      "type": "Feature",
      "geometry": {
        "type": "Point",
        "coordinates": [
          88.244897,
          22.2453702
        ]
      },
      "properties": {
        "osm_id": 10790320896,
        "name": "Sangrampur",
        "place": "suburb"
      }
    },
    {
      "type": "Feature",
      "geometry": {
        "type": "Point",
        "coordinates": [
          88.2448977,
          22.2572843
        ]
      },
      "properties": {
        "osm_id": 10790332543,
        "name": "Masat",
        "place": "suburb"
      }
    },
    {
      "type": "Feature",
      "geometry": {
        "type": "Point",
        "coordinates": [
          88.2144618,
          22.1958789
        ]
      },
      "properties": {
        "osm_id": 10790332548,
        "name": "Durganagar",
        "place": "suburb"
      }
    },
    {
      "type": "Feature",
      "geometry": {
        "type": "Point",
        "coordinates": [
          88.1815741,
          22.2238256
        ]
      },
      "properties": {
        "osm_id": 10790337482,
        "name": "Mohanpur",
        "place": "suburb"
      }
    },
    {
      "type": "Feature",
      "geometry": {
        "type": "Point",
        "coordinates": [
          88.2714879,
          22.3253906
        ]
      },
      "properties": {
        "osm_id": 10790374547,
        "name": "Ajodhyanagar",
        "place": "suburb"
      }
    },
    {
      "type": "Feature",
      "geometry": {
        "type": "Point",
        "coordinates": [
          88.2534125,
          22.3095208
        ]
      },
      "properties": {
        "osm_id": 10790380384,
        "name": "Hasimnagar",
        "place": "suburb"
      }
    },
    {
      "type": "Feature",
      "geometry": {
        "type": "Point",
        "coordinates": [
          88.2631537,
          22.3096245
        ]
      },
      "properties": {
        "osm_id": 10790381747,
        "name": "Baneshwarpur",
        "place": "suburb"
      }
    },
    {
      "type": "Feature",
      "geometry": {
        "type": "Point",
        "coordinates": [
          88.1657301,
          22.2906784
        ]
      },
      "properties": {
        "osm_id": 10790385797,
        "name": "Chandpala Anantapathpur",
        "place": "suburb"
      }
    },
    {
      "type": "Feature",
      "geometry": {
        "type": "Point",
        "coordinates": [
          88.2485464,
          22.1545299
        ]
      },
      "properties": {
        "osm_id": 10790385801,
        "name": "Berandari Bagaria",
        "place": "suburb"
      }
    },
    {
      "type": "Feature",
      "geometry": {
        "type": "Point",
        "coordinates": [
          88.2960412,
          22.0272377
        ]
      },
      "properties": {
        "osm_id": 10790387950,
        "name": "Dhola",
        "place": "suburb"
      }
    },
    {
      "type": "Feature",
      "geometry": {
        "type": "Point",
        "coordinates": [
          88.2324633,
          22.2846137
        ]
      },
      "properties": {
        "osm_id": 10790389120,
        "name": "Fatepur",
        "place": "suburb"
      }
    },
    {
      "type": "Feature",
      "geometry": {
        "type": "Point",
        "coordinates": [
          88.3038815,
          22.2616326
        ]
      },
      "properties": {
        "osm_id": 10790440576,
        "name": "Uttar Bishnupur",
        "place": "suburb"
      }
    },
    {
      "type": "Feature",
      "geometry": {
        "type": "Point",
        "coordinates": [
          88.2607151,
          22.3423744
        ]
      },
      "properties": {
        "osm_id": 10790441056,
        "name": "Sirakol",
        "place": "suburb"
      }
    },
    {
      "type": "Feature",
      "geometry": {
        "type": "Point",
        "coordinates": [
          88.3360718,
          22.226954
        ]
      },
      "properties": {
        "osm_id": 10790448825,
        "name": "Kalikapota",
        "place": "suburb"
      }
    },
    {
      "type": "Feature",
      "geometry": {
        "type": "Point",
        "coordinates": [
          88.2874682,
          22.2264508
        ]
      },
      "properties": {
        "osm_id": 10790449391,
        "name": "Barijpur",
        "place": "suburb"
      }
    },
    {
      "type": "Feature",
      "geometry": {
        "type": "Point",
        "coordinates": [
          88.2886843,
          22.2398797
        ]
      },
      "properties": {
        "osm_id": 10790452045,
        "name": "Ghola Noapara",
        "place": "suburb"
      }
    },
    {
      "type": "Feature",
      "geometry": {
        "type": "Point",
        "coordinates": [
          88.388263,
          22.2796227
        ]
      },
      "properties": {
        "osm_id": 10790482987,
        "name": "Shyampur",
        "place": "suburb"
      }
    },
    {
      "type": "Feature",
      "geometry": {
        "type": "Point",
        "coordinates": [
          88.3421444,
          22.2165876
        ]
      },
      "properties": {
        "osm_id": 10790483075,
        "name": "Bamna",
        "place": "suburb"
      }
    },
    {
      "type": "Feature",
      "geometry": {
        "type": "Point",
        "coordinates": [
          88.3967486,
          22.2841733
        ]
      },
      "properties": {
        "osm_id": 10790483364,
        "name": "Dhamua",
        "place": "suburb"
      }
    },
    {
      "type": "Feature",
      "geometry": {
        "type": "Point",
        "coordinates": [
          88.3020579,
          22.2266043
        ]
      },
      "properties": {
        "osm_id": 10790486622,
        "name": "Uttar Kusum",
        "place": "suburb"
      }
    },
    {
      "type": "Feature",
      "geometry": {
        "type": "Point",
        "coordinates": [
          88.3943222,
          22.1560204
        ]
      },
      "properties": {
        "osm_id": 10790502488,
        "name": "Purba Bishnupur",
        "place": "suburb"
      }
    },
    {
      "type": "Feature",
      "geometry": {
        "type": "Point",
        "coordinates": [
          88.3542893,
          22.237568
        ]
      },
      "properties": {
        "osm_id": 10790502879,
        "name": "Swangrampur",
        "place": "suburb"
      }
    },
    {
      "type": "Feature",
      "geometry": {
        "type": "Point",
        "coordinates": [
          88.3712739,
          22.2347572
        ]
      },
      "properties": {
        "osm_id": 10790511377,
        "name": "Bilandapur",
        "place": "suburb"
      }
    },
    {
      "type": "Feature",
      "geometry": {
        "type": "Point",
        "coordinates": [
          88.3506391,
          22.2747755
        ]
      },
      "properties": {
        "osm_id": 10790512417,
        "name": "Nainan",
        "place": "suburb"
      }
    },
    {
      "type": "Feature",
      "geometry": {
        "type": "Point",
        "coordinates": [
          88.347005,
          22.2553761
        ]
      },
      "properties": {
        "osm_id": 10790512742,
        "name": "Uttar Kalas",
        "place": "suburb"
      }
    },
    {
      "type": "Feature",
      "geometry": {
        "type": "Point",
        "coordinates": [
          88.3409331,
          22.2508426
        ]
      },
      "properties": {
        "osm_id": 10790520332,
        "name": "Dihi Kalas",
        "place": "suburb"
      }
    },
    {
      "type": "Feature",
      "geometry": {
        "type": "Point",
        "coordinates": [
          88.4228199,
          22.1332087
        ]
      },
      "properties": {
        "osm_id": 10790522485,
        "name": "Lalpur",
        "place": "suburb"
      }
    },
    {
      "type": "Feature",
      "geometry": {
        "type": "Point",
        "coordinates": [
          88.3603542,
          22.1616451
        ]
      },
      "properties": {
        "osm_id": 10790552869,
        "name": "Chandpur",
        "place": "suburb"
      }
    },
    {
      "type": "Feature",
      "geometry": {
        "type": "Point",
        "coordinates": [
          88.4428099,
          22.1386089
        ]
      },
      "properties": {
        "osm_id": 10790562297,
        "name": "Purba Ranaghat",
        "place": "suburb"
      }
    },
    {
      "type": "Feature",
      "geometry": {
        "type": "Point",
        "coordinates": [
          88.4294808,
          22.1191136
        ]
      },
      "properties": {
        "osm_id": 10790576405,
        "name": "Krishna Chandrapur",
        "place": "suburb"
      }
    },
    {
      "type": "Feature",
      "geometry": {
        "type": "Point",
        "coordinates": [
          88.4991673,
          22.5569919
        ]
      },
      "properties": {
        "osm_id": 10792425142,
        "name": "Action Area III",
        "place": "suburb"
      }
    },
    {
      "type": "Feature",
      "geometry": {
        "type": "Point",
        "coordinates": [
          88.4623797,
          22.5807042
        ]
      },
      "properties": {
        "osm_id": 10792425144,
        "name": "Action Area I",
        "place": "suburb"
      }
    },
    {
      "type": "Feature",
      "geometry": {
        "type": "Point",
        "coordinates": [
          88.4322569,
          22.5754543
        ]
      },
      "properties": {
        "osm_id": 10792425145,
        "name": "Sector V",
        "place": "suburb"
      }
    },
    {
      "type": "Feature",
      "geometry": {
        "type": "Point",
        "coordinates": [
          88.4136879,
          22.5770567
        ]
      },
      "properties": {
        "osm_id": 10792425146,
        "name": "Sector III",
        "place": "suburb"
      }
    },
    {
      "type": "Feature",
      "geometry": {
        "type": "Point",
        "coordinates": [
          88.4246179,
          22.5922799
        ]
      },
      "properties": {
        "osm_id": 10792425147,
        "name": "Sector II",
        "place": "suburb"
      }
    },
    {
      "type": "Feature",
      "geometry": {
        "type": "Point",
        "coordinates": [
          88.4130952,
          22.5949519
        ]
      },
      "properties": {
        "osm_id": 10792425148,
        "name": "Sector I",
        "place": "suburb"
      }
    },
    {
      "type": "Feature",
      "geometry": {
        "type": "Point",
        "coordinates": [
          88.5657573,
          22.0465878
        ]
      },
      "properties": {
        "osm_id": 10793000952,
        "name": "Madhabpur",
        "place": "suburb"
      }
    },
    {
      "type": "Feature",
      "geometry": {
        "type": "Point",
        "coordinates": [
          88.5656564,
          22.0181568
        ]
      },
      "properties": {
        "osm_id": 10793018392,
        "name": "Shyamnagar",
        "place": "suburb"
      }
    },
    {
      "type": "Feature",
      "geometry": {
        "type": "Point",
        "coordinates": [
          88.5770967,
          22.0115695
        ]
      },
      "properties": {
        "osm_id": 10793022812,
        "name": "Dakshin Durgapur",
        "place": "suburb"
      }
    },
    {
      "type": "Feature",
      "geometry": {
        "type": "Point",
        "coordinates": [
          88.596695,
          22.0028742
        ]
      },
      "properties": {
        "osm_id": 10793022813,
        "name": "Deulbari Debipur",
        "place": "suburb"
      }
    },
    {
      "type": "Feature",
      "geometry": {
        "type": "Point",
        "coordinates": [
          88.6107153,
          22.0398881
        ]
      },
      "properties": {
        "osm_id": 10793022952,
        "name": "Kaikhali",
        "place": "suburb"
      }
    },
    {
      "type": "Feature",
      "geometry": {
        "type": "Point",
        "coordinates": [
          88.5534772,
          22.0696179
        ]
      },
      "properties": {
        "osm_id": 10793023112,
        "name": "Purba Gabtala",
        "place": "suburb"
      }
    },
    {
      "type": "Feature",
      "geometry": {
        "type": "Point",
        "coordinates": [
          88.5245363,
          21.9662376
        ]
      },
      "properties": {
        "osm_id": 10793025536,
        "name": "Debipur Gurguria",
        "place": "suburb"
      }
    },
    {
      "type": "Feature",
      "geometry": {
        "type": "Point",
        "coordinates": [
          88.588074,
          22.0500674
        ]
      },
      "properties": {
        "osm_id": 10793025814,
        "name": "Sankizahan",
        "place": "suburb"
      }
    },
    {
      "type": "Feature",
      "geometry": {
        "type": "Point",
        "coordinates": [
          88.589659,
          22.0313856
        ]
      },
      "properties": {
        "osm_id": 10793027020,
        "name": "Katamari",
        "place": "suburb"
      }
    },
    {
      "type": "Feature",
      "geometry": {
        "type": "Point",
        "coordinates": [
          88.6156397,
          22.0611079
        ]
      },
      "properties": {
        "osm_id": 10793036042,
        "name": "Gopalganj",
        "place": "suburb"
      }
    },
    {
      "type": "Feature",
      "geometry": {
        "type": "Point",
        "coordinates": [
          88.5939687,
          22.150346
        ]
      },
      "properties": {
        "osm_id": 10793037394,
        "name": "Koabati",
        "place": "suburb"
      }
    },
    {
      "type": "Feature",
      "geometry": {
        "type": "Point",
        "coordinates": [
          88.5559353,
          22.1775555
        ]
      },
      "properties": {
        "osm_id": 10793037395,
        "name": "Kripakhali",
        "place": "suburb"
      }
    },
    {
      "type": "Feature",
      "geometry": {
        "type": "Point",
        "coordinates": [
          88.604594,
          22.0829654
        ]
      },
      "properties": {
        "osm_id": 10793049866,
        "name": "Dakshin Garankati",
        "place": "suburb"
      }
    },
    {
      "type": "Feature",
      "geometry": {
        "type": "Point",
        "coordinates": [
          88.5822136,
          22.0747771
        ]
      },
      "properties": {
        "osm_id": 10793049870,
        "name": "Madhusudanpur",
        "place": "suburb"
      }
    },
    {
      "type": "Feature",
      "geometry": {
        "type": "Point",
        "coordinates": [
          88.5739946,
          22.0932081
        ]
      },
      "properties": {
        "osm_id": 10793054044,
        "name": "Jamtala",
        "place": "suburb"
      }
    },
    {
      "type": "Feature",
      "geometry": {
        "type": "Point",
        "coordinates": [
          88.6225743,
          22.1888361
        ]
      },
      "properties": {
        "osm_id": 10793060170,
        "name": "Benimadhabpur",
        "place": "suburb"
      }
    },
    {
      "type": "Feature",
      "geometry": {
        "type": "Point",
        "coordinates": [
          88.5542543,
          22.1299165
        ]
      },
      "properties": {
        "osm_id": 10793074572,
        "name": "Jalabaria",
        "place": "suburb"
      }
    },
    {
      "type": "Feature",
      "geometry": {
        "type": "Point",
        "coordinates": [
          88.5320077,
          21.9406875
        ]
      },
      "properties": {
        "osm_id": 10793077926,
        "name": "Bhubaneshwari",
        "place": "suburb"
      }
    },
    {
      "type": "Feature",
      "geometry": {
        "type": "Point",
        "coordinates": [
          88.570949,
          21.9794078
        ]
      },
      "properties": {
        "osm_id": 10793077927,
        "name": "Purba Gurguria",
        "place": "suburb"
      }
    },
    {
      "type": "Feature",
      "geometry": {
        "type": "Point",
        "coordinates": [
          88.5255656,
          21.9235957
        ]
      },
      "properties": {
        "osm_id": 10793078113,
        "name": "Bhubaneshwari Char",
        "place": "suburb"
      }
    },
    {
      "type": "Feature",
      "geometry": {
        "type": "Point",
        "coordinates": [
          88.535855,
          22.0764781
        ]
      },
      "properties": {
        "osm_id": 10793078732,
        "name": "Paschim Gabtala",
        "place": "suburb"
      }
    },
    {
      "type": "Feature",
      "geometry": {
        "type": "Point",
        "coordinates": [
          88.599536,
          22.1293562
        ]
      },
      "properties": {
        "osm_id": 10793078941,
        "name": "Ambikanagar",
        "place": "suburb"
      }
    },
    {
      "type": "Feature",
      "geometry": {
        "type": "Point",
        "coordinates": [
          88.5535679,
          22.0904294
        ]
      },
      "properties": {
        "osm_id": 10793080304,
        "name": "Mandalerlat",
        "place": "suburb"
      }
    },
    {
      "type": "Feature",
      "geometry": {
        "type": "Point",
        "coordinates": [
          88.5720687,
          21.9358818
        ]
      },
      "properties": {
        "osm_id": 10793080307,
        "name": "Lot-120",
        "place": "suburb"
      }
    },
    {
      "type": "Feature",
      "geometry": {
        "type": "Point",
        "coordinates": [
          88.552169,
          21.9855172
        ]
      },
      "properties": {
        "osm_id": 10793081461,
        "name": "Madhya Gurguria",
        "place": "suburb"
      }
    },
    {
      "type": "Feature",
      "geometry": {
        "type": "Point",
        "coordinates": [
          88.5924987,
          21.9642066
        ]
      },
      "properties": {
        "osm_id": 10793087459,
        "name": "Lot-121",
        "place": "suburb"
      }
    },
    {
      "type": "Feature",
      "geometry": {
        "type": "Point",
        "coordinates": [
          88.5917166,
          22.1417839
        ]
      },
      "properties": {
        "osm_id": 10793094726,
        "name": "Alitakhali",
        "place": "suburb"
      }
    },
    {
      "type": "Feature",
      "geometry": {
        "type": "Point",
        "coordinates": [
          88.5995353,
          22.1148559
        ]
      },
      "properties": {
        "osm_id": 10793096154,
        "name": "Andharia",
        "place": "suburb"
      }
    },
    {
      "type": "Feature",
      "geometry": {
        "type": "Point",
        "coordinates": [
          88.540334,
          22.0973139
        ]
      },
      "properties": {
        "osm_id": 10793096914,
        "name": "Kaorakhali",
        "place": "suburb"
      }
    },
    {
      "type": "Feature",
      "geometry": {
        "type": "Point",
        "coordinates": [
          88.597893,
          22.1076347
        ]
      },
      "properties": {
        "osm_id": 10793099207,
        "name": "Balaharania",
        "place": "suburb"
      }
    },
    {
      "type": "Feature",
      "geometry": {
        "type": "Point",
        "coordinates": [
          88.577383,
          22.1459131
        ]
      },
      "properties": {
        "osm_id": 10793100737,
        "name": "Kaksaha",
        "place": "suburb"
      }
    },
    {
      "type": "Feature",
      "geometry": {
        "type": "Point",
        "coordinates": [
          88.5880783,
          22.1574364
        ]
      },
      "properties": {
        "osm_id": 10793106139,
        "name": "Gangadharpur",
        "place": "suburb"
      }
    },
    {
      "type": "Feature",
      "geometry": {
        "type": "Point",
        "coordinates": [
          88.562939,
          22.1551649
        ]
      },
      "properties": {
        "osm_id": 10793112423,
        "name": "Godabar",
        "place": "suburb"
      }
    },
    {
      "type": "Feature",
      "geometry": {
        "type": "Point",
        "coordinates": [
          88.6127242,
          22.1237278
        ]
      },
      "properties": {
        "osm_id": 10793121262,
        "name": "Dongajora",
        "place": "suburb"
      }
    },
    {
      "type": "Feature",
      "geometry": {
        "type": "Point",
        "coordinates": [
          88.5827917,
          22.1623986
        ]
      },
      "properties": {
        "osm_id": 10793122207,
        "name": "Pachua Khali",
        "place": "suburb"
      }
    },
    {
      "type": "Feature",
      "geometry": {
        "type": "Point",
        "coordinates": [
          88.5698773,
          22.1763889
        ]
      },
      "properties": {
        "osm_id": 10793122421,
        "name": "Kirtankhola",
        "place": "suburb"
      }
    },
    {
      "type": "Feature",
      "geometry": {
        "type": "Point",
        "coordinates": [
          88.5369703,
          21.9029563
        ]
      },
      "properties": {
        "osm_id": 10793123901,
        "name": "Binodpur",
        "place": "suburb"
      }
    },
    {
      "type": "Feature",
      "geometry": {
        "type": "Point",
        "coordinates": [
          88.549121,
          21.918937
        ]
      },
      "properties": {
        "osm_id": 10793125187,
        "name": "Maipit",
        "place": "suburb"
      }
    },
    {
      "type": "Feature",
      "geometry": {
        "type": "Point",
        "coordinates": [
          88.587304,
          22.096762
        ]
      },
      "properties": {
        "osm_id": 10793126551,
        "name": "Kundakhali",
        "place": "suburb"
      }
    },
    {
      "type": "Feature",
      "geometry": {
        "type": "Point",
        "coordinates": [
          88.528119,
          21.8897472
        ]
      },
      "properties": {
        "osm_id": 10793127928,
        "name": "Baikuntapur",
        "place": "suburb"
      }
    },
    {
      "type": "Feature",
      "geometry": {
        "type": "Point",
        "coordinates": [
          88.5172303,
          21.8743771
        ]
      },
      "properties": {
        "osm_id": 10793130794,
        "name": "Kisorimohanpur",
        "place": "suburb"
      }
    },
    {
      "type": "Feature",
      "geometry": {
        "type": "Point",
        "coordinates": [
          88.605988,
          22.1670362
        ]
      },
      "properties": {
        "osm_id": 10793134496,
        "name": "Purba Tetulberia",
        "place": "suburb"
      }
    },
    {
      "type": "Feature",
      "geometry": {
        "type": "Point",
        "coordinates": [
          88.5613773,
          21.8559964
        ]
      },
      "properties": {
        "osm_id": 10793139405,
        "name": "Lot-118",
        "place": "suburb"
      }
    },
    {
      "type": "Feature",
      "geometry": {
        "type": "Point",
        "coordinates": [
          88.5981399,
          22.1929579
        ]
      },
      "properties": {
        "osm_id": 10793139706,
        "name": "Meraganj",
        "place": "suburb"
      }
    },
    {
      "type": "Feature",
      "geometry": {
        "type": "Point",
        "coordinates": [
          88.6262903,
          22.1596825
        ]
      },
      "properties": {
        "osm_id": 10793142395,
        "name": "Purba Shyamnagar",
        "place": "suburb"
      }
    },
    {
      "type": "Feature",
      "geometry": {
        "type": "Point",
        "coordinates": [
          88.6200287,
          22.179167
        ]
      },
      "properties": {
        "osm_id": 10793154143,
        "name": "Kailashnagar",
        "place": "suburb"
      }
    },
    {
      "type": "Feature",
      "geometry": {
        "type": "Point",
        "coordinates": [
          88.537052,
          22.3934
        ]
      },
      "properties": {
        "osm_id": 10793284153,
        "name": "Sri Krishnapur",
        "place": "suburb"
      }
    },
    {
      "type": "Feature",
      "geometry": {
        "type": "Point",
        "coordinates": [
          88.5816773,
          22.3070307
        ]
      },
      "properties": {
        "osm_id": 10793284967,
        "name": "Thakurani Baria",
        "place": "suburb"
      }
    },
    {
      "type": "Feature",
      "geometry": {
        "type": "Point",
        "coordinates": [
          88.5397577,
          22.3854681
        ]
      },
      "properties": {
        "osm_id": 10793285165,
        "name": "Karkhanar Chak",
        "place": "suburb"
      }
    },
    {
      "type": "Feature",
      "geometry": {
        "type": "Point",
        "coordinates": [
          88.5872886,
          22.2993876
        ]
      },
      "properties": {
        "osm_id": 10793287764,
        "name": "Daria",
        "place": "suburb"
      }
    },
    {
      "type": "Feature",
      "geometry": {
        "type": "Point",
        "coordinates": [
          88.591005,
          22.2759777
        ]
      },
      "properties": {
        "osm_id": 10793287766,
        "name": "Ramamari",
        "place": "suburb"
      }
    },
    {
      "type": "Feature",
      "geometry": {
        "type": "Point",
        "coordinates": [
          88.551093,
          22.2685312
        ]
      },
      "properties": {
        "osm_id": 10793304075,
        "name": "Baloi Jhaka",
        "place": "suburb"
      }
    },
    {
      "type": "Feature",
      "geometry": {
        "type": "Point",
        "coordinates": [
          88.58192,
          22.316966
        ]
      },
      "properties": {
        "osm_id": 10793359913,
        "name": "Narayangar",
        "place": "suburb"
      }
    },
    {
      "type": "Feature",
      "geometry": {
        "type": "Point",
        "coordinates": [
          88.582007,
          22.2915159
        ]
      },
      "properties": {
        "osm_id": 10793403668,
        "name": "Ronia",
        "place": "suburb"
      }
    },
    {
      "type": "Feature",
      "geometry": {
        "type": "Point",
        "coordinates": [
          88.5853466,
          22.2329868
        ]
      },
      "properties": {
        "osm_id": 10793459157,
        "name": "Dakshin Kalikatala",
        "place": "suburb"
      }
    },
    {
      "type": "Feature",
      "geometry": {
        "type": "Point",
        "coordinates": [
          88.59744,
          22.3128969
        ]
      },
      "properties": {
        "osm_id": 10793459510,
        "name": "Mandar Baria",
        "place": "suburb"
      }
    },
    {
      "type": "Feature",
      "geometry": {
        "type": "Point",
        "coordinates": [
          88.60286,
          22.2986962
        ]
      },
      "properties": {
        "osm_id": 10793459518,
        "name": "Sundi Pukhuria",
        "place": "suburb"
      }
    },
    {
      "type": "Feature",
      "geometry": {
        "type": "Point",
        "coordinates": [
          88.5897953,
          22.2362869
        ]
      },
      "properties": {
        "osm_id": 10793459574,
        "name": "Basur Chak",
        "place": "suburb"
      }
    },
    {
      "type": "Feature",
      "geometry": {
        "type": "Point",
        "coordinates": [
          88.593432,
          22.3247124
        ]
      },
      "properties": {
        "osm_id": 10793465964,
        "name": "Sibnagar",
        "place": "suburb"
      }
    },
    {
      "type": "Feature",
      "geometry": {
        "type": "Point",
        "coordinates": [
          88.5892997,
          22.243944
        ]
      },
      "properties": {
        "osm_id": 10793472406,
        "name": "Amtala Bhadri",
        "place": "suburb"
      }
    },
    {
      "type": "Feature",
      "geometry": {
        "type": "Point",
        "coordinates": [
          88.6509193,
          22.297375
        ]
      },
      "properties": {
        "osm_id": 10793473830,
        "name": "Kara Kati",
        "place": "suburb"
      }
    },
    {
      "type": "Feature",
      "geometry": {
        "type": "Point",
        "coordinates": [
          88.6320663,
          22.2985512
        ]
      },
      "properties": {
        "osm_id": 10793476212,
        "name": "Poramura",
        "place": "suburb"
      }
    },
    {
      "type": "Feature",
      "geometry": {
        "type": "Point",
        "coordinates": [
          88.6519377,
          22.1927469
        ]
      },
      "properties": {
        "osm_id": 10793478396,
        "name": "Budh Khali",
        "place": "suburb"
      }
    },
    {
      "type": "Feature",
      "geometry": {
        "type": "Point",
        "coordinates": [
          88.6405303,
          22.3086369
        ]
      },
      "properties": {
        "osm_id": 10793478412,
        "name": "Kumarsa Chak",
        "place": "suburb"
      }
    },
    {
      "type": "Feature",
      "geometry": {
        "type": "Point",
        "coordinates": [
          88.623959,
          22.2970331
        ]
      },
      "properties": {
        "osm_id": 10793478413,
        "name": "Uttar Angad Baria",
        "place": "suburb"
      }
    },
    {
      "type": "Feature",
      "geometry": {
        "type": "Point",
        "coordinates": [
          88.5879313,
          22.2244158
        ]
      },
      "properties": {
        "osm_id": 10793480955,
        "name": "Badukalu",
        "place": "suburb"
      }
    },
    {
      "type": "Feature",
      "geometry": {
        "type": "Point",
        "coordinates": [
          88.5662113,
          22.2564354
        ]
      },
      "properties": {
        "osm_id": 10793484031,
        "name": "Dattababur Abad",
        "place": "suburb"
      }
    },
    {
      "type": "Feature",
      "geometry": {
        "type": "Point",
        "coordinates": [
          88.642077,
          22.2976687
        ]
      },
      "properties": {
        "osm_id": 10793484314,
        "name": "Tengra Khali",
        "place": "suburb"
      }
    },
    {
      "type": "Feature",
      "geometry": {
        "type": "Point",
        "coordinates": [
          88.572843,
          22.2926108
        ]
      },
      "properties": {
        "osm_id": 10793486099,
        "name": "Tetul Bana",
        "place": "suburb"
      }
    },
    {
      "type": "Feature",
      "geometry": {
        "type": "Point",
        "coordinates": [
          88.6357517,
          22.1525392
        ]
      },
      "properties": {
        "osm_id": 10793498626,
        "name": "Kripa Khali",
        "place": "suburb"
      }
    },
    {
      "type": "Feature",
      "geometry": {
        "type": "Point",
        "coordinates": [
          88.6150763,
          22.2654915
        ]
      },
      "properties": {
        "osm_id": 10793498684,
        "name": "Hatamari",
        "place": "suburb"
      }
    },
    {
      "type": "Feature",
      "geometry": {
        "type": "Point",
        "coordinates": [
          88.591836,
          22.2580984
        ]
      },
      "properties": {
        "osm_id": 10793498763,
        "name": "Gopalpur",
        "place": "suburb"
      }
    },
    {
      "type": "Feature",
      "geometry": {
        "type": "Point",
        "coordinates": [
          88.553891,
          22.2890215
        ]
      },
      "properties": {
        "osm_id": 10793499919,
        "name": "Devis Abad",
        "place": "suburb"
      }
    },
    {
      "type": "Feature",
      "geometry": {
        "type": "Point",
        "coordinates": [
          88.621109,
          22.239238
        ]
      },
      "properties": {
        "osm_id": 10793502968,
        "name": "Dakshin Redokhali",
        "place": "suburb"
      }
    },
    {
      "type": "Feature",
      "geometry": {
        "type": "Point",
        "coordinates": [
          88.6021377,
          22.2672437
        ]
      },
      "properties": {
        "osm_id": 10793503000,
        "name": "Pangaskhali",
        "place": "suburb"
      }
    },
    {
      "type": "Feature",
      "geometry": {
        "type": "Point",
        "coordinates": [
          88.562524,
          22.2484553
        ]
      },
      "properties": {
        "osm_id": 10793506672,
        "name": "Dharmatala",
        "place": "suburb"
      }
    },
    {
      "type": "Feature",
      "geometry": {
        "type": "Point",
        "coordinates": [
          88.6264263,
          22.2077492
        ]
      },
      "properties": {
        "osm_id": 10793507327,
        "name": "Gola Bari",
        "place": "suburb"
      }
    },
    {
      "type": "Feature",
      "geometry": {
        "type": "Point",
        "coordinates": [
          88.6445876,
          22.2577038
        ]
      },
      "properties": {
        "osm_id": 10793513129,
        "name": "Dabu",
        "place": "suburb"
      }
    },
    {
      "type": "Feature",
      "geometry": {
        "type": "Point",
        "coordinates": [
          88.6637966,
          22.2917278
        ]
      },
      "properties": {
        "osm_id": 10793514901,
        "name": "Nikarighata",
        "place": "suburb"
      }
    },
    {
      "type": "Feature",
      "geometry": {
        "type": "Point",
        "coordinates": [
          88.575243,
          22.2667997
        ]
      },
      "properties": {
        "osm_id": 10793515176,
        "name": "Kula Ghurani",
        "place": "suburb"
      }
    },
    {
      "type": "Feature",
      "geometry": {
        "type": "Point",
        "coordinates": [
          88.6133897,
          22.2256281
        ]
      },
      "properties": {
        "osm_id": 10793515207,
        "name": "Hero Bhanga",
        "place": "suburb"
      }
    },
    {
      "type": "Feature",
      "geometry": {
        "type": "Point",
        "coordinates": [
          88.5595373,
          22.3093571
        ]
      },
      "properties": {
        "osm_id": 10793518321,
        "name": "Marapia",
        "place": "suburb"
      }
    },
    {
      "type": "Feature",
      "geometry": {
        "type": "Point",
        "coordinates": [
          88.5658573,
          22.3007659
        ]
      },
      "properties": {
        "osm_id": 10793518744,
        "name": "Hat Pukhuria",
        "place": "suburb"
      }
    },
    {
      "type": "Feature",
      "geometry": {
        "type": "Point",
        "coordinates": [
          88.6467813,
          22.2700603
        ]
      },
      "properties": {
        "osm_id": 10793520348,
        "name": "Banibadabele Khali",
        "place": "suburb"
      }
    },
    {
      "type": "Feature",
      "geometry": {
        "type": "Point",
        "coordinates": [
          88.5715863,
          22.2777178
        ]
      },
      "properties": {
        "osm_id": 10793520588,
        "name": "Bhaleya",
        "place": "suburb"
      }
    },
    {
      "type": "Feature",
      "geometry": {
        "type": "Point",
        "coordinates": [
          88.622336,
          22.254444
        ]
      },
      "properties": {
        "osm_id": 10793533125,
        "name": "Uttar Redokhali",
        "place": "suburb"
      }
    },
    {
      "type": "Feature",
      "geometry": {
        "type": "Point",
        "coordinates": [
          88.6358486,
          22.1810978
        ]
      },
      "properties": {
        "osm_id": 10793533303,
        "name": "Modhu Khali",
        "place": "suburb"
      }
    },
    {
      "type": "Feature",
      "geometry": {
        "type": "Point",
        "coordinates": [
          88.6340156,
          22.2346816
        ]
      },
      "properties": {
        "osm_id": 10793534205,
        "name": "Garkhali",
        "place": "suburb"
      }
    },
    {
      "type": "Feature",
      "geometry": {
        "type": "Point",
        "coordinates": [
          88.6244413,
          22.2658402
        ]
      },
      "properties": {
        "osm_id": 10793536382,
        "name": "Dumki",
        "place": "suburb"
      }
    },
    {
      "type": "Feature",
      "geometry": {
        "type": "Point",
        "coordinates": [
          88.5985373,
          22.2879623
        ]
      },
      "properties": {
        "osm_id": 10793536383,
        "name": "Gobramari",
        "place": "suburb"
      }
    },
    {
      "type": "Feature",
      "geometry": {
        "type": "Point",
        "coordinates": [
          88.637535,
          22.2858751
        ]
      },
      "properties": {
        "osm_id": 10793539675,
        "name": "Paranikheko",
        "place": "suburb"
      }
    },
    {
      "type": "Feature",
      "geometry": {
        "type": "Point",
        "coordinates": [
          88.6578372,
          22.2833547
        ]
      },
      "properties": {
        "osm_id": 10793541385,
        "name": "Hincha Khali",
        "place": "suburb"
      }
    },
    {
      "type": "Feature",
      "geometry": {
        "type": "Point",
        "coordinates": [
          88.6182866,
          22.2827106
        ]
      },
      "properties": {
        "osm_id": 10793542607,
        "name": "Maukhali",
        "place": "suburb"
      }
    },
    {
      "type": "Feature",
      "geometry": {
        "type": "Point",
        "coordinates": [
          88.619554,
          22.2915254
        ]
      },
      "properties": {
        "osm_id": 10793542808,
        "name": "Dakshin Angad Baria",
        "place": "suburb"
      }
    },
    {
      "type": "Feature",
      "geometry": {
        "type": "Point",
        "coordinates": [
          88.6237573,
          22.3070665
        ]
      },
      "properties": {
        "osm_id": 10793550803,
        "name": "Halapara",
        "place": "suburb"
      }
    },
    {
      "type": "Feature",
      "geometry": {
        "type": "Point",
        "coordinates": [
          88.611929,
          22.3101049
        ]
      },
      "properties": {
        "osm_id": 10793552175,
        "name": "Adhla",
        "place": "suburb"
      }
    },
    {
      "type": "Feature",
      "geometry": {
        "type": "Point",
        "coordinates": [
          88.6457122,
          22.3392957
        ]
      },
      "properties": {
        "osm_id": 10793552176,
        "name": "Khas Kumarkhali",
        "place": "suburb"
      }
    },
    {
      "type": "Feature",
      "geometry": {
        "type": "Point",
        "coordinates": [
          88.6270603,
          22.3160091
        ]
      },
      "properties": {
        "osm_id": 10793552931,
        "name": "Kankradaha",
        "place": "suburb"
      }
    },
    {
      "type": "Feature",
      "geometry": {
        "type": "Point",
        "coordinates": [
          88.616403,
          22.3190346
        ]
      },
      "properties": {
        "osm_id": 10793553369,
        "name": "Mara Haldi",
        "place": "suburb"
      }
    },
    {
      "type": "Feature",
      "geometry": {
        "type": "Point",
        "coordinates": [
          88.7067566,
          22.3407272
        ]
      },
      "properties": {
        "osm_id": 10794390677,
        "name": "Hediar Abad",
        "place": "suburb"
      }
    },
    {
      "type": "Feature",
      "geometry": {
        "type": "Point",
        "coordinates": [
          88.710865,
          22.3547662
        ]
      },
      "properties": {
        "osm_id": 10794404212,
        "name": "Daharani",
        "place": "suburb"
      }
    },
    {
      "type": "Feature",
      "geometry": {
        "type": "Point",
        "coordinates": [
          88.7134173,
          22.4155384
        ]
      },
      "properties": {
        "osm_id": 10794404257,
        "name": "Bamunia",
        "place": "suburb"
      }
    },
    {
      "type": "Feature",
      "geometry": {
        "type": "Point",
        "coordinates": [
          88.5419146,
          22.4056891
        ]
      },
      "properties": {
        "osm_id": 10794419899,
        "name": "Narayanpur",
        "place": "suburb"
      }
    },
    {
      "type": "Feature",
      "geometry": {
        "type": "Point",
        "coordinates": [
          88.6309789,
          22.4371557
        ]
      },
      "properties": {
        "osm_id": 10794421886,
        "name": "Netra",
        "place": "suburb"
      }
    },
    {
      "type": "Feature",
      "geometry": {
        "type": "Point",
        "coordinates": [
          88.6755916,
          22.4516075
        ]
      },
      "properties": {
        "osm_id": 10794422169,
        "name": "Ghikhali",
        "place": "suburb"
      }
    },
    {
      "type": "Feature",
      "geometry": {
        "type": "Point",
        "coordinates": [
          88.7462746,
          22.3476634
        ]
      },
      "properties": {
        "osm_id": 10794422760,
        "name": "Athara Beki",
        "place": "suburb"
      }
    },
    {
      "type": "Feature",
      "geometry": {
        "type": "Point",
        "coordinates": [
          88.6939373,
          22.4259068
        ]
      },
      "properties": {
        "osm_id": 10794422761,
        "name": "Madan Khali",
        "place": "suburb"
      }
    },
    {
      "type": "Feature",
      "geometry": {
        "type": "Point",
        "coordinates": [
          88.659527,
          22.4824084
        ]
      },
      "properties": {
        "osm_id": 10794426431,
        "name": "Kalugachhi",
        "place": "suburb"
      }
    },
    {
      "type": "Feature",
      "geometry": {
        "type": "Point",
        "coordinates": [
          88.60664,
          22.4084043
        ]
      },
      "properties": {
        "osm_id": 10794430651,
        "name": "Ramrayer Gheri",
        "place": "suburb"
      }
    },
    {
      "type": "Feature",
      "geometry": {
        "type": "Point",
        "coordinates": [
          88.6942906,
          22.443186
        ]
      },
      "properties": {
        "osm_id": 10794432596,
        "name": "Jay Khali",
        "place": "suburb"
      }
    },
    {
      "type": "Feature",
      "geometry": {
        "type": "Point",
        "coordinates": [
          88.6860869,
          22.4021431
        ]
      },
      "properties": {
        "osm_id": 10794433004,
        "name": "Kaluakhali",
        "place": "suburb"
      }
    },
    {
      "type": "Feature",
      "geometry": {
        "type": "Point",
        "coordinates": [
          88.6899783,
          22.459345
        ]
      },
      "properties": {
        "osm_id": 10794433427,
        "name": "Chung Hata",
        "place": "suburb"
      }
    },
    {
      "type": "Feature",
      "geometry": {
        "type": "Point",
        "coordinates": [
          88.6490186,
          22.477255
        ]
      },
      "properties": {
        "osm_id": 10794433544,
        "name": "Par Kalugachhi",
        "place": "suburb"
      }
    },
    {
      "type": "Feature",
      "geometry": {
        "type": "Point",
        "coordinates": [
          88.7736344,
          22.3494975
        ]
      },
      "properties": {
        "osm_id": 10794434368,
        "name": "Gabbuni",
        "place": "suburb"
      }
    },
    {
      "type": "Feature",
      "geometry": {
        "type": "Point",
        "coordinates": [
          88.695731,
          22.450976
        ]
      },
      "properties": {
        "osm_id": 10794434369,
        "name": "Gutri",
        "place": "suburb"
      }
    },
    {
      "type": "Feature",
      "geometry": {
        "type": "Point",
        "coordinates": [
          88.728722,
          22.4028351
        ]
      },
      "properties": {
        "osm_id": 10794436549,
        "name": "Kalikatala",
        "place": "suburb"
      }
    },
    {
      "type": "Feature",
      "geometry": {
        "type": "Point",
        "coordinates": [
          88.7011703,
          22.4007275
        ]
      },
      "properties": {
        "osm_id": 10794438136,
        "name": "Mukhujya Para",
        "place": "suburb"
      }
    },
    {
      "type": "Feature",
      "geometry": {
        "type": "Point",
        "coordinates": [
          88.6892146,
          22.4162242
        ]
      },
      "properties": {
        "osm_id": 10794438137,
        "name": "Parganti",
        "place": "suburb"
      }
    },
    {
      "type": "Feature",
      "geometry": {
        "type": "Point",
        "coordinates": [
          88.715836,
          22.3747756
        ]
      },
      "properties": {
        "osm_id": 10794438138,
        "name": "Jogendra Nagar",
        "place": "suburb"
      }
    },
    {
      "type": "Feature",
      "geometry": {
        "type": "Point",
        "coordinates": [
          88.7199791,
          22.4219669
        ]
      },
      "properties": {
        "osm_id": 10794441522,
        "name": "Balidaghata",
        "place": "suburb"
      }
    },
    {
      "type": "Feature",
      "geometry": {
        "type": "Point",
        "coordinates": [
          88.6761403,
          22.407364
        ]
      },
      "properties": {
        "osm_id": 10794441583,
        "name": "Ganga Cheri",
        "place": "suburb"
      }
    },
    {
      "type": "Feature",
      "geometry": {
        "type": "Point",
        "coordinates": [
          88.6185323,
          22.4303177
        ]
      },
      "properties": {
        "osm_id": 10794441584,
        "name": "Hansarabad",
        "place": "suburb"
      }
    },
    {
      "type": "Feature",
      "geometry": {
        "type": "Point",
        "coordinates": [
          88.6589946,
          22.4617141
        ]
      },
      "properties": {
        "osm_id": 10794441717,
        "name": "Mallik Kati",
        "place": "suburb"
      }
    },
    {
      "type": "Feature",
      "geometry": {
        "type": "Point",
        "coordinates": [
          88.7018076,
          22.4491775
        ]
      },
      "properties": {
        "osm_id": 10794441962,
        "name": "Deuli",
        "place": "suburb"
      }
    },
    {
      "type": "Feature",
      "geometry": {
        "type": "Point",
        "coordinates": [
          88.7041537,
          22.4255265
        ]
      },
      "properties": {
        "osm_id": 10794442585,
        "name": "Ganti",
        "place": "suburb"
      }
    },
    {
      "type": "Feature",
      "geometry": {
        "type": "Point",
        "coordinates": [
          88.6773677,
          22.4716759
        ]
      },
      "properties": {
        "osm_id": 10794444296,
        "name": "Chandibari",
        "place": "suburb"
      }
    },
    {
      "type": "Feature",
      "geometry": {
        "type": "Point",
        "coordinates": [
          88.5741966,
          22.3883479
        ]
      },
      "properties": {
        "osm_id": 10794444315,
        "name": "Srinagar",
        "place": "suburb"
      }
    },
    {
      "type": "Feature",
      "geometry": {
        "type": "Point",
        "coordinates": [
          88.6819363,
          22.4371172
        ]
      },
      "properties": {
        "osm_id": 10794444835,
        "name": "Sastakhali",
        "place": "suburb"
      }
    },
    {
      "type": "Feature",
      "geometry": {
        "type": "Point",
        "coordinates": [
          88.690306,
          22.4303956
        ]
      },
      "properties": {
        "osm_id": 10794447044,
        "name": "Hatiamari",
        "place": "suburb"
      }
    },
    {
      "type": "Feature",
      "geometry": {
        "type": "Point",
        "coordinates": [
          88.560897,
          22.3910348
        ]
      },
      "properties": {
        "osm_id": 10794447316,
        "name": "Banamalipur",
        "place": "suburb"
      }
    },
    {
      "type": "Feature",
      "geometry": {
        "type": "Point",
        "coordinates": [
          88.709956,
          22.1673492
        ]
      },
      "properties": {
        "osm_id": 10794478994,
        "name": "Sibganj",
        "place": "suburb"
      }
    },
    {
      "type": "Feature",
      "geometry": {
        "type": "Point",
        "coordinates": [
          88.6930946,
          22.4379835
        ]
      },
      "properties": {
        "osm_id": 10794530063,
        "name": "Kayam Khan",
        "place": "suburb"
      }
    },
    {
      "type": "Feature",
      "geometry": {
        "type": "Point",
        "coordinates": [
          88.6465726,
          22.4517358
        ]
      },
      "properties": {
        "osm_id": 10794647909,
        "name": "Bhabananda",
        "place": "suburb"
      }
    },
    {
      "type": "Feature",
      "geometry": {
        "type": "Point",
        "coordinates": [
          88.6391396,
          22.445456
        ]
      },
      "properties": {
        "osm_id": 10794649273,
        "name": "Hadiya",
        "place": "suburb"
      }
    },
    {
      "type": "Feature",
      "geometry": {
        "type": "Point",
        "coordinates": [
          88.752198,
          22.3737987
        ]
      },
      "properties": {
        "osm_id": 10794651100,
        "name": "Mather Dighi",
        "place": "suburb"
      }
    },
    {
      "type": "Feature",
      "geometry": {
        "type": "Point",
        "coordinates": [
          88.6880003,
          22.1694956
        ]
      },
      "properties": {
        "osm_id": 10794657779,
        "name": "Mahespur",
        "place": "suburb"
      }
    },
    {
      "type": "Feature",
      "geometry": {
        "type": "Point",
        "coordinates": [
          88.657258,
          22.1358321
        ]
      },
      "properties": {
        "osm_id": 10794659649,
        "name": "Goran Bose",
        "place": "suburb"
      }
    },
    {
      "type": "Feature",
      "geometry": {
        "type": "Point",
        "coordinates": [
          88.657513,
          22.4393082
        ]
      },
      "properties": {
        "osm_id": 10794660730,
        "name": "Haora Mari",
        "place": "suburb"
      }
    },
    {
      "type": "Feature",
      "geometry": {
        "type": "Point",
        "coordinates": [
          88.5854283,
          22.3753108
        ]
      },
      "properties": {
        "osm_id": 10794662251,
        "name": "Homra Polta",
        "place": "suburb"
      }
    },
    {
      "type": "Feature",
      "geometry": {
        "type": "Point",
        "coordinates": [
          88.631177,
          22.4147031
        ]
      },
      "properties": {
        "osm_id": 10794663883,
        "name": "Iswaripur",
        "place": "suburb"
      }
    },
    {
      "type": "Feature",
      "geometry": {
        "type": "Point",
        "coordinates": [
          88.6372902,
          22.3805347
        ]
      },
      "properties": {
        "osm_id": 10794663896,
        "name": "Bibir Abad",
        "place": "suburb"
      }
    },
    {
      "type": "Feature",
      "geometry": {
        "type": "Point",
        "coordinates": [
          88.6716292,
          22.4241739
        ]
      },
      "properties": {
        "osm_id": 10794664660,
        "name": "Miagheri",
        "place": "suburb"
      }
    },
    {
      "type": "Feature",
      "geometry": {
        "type": "Point",
        "coordinates": [
          88.6135066,
          22.3949188
        ]
      },
      "properties": {
        "osm_id": 10794667645,
        "name": "Chengdona",
        "place": "suburb"
      }
    },
    {
      "type": "Feature",
      "geometry": {
        "type": "Point",
        "coordinates": [
          88.6906197,
          22.3492537
        ]
      },
      "properties": {
        "osm_id": 10794668290,
        "name": "Maukhali Kumarkhali",
        "place": "suburb"
      }
    },
    {
      "type": "Feature",
      "geometry": {
        "type": "Point",
        "coordinates": [
          88.6261046,
          22.3645438
        ]
      },
      "properties": {
        "osm_id": 10794672177,
        "name": "Patikhali",
        "place": "suburb"
      }
    },
    {
      "type": "Feature",
      "geometry": {
        "type": "Point",
        "coordinates": [
          88.6442544,
          22.3560365
        ]
      },
      "properties": {
        "osm_id": 10794672437,
        "name": "Chelikati",
        "place": "suburb"
      }
    },
    {
      "type": "Feature",
      "geometry": {
        "type": "Point",
        "coordinates": [
          88.638895,
          22.3847245
        ]
      },
      "properties": {
        "osm_id": 10794672521,
        "name": "Jal Ghata",
        "place": "suburb"
      }
    },
    {
      "type": "Feature",
      "geometry": {
        "type": "Point",
        "coordinates": [
          88.6786953,
          22.3701372
        ]
      },
      "properties": {
        "osm_id": 10794672522,
        "name": "Khun Khali",
        "place": "suburb"
      }
    },
    {
      "type": "Feature",
      "geometry": {
        "type": "Point",
        "coordinates": [
          88.6520883,
          22.3775856
        ]
      },
      "properties": {
        "osm_id": 10794672632,
        "name": "Kaparpuri",
        "place": "suburb"
      }
    },
    {
      "type": "Feature",
      "geometry": {
        "type": "Point",
        "coordinates": [
          88.731478,
          22.3133541
        ]
      },
      "properties": {
        "osm_id": 10794680396,
        "name": "Khari Machan",
        "place": "suburb"
      }
    },
    {
      "type": "Feature",
      "geometry": {
        "type": "Point",
        "coordinates": [
          88.6520626,
          22.4069069
        ]
      },
      "properties": {
        "osm_id": 10794684010,
        "name": "Saranger Abad",
        "place": "suburb"
      }
    },
    {
      "type": "Feature",
      "geometry": {
        "type": "Point",
        "coordinates": [
          88.6955123,
          22.1894844
        ]
      },
      "properties": {
        "osm_id": 10794684081,
        "name": "Krishnagar",
        "place": "suburb"
      }
    },
    {
      "type": "Feature",
      "geometry": {
        "type": "Point",
        "coordinates": [
          88.6549183,
          22.4272158
        ]
      },
      "properties": {
        "osm_id": 10794684845,
        "name": "Paina",
        "place": "suburb"
      }
    },
    {
      "type": "Feature",
      "geometry": {
        "type": "Point",
        "coordinates": [
          88.713803,
          22.3162525
        ]
      },
      "properties": {
        "osm_id": 10794687898,
        "name": "Amjhara",
        "place": "suburb"
      }
    },
    {
      "type": "Feature",
      "geometry": {
        "type": "Point",
        "coordinates": [
          88.7166343,
          22.1822566
        ]
      },
      "properties": {
        "osm_id": 10794690262,
        "name": "Kalidanga",
        "place": "suburb"
      }
    },
    {
      "type": "Feature",
      "geometry": {
        "type": "Point",
        "coordinates": [
          88.719026,
          22.1925931
        ]
      },
      "properties": {
        "osm_id": 10794690263,
        "name": "Radhaballavpur",
        "place": "suburb"
      }
    },
    {
      "type": "Feature",
      "geometry": {
        "type": "Point",
        "coordinates": [
          88.5842956,
          22.3769938
        ]
      },
      "properties": {
        "osm_id": 10794690808,
        "name": "Kuler Khoj",
        "place": "suburb"
      }
    },
    {
      "type": "Feature",
      "geometry": {
        "type": "Point",
        "coordinates": [
          88.6168566,
          22.4096697
        ]
      },
      "properties": {
        "osm_id": 10794691006,
        "name": "Moktarpur",
        "place": "suburb"
      }
    },
    {
      "type": "Feature",
      "geometry": {
        "type": "Point",
        "coordinates": [
          88.655852,
          22.3619416
        ]
      },
      "properties": {
        "osm_id": 10794691124,
        "name": "Chunpuri",
        "place": "suburb"
      }
    },
    {
      "type": "Feature",
      "geometry": {
        "type": "Point",
        "coordinates": [
          88.604206,
          22.4020088
        ]
      },
      "properties": {
        "osm_id": 10794692742,
        "name": "Singheswar",
        "place": "suburb"
      }
    },
    {
      "type": "Feature",
      "geometry": {
        "type": "Point",
        "coordinates": [
          88.6663587,
          22.3793087
        ]
      },
      "properties": {
        "osm_id": 10794692743,
        "name": "Baintala",
        "place": "suburb"
      }
    },
    {
      "type": "Feature",
      "geometry": {
        "type": "Point",
        "coordinates": [
          88.6674701,
          22.3587926
        ]
      },
      "properties": {
        "osm_id": 10794695337,
        "name": "Tambul Daha",
        "place": "suburb"
      }
    },
    {
      "type": "Feature",
      "geometry": {
        "type": "Point",
        "coordinates": [
          88.6829007,
          22.39105
        ]
      },
      "properties": {
        "osm_id": 10794695966,
        "name": "Khagra",
        "place": "suburb"
      }
    },
    {
      "type": "Feature",
      "geometry": {
        "type": "Point",
        "coordinates": [
          88.6671986,
          22.3827346
        ]
      },
      "properties": {
        "osm_id": 10794696131,
        "name": "Kaora Khali",
        "place": "suburb"
      }
    },
    {
      "type": "Feature",
      "geometry": {
        "type": "Point",
        "coordinates": [
          88.7364783,
          22.1892087
        ]
      },
      "properties": {
        "osm_id": 10794696743,
        "name": "Sajinatala",
        "place": "suburb"
      }
    },
    {
      "type": "Feature",
      "geometry": {
        "type": "Point",
        "coordinates": [
          88.651916,
          22.3836288
        ]
      },
      "properties": {
        "osm_id": 10794696811,
        "name": "Bakultala",
        "place": "suburb"
      }
    },
    {
      "type": "Feature",
      "geometry": {
        "type": "Point",
        "coordinates": [
          88.6617487,
          22.3721554
        ]
      },
      "properties": {
        "osm_id": 10794696969,
        "name": "Sabek Mahisahara",
        "place": "suburb"
      }
    },
    {
      "type": "Feature",
      "geometry": {
        "type": "Point",
        "coordinates": [
          88.7322977,
          22.333417
        ]
      },
      "properties": {
        "osm_id": 10794699022,
        "name": "Dhuri",
        "place": "suburb"
      }
    },
    {
      "type": "Feature",
      "geometry": {
        "type": "Point",
        "coordinates": [
          88.7341403,
          22.1765972
        ]
      },
      "properties": {
        "osm_id": 10794699054,
        "name": "Matgaran",
        "place": "suburb"
      }
    },
    {
      "type": "Feature",
      "geometry": {
        "type": "Point",
        "coordinates": [
          88.605745,
          22.3708629
        ]
      },
      "properties": {
        "osm_id": 10794700326,
        "name": "Nagartala",
        "place": "suburb"
      }
    },
    {
      "type": "Feature",
      "geometry": {
        "type": "Point",
        "coordinates": [
          88.690602,
          22.2002163
        ]
      },
      "properties": {
        "osm_id": 10794700432,
        "name": "Parandar",
        "place": "suburb"
      }
    },
    {
      "type": "Feature",
      "geometry": {
        "type": "Point",
        "coordinates": [
          88.689942,
          22.0361853
        ]
      },
      "properties": {
        "osm_id": 10794702628,
        "name": "Lot-126",
        "place": "suburb"
      }
    },
    {
      "type": "Feature",
      "geometry": {
        "type": "Point",
        "coordinates": [
          88.7581273,
          22.326235
        ]
      },
      "properties": {
        "osm_id": 10794704794,
        "name": "Tilkumar",
        "place": "suburb"
      }
    },
    {
      "type": "Feature",
      "geometry": {
        "type": "Point",
        "coordinates": [
          88.7041503,
          22.1882438
        ]
      },
      "properties": {
        "osm_id": 10794706519,
        "name": "Srirampur",
        "place": "suburb"
      }
    },
    {
      "type": "Feature",
      "geometry": {
        "type": "Point",
        "coordinates": [
          88.6972123,
          22.1761035
        ]
      },
      "properties": {
        "osm_id": 10794707637,
        "name": "Kumirmari",
        "place": "suburb"
      }
    },
    {
      "type": "Feature",
      "geometry": {
        "type": "Point",
        "coordinates": [
          88.6755166,
          22.175525
        ]
      },
      "properties": {
        "osm_id": 10794710492,
        "name": "Ananda Abad",
        "place": "suburb"
      }
    },
    {
      "type": "Feature",
      "geometry": {
        "type": "Point",
        "coordinates": [
          88.7275066,
          22.1867741
        ]
      },
      "properties": {
        "osm_id": 10794711712,
        "name": "Chandrakona",
        "place": "suburb"
      }
    },
    {
      "type": "Feature",
      "geometry": {
        "type": "Point",
        "coordinates": [
          88.717486,
          22.1750922
        ]
      },
      "properties": {
        "osm_id": 10794713181,
        "name": "Ballartop",
        "place": "suburb"
      }
    },
    {
      "type": "Feature",
      "geometry": {
        "type": "Point",
        "coordinates": [
          88.6778537,
          22.1448943
        ]
      },
      "properties": {
        "osm_id": 10794716478,
        "name": "Bharatgar",
        "place": "suburb"
      }
    },
    {
      "type": "Feature",
      "geometry": {
        "type": "Point",
        "coordinates": [
          88.7265043,
          22.1644494
        ]
      },
      "properties": {
        "osm_id": 10794729331,
        "name": "Chak Pitambar Dutta",
        "place": "suburb"
      }
    },
    {
      "type": "Feature",
      "geometry": {
        "type": "Point",
        "coordinates": [
          88.6541889,
          22.1087868
        ]
      },
      "properties": {
        "osm_id": 10794729332,
        "name": "Nafarganj",
        "place": "suburb"
      }
    },
    {
      "type": "Feature",
      "geometry": {
        "type": "Point",
        "coordinates": [
          88.784694,
          22.3308638
        ]
      },
      "properties": {
        "osm_id": 10795293859,
        "name": "Char Bidyarabad",
        "place": "suburb"
      }
    },
    {
      "type": "Feature",
      "geometry": {
        "type": "Point",
        "coordinates": [
          88.7948556,
          22.3047089
        ]
      },
      "properties": {
        "osm_id": 10795357266,
        "name": "Chunakhali",
        "place": "suburb"
      }
    },
    {
      "type": "Feature",
      "geometry": {
        "type": "Point",
        "coordinates": [
          88.7363116,
          22.2744351
        ]
      },
      "properties": {
        "osm_id": 10795371057,
        "name": "Lebukhali",
        "place": "suburb"
      }
    },
    {
      "type": "Feature",
      "geometry": {
        "type": "Point",
        "coordinates": [
          88.8013225,
          22.3629039
        ]
      },
      "properties": {
        "osm_id": 10795374102,
        "name": "Kumarkhali",
        "place": "suburb"
      }
    },
    {
      "type": "Feature",
      "geometry": {
        "type": "Point",
        "coordinates": [
          88.7843693,
          22.2747751
        ]
      },
      "properties": {
        "osm_id": 10795375753,
        "name": "Bugulakhali",
        "place": "suburb"
      }
    },
    {
      "type": "Feature",
      "geometry": {
        "type": "Point",
        "coordinates": [
          88.7708326,
          22.2968992
        ]
      },
      "properties": {
        "osm_id": 10795379286,
        "name": "Baria",
        "place": "suburb"
      }
    },
    {
      "type": "Feature",
      "geometry": {
        "type": "Point",
        "coordinates": [
          88.7657043,
          22.2559869
        ]
      },
      "properties": {
        "osm_id": 10795385275,
        "name": "Sachea Khali",
        "place": "suburb"
      }
    },
    {
      "type": "Feature",
      "geometry": {
        "type": "Point",
        "coordinates": [
          88.7182717,
          22.2645847
        ]
      },
      "properties": {
        "osm_id": 10795389833,
        "name": "Chatrakhali",
        "place": "suburb"
      }
    },
    {
      "type": "Feature",
      "geometry": {
        "type": "Point",
        "coordinates": [
          88.763454,
          22.2776588
        ]
      },
      "properties": {
        "osm_id": 10795402021,
        "name": "Purba Bayar Siong",
        "place": "suburb"
      }
    },
    {
      "type": "Feature",
      "geometry": {
        "type": "Point",
        "coordinates": [
          88.7111587,
          22.1312548
        ]
      },
      "properties": {
        "osm_id": 10795405579,
        "name": "Jyotishpur",
        "place": "suburb"
      }
    },
    {
      "type": "Feature",
      "geometry": {
        "type": "Point",
        "coordinates": [
          88.6647666,
          22.0766152
        ]
      },
      "properties": {
        "osm_id": 10795406881,
        "name": "Parbattipur",
        "place": "suburb"
      }
    },
    {
      "type": "Feature",
      "geometry": {
        "type": "Point",
        "coordinates": [
          88.743812,
          22.2595575
        ]
      },
      "properties": {
        "osm_id": 10795407558,
        "name": "Manasakhali",
        "place": "suburb"
      }
    },
    {
      "type": "Feature",
      "geometry": {
        "type": "Point",
        "coordinates": [
          88.6702387,
          22.0615461
        ]
      },
      "properties": {
        "osm_id": 10795407561,
        "name": "Laskarpur",
        "place": "suburb"
      }
    },
    {
      "type": "Feature",
      "geometry": {
        "type": "Point",
        "coordinates": [
          88.6961587,
          22.2679357
        ]
      },
      "properties": {
        "osm_id": 10795416560,
        "name": "Narayantala",
        "place": "suburb"
      }
    },
    {
      "type": "Feature",
      "geometry": {
        "type": "Point",
        "coordinates": [
          88.7205073,
          22.1513872
        ]
      },
      "properties": {
        "osm_id": 10795416731,
        "name": "Ranigar",
        "place": "suburb"
      }
    },
    {
      "type": "Feature",
      "geometry": {
        "type": "Point",
        "coordinates": [
          88.730355,
          22.2944696
        ]
      },
      "properties": {
        "osm_id": 10795418107,
        "name": "Phul Malancha",
        "place": "suburb"
      }
    },
    {
      "type": "Feature",
      "geometry": {
        "type": "Point",
        "coordinates": [
          88.733319,
          22.1495272
        ]
      },
      "properties": {
        "osm_id": 10795421062,
        "name": "Harekrishnapur",
        "place": "suburb"
      }
    },
    {
      "type": "Feature",
      "geometry": {
        "type": "Point",
        "coordinates": [
          88.7032423,
          22.1164286
        ]
      },
      "properties": {
        "osm_id": 10795421500,
        "name": "Radharanipur",
        "place": "suburb"
      }
    },
    {
      "type": "Feature",
      "geometry": {
        "type": "Point",
        "coordinates": [
          88.7036701,
          22.1468374
        ]
      },
      "properties": {
        "osm_id": 10795441120,
        "name": "Joygopalpur",
        "place": "suburb"
      }
    },
    {
      "type": "Feature",
      "geometry": {
        "type": "Point",
        "coordinates": [
          88.6994423,
          22.286889
        ]
      },
      "properties": {
        "osm_id": 10795446885,
        "name": "Bhangonkhali",
        "place": "suburb"
      }
    },
    {
      "type": "Feature",
      "geometry": {
        "type": "Point",
        "coordinates": [
          88.6930336,
          22.3124093
        ]
      },
      "properties": {
        "osm_id": 10795466577,
        "name": "Kathalberia",
        "place": "suburb"
      }
    },
    {
      "type": "Feature",
      "geometry": {
        "type": "Point",
        "coordinates": [
          88.7671669,
          22.1647089
        ]
      },
      "properties": {
        "osm_id": 10795474603,
        "name": "Godkhali",
        "place": "suburb"
      }
    },
    {
      "type": "Feature",
      "geometry": {
        "type": "Point",
        "coordinates": [
          88.775455,
          22.1736745
        ]
      },
      "properties": {
        "osm_id": 10795494223,
        "name": "Mazidbari",
        "place": "suburb"
      }
    },
    {
      "type": "Feature",
      "geometry": {
        "type": "Point",
        "coordinates": [
          88.7534307,
          22.1880775
        ]
      },
      "properties": {
        "osm_id": 10795494224,
        "name": "Ramkrishnapur",
        "place": "suburb"
      }
    },
    {
      "type": "Feature",
      "geometry": {
        "type": "Point",
        "coordinates": [
          88.6928563,
          22.2217325
        ]
      },
      "properties": {
        "osm_id": 10795498238,
        "name": "Sonakhali",
        "place": "suburb"
      }
    },
    {
      "type": "Feature",
      "geometry": {
        "type": "Point",
        "coordinates": [
          88.6788733,
          22.1274667
        ]
      },
      "properties": {
        "osm_id": 10795499070,
        "name": "Hiranmoypur",
        "place": "suburb"
      }
    },
    {
      "type": "Feature",
      "geometry": {
        "type": "Point",
        "coordinates": [
          88.6698342,
          22.0965841
        ]
      },
      "properties": {
        "osm_id": 10795507137,
        "name": "Birinchi Bari",
        "place": "suburb"
      }
    },
    {
      "type": "Feature",
      "geometry": {
        "type": "Point",
        "coordinates": [
          88.7207187,
          22.2369201
        ]
      },
      "properties": {
        "osm_id": 10795511969,
        "name": "Khirishkhali",
        "place": "suburb"
      }
    },
    {
      "type": "Feature",
      "geometry": {
        "type": "Point",
        "coordinates": [
          88.7532543,
          22.1804288
        ]
      },
      "properties": {
        "osm_id": 10795519682,
        "name": "Dakshin Battala",
        "place": "suburb"
      }
    },
    {
      "type": "Feature",
      "geometry": {
        "type": "Point",
        "coordinates": [
          88.7479913,
          22.1667756
        ]
      },
      "properties": {
        "osm_id": 10795524094,
        "name": "Dakshin Mokamberia",
        "place": "suburb"
      }
    },
    {
      "type": "Feature",
      "geometry": {
        "type": "Point",
        "coordinates": [
          88.737936,
          22.2110283
        ]
      },
      "properties": {
        "osm_id": 10795524664,
        "name": "Hogalduri",
        "place": "suburb"
      }
    },
    {
      "type": "Feature",
      "geometry": {
        "type": "Point",
        "coordinates": [
          88.7376523,
          22.2359781
        ]
      },
      "properties": {
        "osm_id": 10795526847,
        "name": "Kala Hazra",
        "place": "suburb"
      }
    },
    {
      "type": "Feature",
      "geometry": {
        "type": "Point",
        "coordinates": [
          88.7009383,
          22.2484053
        ]
      },
      "properties": {
        "osm_id": 10795527699,
        "name": "Uttar Mokamberia",
        "place": "suburb"
      }
    },
    {
      "type": "Feature",
      "geometry": {
        "type": "Point",
        "coordinates": [
          88.667802,
          22.237665
        ]
      },
      "properties": {
        "osm_id": 10795535865,
        "name": "Amratala",
        "place": "suburb"
      }
    },
    {
      "type": "Feature",
      "geometry": {
        "type": "Point",
        "coordinates": [
          88.7282997,
          22.2147792
        ]
      },
      "properties": {
        "osm_id": 10795542836,
        "name": "Ramchandrakhali",
        "place": "suburb"
      }
    },
    {
      "type": "Feature",
      "geometry": {
        "type": "Point",
        "coordinates": [
          88.677215,
          21.9883164
        ]
      },
      "properties": {
        "osm_id": 10795547858,
        "name": "Lot-125",
        "place": "suburb"
      }
    },
    {
      "type": "Feature",
      "geometry": {
        "type": "Point",
        "coordinates": [
          88.675231,
          22.2623754
        ]
      },
      "properties": {
        "osm_id": 10795553731,
        "name": "Dakshin Narayantala",
        "place": "suburb"
      }
    },
    {
      "type": "Feature",
      "geometry": {
        "type": "Point",
        "coordinates": [
          88.6645863,
          22.2257163
        ]
      },
      "properties": {
        "osm_id": 10795558908,
        "name": "Charanikhali",
        "place": "suburb"
      }
    },
    {
      "type": "Feature",
      "geometry": {
        "type": "Point",
        "coordinates": [
          88.6540687,
          22.2299069
        ]
      },
      "properties": {
        "osm_id": 10795558951,
        "name": "Uttar Battala",
        "place": "suburb"
      }
    },
    {
      "type": "Feature",
      "geometry": {
        "type": "Point",
        "coordinates": [
          88.6504666,
          22.220465
        ]
      },
      "properties": {
        "osm_id": 10795559775,
        "name": "Harbhangi",
        "place": "suburb"
      }
    },
    {
      "type": "Feature",
      "geometry": {
        "type": "Point",
        "coordinates": [
          88.6699803,
          22.2493843
        ]
      },
      "properties": {
        "osm_id": 10795559782,
        "name": "Tetultala",
        "place": "suburb"
      }
    },
    {
      "type": "Feature",
      "geometry": {
        "type": "Point",
        "coordinates": [
          88.6735717,
          22.2544547
        ]
      },
      "properties": {
        "osm_id": 10795569125,
        "name": "Naliakhali",
        "place": "suburb"
      }
    },
    {
      "type": "Feature",
      "geometry": {
        "type": "Point",
        "coordinates": [
          88.6559956,
          21.9637543
        ]
      },
      "properties": {
        "osm_id": 10795575709,
        "name": "Lot-124",
        "place": "suburb"
      }
    },
    {
      "type": "Feature",
      "geometry": {
        "type": "Point",
        "coordinates": [
          88.693276,
          22.2392653
        ]
      },
      "properties": {
        "osm_id": 10795579098,
        "name": "Uttar Sonakhali",
        "place": "suburb"
      }
    },
    {
      "type": "Feature",
      "geometry": {
        "type": "Point",
        "coordinates": [
          88.9234593,
          22.2541832
        ]
      },
      "properties": {
        "osm_id": 10799415239,
        "name": "Chimta",
        "place": "suburb"
      }
    },
    {
      "type": "Feature",
      "geometry": {
        "type": "Point",
        "coordinates": [
          88.936788,
          22.2387369
        ]
      },
      "properties": {
        "osm_id": 10799423029,
        "name": "Puinjali",
        "place": "suburb"
      }
    },
    {
      "type": "Feature",
      "geometry": {
        "type": "Point",
        "coordinates": [
          88.8968866,
          22.251905
        ]
      },
      "properties": {
        "osm_id": 10799430271,
        "name": "Amtali",
        "place": "suburb"
      }
    },
    {
      "type": "Feature",
      "geometry": {
        "type": "Point",
        "coordinates": [
          88.8085443,
          22.1605153
        ]
      },
      "properties": {
        "osm_id": 10799431479,
        "name": "Arampur",
        "place": "suburb"
      }
    },
    {
      "type": "Feature",
      "geometry": {
        "type": "Point",
        "coordinates": [
          88.7937473,
          22.2176961
        ]
      },
      "properties": {
        "osm_id": 10799431989,
        "name": "Biprodaspur",
        "place": "suburb"
      }
    },
    {
      "type": "Feature",
      "geometry": {
        "type": "Point",
        "coordinates": [
          88.786639,
          22.1414288
        ]
      },
      "properties": {
        "osm_id": 10799438715,
        "name": "Birajnagar",
        "place": "suburb"
      }
    },
    {
      "type": "Feature",
      "geometry": {
        "type": "Point",
        "coordinates": [
          88.785987,
          22.1920265
        ]
      },
      "properties": {
        "osm_id": 10799443254,
        "name": "Chandipur",
        "place": "suburb"
      }
    },
    {
      "type": "Feature",
      "geometry": {
        "type": "Point",
        "coordinates": [
          88.7396477,
          22.0860542
        ]
      },
      "properties": {
        "osm_id": 10799447534,
        "name": "Amlamethi",
        "place": "suburb"
      }
    },
    {
      "type": "Feature",
      "geometry": {
        "type": "Point",
        "coordinates": [
          88.7223593,
          22.0702462
        ]
      },
      "properties": {
        "osm_id": 10799454708,
        "name": "Mathurakhanda",
        "place": "suburb"
      }
    },
    {
      "type": "Feature",
      "geometry": {
        "type": "Point",
        "coordinates": [
          88.767876,
          22.1199175
        ]
      },
      "properties": {
        "osm_id": 10799454932,
        "name": "Bijoynagar",
        "place": "suburb"
      }
    },
    {
      "type": "Feature",
      "geometry": {
        "type": "Point",
        "coordinates": [
          88.8378196,
          22.2350933
        ]
      },
      "properties": {
        "osm_id": 10799455007,
        "name": "Ramnagarar",
        "place": "suburb"
      }
    },
    {
      "type": "Feature",
      "geometry": {
        "type": "Point",
        "coordinates": [
          88.755329,
          22.1099522
        ]
      },
      "properties": {
        "osm_id": 10799456128,
        "name": "Bally",
        "place": "suburb"
      }
    },
    {
      "type": "Feature",
      "geometry": {
        "type": "Point",
        "coordinates": [
          88.8900787,
          22.2168757
        ]
      },
      "properties": {
        "osm_id": 10799459504,
        "name": "Chhota Molla Khali",
        "place": "suburb"
      }
    },
    {
      "type": "Feature",
      "geometry": {
        "type": "Point",
        "coordinates": [
          88.8625487,
          22.1133746
        ]
      },
      "properties": {
        "osm_id": 10799466692,
        "name": "Hamilton Abad",
        "place": "suburb"
      }
    },
    {
      "type": "Feature",
      "geometry": {
        "type": "Point",
        "coordinates": [
          88.7695973,
          22.2175454
        ]
      },
      "properties": {
        "osm_id": 10799466693,
        "name": "Tentultala",
        "place": "suburb"
      }
    },
    {
      "type": "Feature",
      "geometry": {
        "type": "Point",
        "coordinates": [
          88.880768,
          22.1844946
        ]
      },
      "properties": {
        "osm_id": 10799467544,
        "name": "Hetalbari",
        "place": "suburb"
      }
    },
    {
      "type": "Feature",
      "geometry": {
        "type": "Point",
        "coordinates": [
          88.9036997,
          22.18332
        ]
      },
      "properties": {
        "osm_id": 10799471846,
        "name": "Kalidaspur",
        "place": "suburb"
      }
    },
    {
      "type": "Feature",
      "geometry": {
        "type": "Point",
        "coordinates": [
          88.906209,
          22.1052898
        ]
      },
      "properties": {
        "osm_id": 10799472230,
        "name": "Lahiripur",
        "place": "suburb"
      }
    },
    {
      "type": "Feature",
      "geometry": {
        "type": "Point",
        "coordinates": [
          88.789839,
          22.1272693
        ]
      },
      "properties": {
        "osm_id": 10799476827,
        "name": "Sonagar",
        "place": "suburb"
      }
    },
    {
      "type": "Feature",
      "geometry": {
        "type": "Point",
        "coordinates": [
          88.814728,
          22.1908453
        ]
      },
      "properties": {
        "osm_id": 10799477705,
        "name": "Manmathanagar",
        "place": "suburb"
      }
    },
    {
      "type": "Feature",
      "geometry": {
        "type": "Point",
        "coordinates": [
          88.8170263,
          22.2158617
        ]
      },
      "properties": {
        "osm_id": 10799492255,
        "name": "Harishpur",
        "place": "suburb"
      }
    },
    {
      "type": "Feature",
      "geometry": {
        "type": "Point",
        "coordinates": [
          88.8133387,
          22.1419263
        ]
      },
      "properties": {
        "osm_id": 10799493009,
        "name": "Dulki",
        "place": "suburb"
      }
    },
    {
      "type": "Feature",
      "geometry": {
        "type": "Point",
        "coordinates": [
          88.9374755,
          22.2014338
        ]
      },
      "properties": {
        "osm_id": 10799498945,
        "name": "Kumirmari",
        "place": "suburb"
      }
    },
    {
      "type": "Feature",
      "geometry": {
        "type": "Point",
        "coordinates": [
          88.8514393,
          22.2087856
        ]
      },
      "properties": {
        "osm_id": 10799499435,
        "name": "Kachu Khali",
        "place": "suburb"
      }
    },
    {
      "type": "Feature",
      "geometry": {
        "type": "Point",
        "coordinates": [
          88.8843789,
          22.1105247
        ]
      },
      "properties": {
        "osm_id": 10799500563,
        "name": "Sadhupur",
        "place": "suburb"
      }
    },
    {
      "type": "Feature",
      "geometry": {
        "type": "Point",
        "coordinates": [
          88.7685633,
          22.2358039
        ]
      },
      "properties": {
        "osm_id": 10799502691,
        "name": "Gopalkata",
        "place": "suburb"
      }
    },
    {
      "type": "Feature",
      "geometry": {
        "type": "Point",
        "coordinates": [
          88.8963987,
          22.1319922
        ]
      },
      "properties": {
        "osm_id": 10799504842,
        "name": "Luxbagan",
        "place": "suburb"
      }
    },
    {
      "type": "Feature",
      "geometry": {
        "type": "Point",
        "coordinates": [
          88.7636843,
          22.2026178
        ]
      },
      "properties": {
        "osm_id": 10799504843,
        "name": "Pathankhali",
        "place": "suburb"
      }
    },
    {
      "type": "Feature",
      "geometry": {
        "type": "Point",
        "coordinates": [
          88.781958,
          22.2297326
        ]
      },
      "properties": {
        "osm_id": 10799506925,
        "name": "Battali",
        "place": "suburb"
      }
    },
    {
      "type": "Feature",
      "geometry": {
        "type": "Point",
        "coordinates": [
          88.8164093,
          22.2450275
        ]
      },
      "properties": {
        "osm_id": 10799521988,
        "name": "Kamakhyapur",
        "place": "suburb"
      }
    },
    {
      "type": "Feature",
      "geometry": {
        "type": "Point",
        "coordinates": [
          88.785354,
          22.2502584
        ]
      },
      "properties": {
        "osm_id": 10799522506,
        "name": "Jelepara",
        "place": "suburb"
      }
    },
    {
      "type": "Feature",
      "geometry": {
        "type": "Point",
        "coordinates": [
          88.8318613,
          22.1423454
        ]
      },
      "properties": {
        "osm_id": 10799523341,
        "name": "Pakhiralay",
        "place": "suburb"
      }
    },
    {
      "type": "Feature",
      "geometry": {
        "type": "Point",
        "coordinates": [
          88.7582197,
          22.2214839
        ]
      },
      "properties": {
        "osm_id": 10799524305,
        "name": "Kamarpara",
        "place": "suburb"
      }
    },
    {
      "type": "Feature",
      "geometry": {
        "type": "Point",
        "coordinates": [
          88.8553665,
          22.2716985
        ]
      },
      "properties": {
        "osm_id": 10799525950,
        "name": "Paschim Radhanagar",
        "place": "suburb"
      }
    },
    {
      "type": "Feature",
      "geometry": {
        "type": "Point",
        "coordinates": [
          88.8424197,
          22.1898851
        ]
      },
      "properties": {
        "osm_id": 10799526376,
        "name": "Bagbagan",
        "place": "suburb"
      }
    },
    {
      "type": "Feature",
      "geometry": {
        "type": "Point",
        "coordinates": [
          88.8552973,
          22.1308448
        ]
      },
      "properties": {
        "osm_id": 10799526380,
        "name": "Dayapur",
        "place": "suburb"
      }
    },
    {
      "type": "Feature",
      "geometry": {
        "type": "Point",
        "coordinates": [
          88.88084,
          22.2462163
        ]
      },
      "properties": {
        "osm_id": 10799532640,
        "name": "Baramollakhali",
        "place": "suburb"
      }
    },
    {
      "type": "Feature",
      "geometry": {
        "type": "Point",
        "coordinates": [
          88.8382213,
          22.1577431
        ]
      },
      "properties": {
        "osm_id": 10799532909,
        "name": "Rangabalia",
        "place": "suburb"
      }
    },
    {
      "type": "Feature",
      "geometry": {
        "type": "Point",
        "coordinates": [
          88.8042256,
          22.2735443
        ]
      },
      "properties": {
        "osm_id": 10799533743,
        "name": "Sambhunagar",
        "place": "suburb"
      }
    },
    {
      "type": "Feature",
      "geometry": {
        "type": "Point",
        "coordinates": [
          88.864382,
          22.2265469
        ]
      },
      "properties": {
        "osm_id": 10799536039,
        "name": "Taranagar",
        "place": "suburb"
      }
    },
    {
      "type": "Feature",
      "geometry": {
        "type": "Point",
        "coordinates": [
          88.7963017,
          22.2522159
        ]
      },
      "properties": {
        "osm_id": 10799543345,
        "name": "Jhaukhali",
        "place": "suburb"
      }
    },
    {
      "type": "Feature",
      "geometry": {
        "type": "Point",
        "coordinates": [
          88.8470893,
          22.252727
        ]
      },
      "properties": {
        "osm_id": 10799548405,
        "name": "Dakshin Radhanagar",
        "place": "suburb"
      }
    },
    {
      "type": "Feature",
      "geometry": {
        "type": "Point",
        "coordinates": [
          88.8789243,
          22.2620753
        ]
      },
      "properties": {
        "osm_id": 10799550636,
        "name": "Purba Radhanagar",
        "place": "suburb"
      }
    },
    {
      "type": "Feature",
      "geometry": {
        "type": "Point",
        "coordinates": [
          88.8003053,
          22.2425353
        ]
      },
      "properties": {
        "osm_id": 10799554167,
        "name": "Palpur",
        "place": "suburb"
      }
    },
    {
      "type": "Feature",
      "geometry": {
        "type": "Point",
        "coordinates": [
          88.8583503,
          22.1877646
        ]
      },
      "properties": {
        "osm_id": 10799558105,
        "name": "Uttar Danga",
        "place": "suburb"
      }
    },
    {
      "type": "Feature",
      "geometry": {
        "type": "Point",
        "coordinates": [
          88.804539,
          22.2623104
        ]
      },
      "properties": {
        "osm_id": 10799559142,
        "name": "Mitrapur",
        "place": "suburb"
      }
    },
    {
      "type": "Feature",
      "geometry": {
        "type": "Point",
        "coordinates": [
          88.8187156,
          22.255285
        ]
      },
      "properties": {
        "osm_id": 10799564562,
        "name": "Bhupendrapur",
        "place": "suburb"
      }
    },
    {
      "type": "Feature",
      "geometry": {
        "type": "Point",
        "coordinates": [
          88.8827726,
          22.1389582
        ]
      },
      "properties": {
        "osm_id": 10799565315,
        "name": "Sudhansupur",
        "place": "suburb"
      }
    },
    {
      "type": "Feature",
      "geometry": {
        "type": "Point",
        "coordinates": [
          88.8740726,
          22.1535863
        ]
      },
      "properties": {
        "osm_id": 10799573823,
        "name": "Satjalia",
        "place": "suburb"
      }
    },
    {
      "type": "Feature",
      "geometry": {
        "type": "Point",
        "coordinates": [
          88.1440366,
          21.6954873
        ]
      },
      "properties": {
        "osm_id": 10799688541,
        "name": "Bankimnagar",
        "place": "suburb"
      }
    },
    {
      "type": "Feature",
      "geometry": {
        "type": "Point",
        "coordinates": [
          88.1582603,
          21.7908835
        ]
      },
      "properties": {
        "osm_id": 10799709833,
        "name": "Gobindapur",
        "place": "suburb"
      }
    },
    {
      "type": "Feature",
      "geometry": {
        "type": "Point",
        "coordinates": [
          88.1468733,
          21.7791799
        ]
      },
      "properties": {
        "osm_id": 10799709838,
        "name": "Nagendraganj",
        "place": "suburb"
      }
    },
    {
      "type": "Feature",
      "geometry": {
        "type": "Point",
        "coordinates": [
          88.1326626,
          21.8043966
        ]
      },
      "properties": {
        "osm_id": 10799715097,
        "name": "Dhaspara",
        "place": "suburb"
      }
    },
    {
      "type": "Feature",
      "geometry": {
        "type": "Point",
        "coordinates": [
          88.1563145,
          21.7710875
        ]
      },
      "properties": {
        "osm_id": 10799723256,
        "name": "Debimathurapur",
        "place": "suburb"
      }
    },
    {
      "type": "Feature",
      "geometry": {
        "type": "Point",
        "coordinates": [
          88.1017303,
          21.6482081
        ]
      },
      "properties": {
        "osm_id": 10799726013,
        "name": "Dhablat",
        "place": "suburb"
      }
    },
    {
      "type": "Feature",
      "geometry": {
        "type": "Point",
        "coordinates": [
          88.1262656,
          21.7895075
        ]
      },
      "properties": {
        "osm_id": 10799739772,
        "name": "Mahendraganj",
        "place": "suburb"
      }
    },
    {
      "type": "Feature",
      "geometry": {
        "type": "Point",
        "coordinates": [
          88.1545336,
          21.7568999
        ]
      },
      "properties": {
        "osm_id": 10799740205,
        "name": "Kaylapara",
        "place": "suburb"
      }
    },
    {
      "type": "Feature",
      "geometry": {
        "type": "Point",
        "coordinates": [
          88.135038,
          21.6602136
        ]
      },
      "properties": {
        "osm_id": 10799741065,
        "name": "Chemagari",
        "place": "suburb"
      }
    },
    {
      "type": "Feature",
      "geometry": {
        "type": "Point",
        "coordinates": [
          88.1589263,
          21.7420578
        ]
      },
      "properties": {
        "osm_id": 10799741211,
        "name": "Mrityunjoynagar",
        "place": "suburb"
      }
    },
    {
      "type": "Feature",
      "geometry": {
        "type": "Point",
        "coordinates": [
          88.1395289,
          21.7458464
        ]
      },
      "properties": {
        "osm_id": 10799742068,
        "name": "Haradhanpur",
        "place": "suburb"
      }
    },
    {
      "type": "Feature",
      "geometry": {
        "type": "Point",
        "coordinates": [
          88.1295334,
          21.6363501
        ]
      },
      "properties": {
        "osm_id": 10799747979,
        "name": "Bisalakshmipur",
        "place": "suburb"
      }
    },
    {
      "type": "Feature",
      "geometry": {
        "type": "Point",
        "coordinates": [
          88.118812,
          21.6486137
        ]
      },
      "properties": {
        "osm_id": 10799747980,
        "name": "Sibpur",
        "place": "suburb"
      }
    },
    {
      "type": "Feature",
      "geometry": {
        "type": "Point",
        "coordinates": [
          88.0593516,
          21.6804956
        ]
      },
      "properties": {
        "osm_id": 10799763728,
        "name": "Mahishamari",
        "place": "suburb"
      }
    },
    {
      "type": "Feature",
      "geometry": {
        "type": "Point",
        "coordinates": [
          88.062425,
          21.703957
        ]
      },
      "properties": {
        "osm_id": 10799766901,
        "name": "Chandipur",
        "place": "suburb"
      }
    },
    {
      "type": "Feature",
      "geometry": {
        "type": "Point",
        "coordinates": [
          88.0960266,
          21.743887
        ]
      },
      "properties": {
        "osm_id": 10799771591,
        "name": "Harinbari",
        "place": "suburb"
      }
    },
    {
      "type": "Feature",
      "geometry": {
        "type": "Point",
        "coordinates": [
          88.1478966,
          21.7177621
        ]
      },
      "properties": {
        "osm_id": 10799779130,
        "name": "Sumatinagar",
        "place": "suburb"
      }
    },
    {
      "type": "Feature",
      "geometry": {
        "type": "Point",
        "coordinates": [
          88.055746,
          21.6621442
        ]
      },
      "properties": {
        "osm_id": 10799779139,
        "name": "Beguakhali",
        "place": "suburb"
      }
    },
    {
      "type": "Feature",
      "geometry": {
        "type": "Point",
        "coordinates": [
          88.0790012,
          21.7005082
        ]
      },
      "properties": {
        "osm_id": 10799784500,
        "name": "Bishnupur",
        "place": "suburb"
      }
    },
    {
      "type": "Feature",
      "geometry": {
        "type": "Point",
        "coordinates": [
          88.1087384,
          21.6774055
        ]
      },
      "properties": {
        "osm_id": 10799786719,
        "name": "Purrusottampur",
        "place": "suburb"
      }
    },
    {
      "type": "Feature",
      "geometry": {
        "type": "Point",
        "coordinates": [
          88.1214187,
          21.8243385
        ]
      },
      "properties": {
        "osm_id": 10799787688,
        "name": "Bamankhali",
        "place": "suburb"
      }
    },
    {
      "type": "Feature",
      "geometry": {
        "type": "Point",
        "coordinates": [
          88.0838333,
          21.6817497
        ]
      },
      "properties": {
        "osm_id": 10799789176,
        "name": "Narayani Abad",
        "place": "suburb"
      }
    },
    {
      "type": "Feature",
      "geometry": {
        "type": "Point",
        "coordinates": [
          88.133214,
          21.868257
        ]
      },
      "properties": {
        "osm_id": 10799790920,
        "name": "Kastala",
        "place": "suburb"
      }
    },
    {
      "type": "Feature",
      "geometry": {
        "type": "Point",
        "coordinates": [
          88.121697,
          21.8453529
        ]
      },
      "properties": {
        "osm_id": 10799800871,
        "name": "Sapkhali",
        "place": "suburb"
      }
    },
    {
      "type": "Feature",
      "geometry": {
        "type": "Point",
        "coordinates": [
          88.069851,
          21.7237251
        ]
      },
      "properties": {
        "osm_id": 10799800873,
        "name": "Radha Krishnapur",
        "place": "suburb"
      }
    },
    {
      "type": "Feature",
      "geometry": {
        "type": "Point",
        "coordinates": [
          88.1288536,
          21.913528
        ]
      },
      "properties": {
        "osm_id": 10799801584,
        "name": "Ghoramara",
        "place": "suburb"
      }
    },
    {
      "type": "Feature",
      "geometry": {
        "type": "Point",
        "coordinates": [
          88.0568077,
          21.6475559
        ]
      },
      "properties": {
        "osm_id": 10799802157,
        "name": "Sagar",
        "place": "suburb"
      }
    },
    {
      "type": "Feature",
      "geometry": {
        "type": "Point",
        "coordinates": [
          88.1344719,
          21.8414871
        ]
      },
      "properties": {
        "osm_id": 10799802158,
        "name": "Kachubaria",
        "place": "suburb"
      }
    },
    {
      "type": "Feature",
      "geometry": {
        "type": "Point",
        "coordinates": [
          88.0766404,
          21.6892599
        ]
      },
      "properties": {
        "osm_id": 10799804312,
        "name": "Natendrapur",
        "place": "suburb"
      }
    },
    {
      "type": "Feature",
      "geometry": {
        "type": "Point",
        "coordinates": [
          88.09084,
          21.7776035
        ]
      },
      "properties": {
        "osm_id": 10799806033,
        "name": "Krishnanagar",
        "place": "suburb"
      }
    },
    {
      "type": "Feature",
      "geometry": {
        "type": "Point",
        "coordinates": [
          88.1622093,
          21.8096537
        ]
      },
      "properties": {
        "osm_id": 10799812507,
        "name": "Sikarpur",
        "place": "suburb"
      }
    },
    {
      "type": "Feature",
      "geometry": {
        "type": "Point",
        "coordinates": [
          88.1201683,
          21.7408646
        ]
      },
      "properties": {
        "osm_id": 10799814439,
        "name": "Khan Saheber Abad",
        "place": "suburb"
      }
    },
    {
      "type": "Feature",
      "geometry": {
        "type": "Point",
        "coordinates": [
          88.112073,
          21.8140806
        ]
      },
      "properties": {
        "osm_id": 10799816656,
        "name": "Mandirtala",
        "place": "suburb"
      }
    },
    {
      "type": "Feature",
      "geometry": {
        "type": "Point",
        "coordinates": [
          88.153687,
          21.8275902
        ]
      },
      "properties": {
        "osm_id": 10799820693,
        "name": "Muri Ganga",
        "place": "suburb"
      }
    },
    {
      "type": "Feature",
      "geometry": {
        "type": "Point",
        "coordinates": [
          88.1582283,
          21.8018641
        ]
      },
      "properties": {
        "osm_id": 10799820743,
        "name": "Ramkrishnapur",
        "place": "suburb"
      }
    },
    {
      "type": "Feature",
      "geometry": {
        "type": "Point",
        "coordinates": [
          88.1460956,
          21.8134893
        ]
      },
      "properties": {
        "osm_id": 10799821703,
        "name": "Companir Char",
        "place": "suburb"
      }
    },
    {
      "type": "Feature",
      "geometry": {
        "type": "Point",
        "coordinates": [
          88.1022343,
          21.7951972
        ]
      },
      "properties": {
        "osm_id": 10799830079,
        "name": "Phuldubi",
        "place": "suburb"
      }
    },
    {
      "type": "Feature",
      "geometry": {
        "type": "Point",
        "coordinates": [
          88.1178827,
          21.7097346
        ]
      },
      "properties": {
        "osm_id": 10799830439,
        "name": "Kamalpur",
        "place": "suburb"
      }
    },
    {
      "type": "Feature",
      "geometry": {
        "type": "Point",
        "coordinates": [
          88.1001617,
          21.727381
        ]
      },
      "properties": {
        "osm_id": 10799831041,
        "name": "Rudranagar",
        "place": "suburb"
      }
    },
    {
      "type": "Feature",
      "geometry": {
        "type": "Point",
        "coordinates": [
          88.1163087,
          21.7654053
        ]
      },
      "properties": {
        "osm_id": 10799836303,
        "name": "Khas Ramkarerchhar",
        "place": "suburb"
      }
    },
    {
      "type": "Feature",
      "geometry": {
        "type": "Point",
        "coordinates": [
          88.0807177,
          21.7524278
        ]
      },
      "properties": {
        "osm_id": 10799848280,
        "name": "Naraharipur",
        "place": "suburb"
      }
    },
    {
      "type": "Feature",
      "geometry": {
        "type": "Point",
        "coordinates": [
          88.097117,
          21.6991859
        ]
      },
      "properties": {
        "osm_id": 10799851715,
        "name": "Kirtankhali",
        "place": "suburb"
      }
    },
    {
      "type": "Feature",
      "geometry": {
        "type": "Point",
        "coordinates": [
          88.122092,
          21.6974428
        ]
      },
      "properties": {
        "osm_id": 10799856050,
        "name": "Manasadwip 2Nd Portion",
        "place": "suburb"
      }
    },
    {
      "type": "Feature",
      "geometry": {
        "type": "Point",
        "coordinates": [
          88.4150566,
          21.7406384
        ]
      },
      "properties": {
        "osm_id": 10800617399,
        "name": "Gangapur",
        "place": "suburb"
      }
    },
    {
      "type": "Feature",
      "geometry": {
        "type": "Point",
        "coordinates": [
          88.3206887,
          21.9761595
        ]
      },
      "properties": {
        "osm_id": 10800762933,
        "name": "Dakshin Gangadharpur",
        "place": "suburb"
      }
    },
    {
      "type": "Feature",
      "geometry": {
        "type": "Point",
        "coordinates": [
          88.319435,
          21.715238
        ]
      },
      "properties": {
        "osm_id": 10800769086,
        "name": "Plot 6Th Portion (Khas)",
        "place": "suburb"
      }
    },
    {
      "type": "Feature",
      "geometry": {
        "type": "Point",
        "coordinates": [
          88.4265062,
          21.8310703
        ]
      },
      "properties": {
        "osm_id": 10800796634,
        "name": "Kamdebpur",
        "place": "suburb"
      }
    },
    {
      "type": "Feature",
      "geometry": {
        "type": "Point",
        "coordinates": [
          88.3580666,
          21.7462957
        ]
      },
      "properties": {
        "osm_id": 10800798096,
        "name": "Kshetra Mohanpur",
        "place": "suburb"
      }
    },
    {
      "type": "Feature",
      "geometry": {
        "type": "Point",
        "coordinates": [
          88.3998326,
          21.7825169
        ]
      },
      "properties": {
        "osm_id": 10800803290,
        "name": "Chhoto Banashyam Nagar",
        "place": "suburb"
      }
    },
    {
      "type": "Feature",
      "geometry": {
        "type": "Point",
        "coordinates": [
          88.396319,
          21.6714632
        ]
      },
      "properties": {
        "osm_id": 10800811096,
        "name": "Dakshin Surendraganj",
        "place": "suburb"
      }
    },
    {
      "type": "Feature",
      "geometry": {
        "type": "Point",
        "coordinates": [
          88.4037487,
          21.816945
        ]
      },
      "properties": {
        "osm_id": 10800853571,
        "name": "Lakshmipur",
        "place": "suburb"
      }
    },
    {
      "type": "Feature",
      "geometry": {
        "type": "Point",
        "coordinates": [
          88.3017463,
          21.8168219
        ]
      },
      "properties": {
        "osm_id": 10800853589,
        "name": "Durbachati",
        "place": "suburb"
      }
    },
    {
      "type": "Feature",
      "geometry": {
        "type": "Point",
        "coordinates": [
          88.2686773,
          21.809845
        ]
      },
      "properties": {
        "osm_id": 10800853590,
        "name": "Jameson Island",
        "place": "suburb"
      }
    },
    {
      "type": "Feature",
      "geometry": {
        "type": "Point",
        "coordinates": [
          88.4268583,
          21.7970872
        ]
      },
      "properties": {
        "osm_id": 10800904073,
        "name": "Banashyam Nagar",
        "place": "suburb"
      }
    },
    {
      "type": "Feature",
      "geometry": {
        "type": "Point",
        "coordinates": [
          88.3734897,
          21.7019744
        ]
      },
      "properties": {
        "osm_id": 10800952467,
        "name": "Gobindapur Abad",
        "place": "suburb"
      }
    },
    {
      "type": "Feature",
      "geometry": {
        "type": "Point",
        "coordinates": [
          88.381187,
          21.906275
        ]
      },
      "properties": {
        "osm_id": 10800955400,
        "name": "Indra Narayanpur",
        "place": "suburb"
      }
    },
    {
      "type": "Feature",
      "geometry": {
        "type": "Point",
        "coordinates": [
          88.3719407,
          21.904005
        ]
      },
      "properties": {
        "osm_id": 10800955401,
        "name": "Parbatipur",
        "place": "suburb"
      }
    },
    {
      "type": "Feature",
      "geometry": {
        "type": "Point",
        "coordinates": [
          88.4097263,
          21.839127
        ]
      },
      "properties": {
        "osm_id": 10800960264,
        "name": "Bishnupur",
        "place": "suburb"
      }
    },
    {
      "type": "Feature",
      "geometry": {
        "type": "Point",
        "coordinates": [
          88.4751036,
          21.8176151
        ]
      },
      "properties": {
        "osm_id": 10800963465,
        "name": "Paschim Sripatinagar",
        "place": "suburb"
      }
    },
    {
      "type": "Feature",
      "geometry": {
        "type": "Point",
        "coordinates": [
          88.354316,
          21.7092952
        ]
      },
      "properties": {
        "osm_id": 10800965019,
        "name": "Brojaballabpur",
        "place": "suburb"
      }
    },
    {
      "type": "Feature",
      "geometry": {
        "type": "Point",
        "coordinates": [
          88.44085,
          21.8116581
        ]
      },
      "properties": {
        "osm_id": 10800967488,
        "name": "Achintya Nagar",
        "place": "suburb"
      }
    },
    {
      "type": "Feature",
      "geometry": {
        "type": "Point",
        "coordinates": [
          88.3088697,
          21.9853275
        ]
      },
      "properties": {
        "osm_id": 10800967572,
        "name": "Nilerat",
        "place": "suburb"
      }
    },
    {
      "type": "Feature",
      "geometry": {
        "type": "Point",
        "coordinates": [
          88.3173953,
          21.9526096
        ]
      },
      "properties": {
        "osm_id": 10800969774,
        "name": "Bhajna",
        "place": "suburb"
      }
    },
    {
      "type": "Feature",
      "geometry": {
        "type": "Point",
        "coordinates": [
          88.3678787,
          21.9730983
        ]
      },
      "properties": {
        "osm_id": 10800970887,
        "name": "Dakshin Raypur",
        "place": "suburb"
      }
    },
    {
      "type": "Feature",
      "geometry": {
        "type": "Point",
        "coordinates": [
          88.485956,
          21.8184785
        ]
      },
      "properties": {
        "osm_id": 10800971388,
        "name": "Purba Sripatinagar",
        "place": "suburb"
      }
    },
    {
      "type": "Feature",
      "geometry": {
        "type": "Point",
        "coordinates": [
          88.4139383,
          21.7685975
        ]
      },
      "properties": {
        "osm_id": 10800971399,
        "name": "Sibnagar",
        "place": "suburb"
      }
    },
    {
      "type": "Feature",
      "geometry": {
        "type": "Point",
        "coordinates": [
          88.2967182,
          21.9916766
        ]
      },
      "properties": {
        "osm_id": 10800971400,
        "name": "Ramdebpur",
        "place": "suburb"
      }
    },
    {
      "type": "Feature",
      "geometry": {
        "type": "Point",
        "coordinates": [
          88.3700027,
          21.9220577
        ]
      },
      "properties": {
        "osm_id": 10800971401,
        "name": "Paschim Sridharpur",
        "place": "suburb"
      }
    },
    {
      "type": "Feature",
      "geometry": {
        "type": "Point",
        "coordinates": [
          88.3980759,
          21.6143457
        ]
      },
      "properties": {
        "osm_id": 10800975057,
        "name": "Gobardhanpur",
        "place": "suburb"
      }
    },
    {
      "type": "Feature",
      "geometry": {
        "type": "Point",
        "coordinates": [
          88.4064517,
          21.6951763
        ]
      },
      "properties": {
        "osm_id": 10800975058,
        "name": "Uttar Surendraganj",
        "place": "suburb"
      }
    },
    {
      "type": "Feature",
      "geometry": {
        "type": "Point",
        "coordinates": [
          88.3506421,
          21.9767953
        ]
      },
      "properties": {
        "osm_id": 10800975164,
        "name": "Abad Gangadharpur",
        "place": "suburb"
      }
    },
    {
      "type": "Feature",
      "geometry": {
        "type": "Point",
        "coordinates": [
          88.3717256,
          21.7453078
        ]
      },
      "properties": {
        "osm_id": 10800977760,
        "name": "Rakshaskhali",
        "place": "suburb"
      }
    },
    {
      "type": "Feature",
      "geometry": {
        "type": "Point",
        "coordinates": [
          88.360868,
          21.9430664
        ]
      },
      "properties": {
        "osm_id": 10800979550,
        "name": "Dakshin Durgapur",
        "place": "suburb"
      }
    },
    {
      "type": "Feature",
      "geometry": {
        "type": "Point",
        "coordinates": [
          88.397846,
          21.9884782
        ]
      },
      "properties": {
        "osm_id": 10800979862,
        "name": "Kaorakhali",
        "place": "suburb"
      }
    },
    {
      "type": "Feature",
      "geometry": {
        "type": "Point",
        "coordinates": [
          88.3067383,
          21.991979
        ]
      },
      "properties": {
        "osm_id": 10800979976,
        "name": "Malaya",
        "place": "suburb"
      }
    },
    {
      "type": "Feature",
      "geometry": {
        "type": "Point",
        "coordinates": [
          88.3811,
          21.8814362
        ]
      },
      "properties": {
        "osm_id": 10800980370,
        "name": "Ramnagar Abad",
        "place": "suburb"
      }
    },
    {
      "type": "Feature",
      "geometry": {
        "type": "Point",
        "coordinates": [
          88.3193346,
          21.8304781
        ]
      },
      "properties": {
        "osm_id": 10800980606,
        "name": "Krishnapur",
        "place": "suburb"
      }
    },
    {
      "type": "Feature",
      "geometry": {
        "type": "Point",
        "coordinates": [
          88.366297,
          21.930886
        ]
      },
      "properties": {
        "osm_id": 10800984018,
        "name": "Gurudaspur",
        "place": "suburb"
      }
    },
    {
      "type": "Feature",
      "geometry": {
        "type": "Point",
        "coordinates": [
          88.322987,
          21.8531821
        ]
      },
      "properties": {
        "osm_id": 10800984056,
        "name": "Chintamanipur",
        "place": "suburb"
      }
    },
    {
      "type": "Feature",
      "geometry": {
        "type": "Point",
        "coordinates": [
          88.1015736,
          21.8936686
        ]
      },
      "properties": {
        "osm_id": 10800984293,
        "name": "Lohachara",
        "place": "suburb"
      }
    },
    {
      "type": "Feature",
      "geometry": {
        "type": "Point",
        "coordinates": [
          88.318808,
          21.7904606
        ]
      },
      "properties": {
        "osm_id": 10800984391,
        "name": "Mahendra Nagar",
        "place": "suburb"
      }
    },
    {
      "type": "Feature",
      "geometry": {
        "type": "Point",
        "coordinates": [
          88.3864046,
          21.9354031
        ]
      },
      "properties": {
        "osm_id": 10800984751,
        "name": "Digambarpur",
        "place": "suburb"
      }
    },
    {
      "type": "Feature",
      "geometry": {
        "type": "Point",
        "coordinates": [
          88.3406803,
          21.8491879
        ]
      },
      "properties": {
        "osm_id": 10800985896,
        "name": "Kamdebnagar",
        "place": "suburb"
      }
    },
    {
      "type": "Feature",
      "geometry": {
        "type": "Point",
        "coordinates": [
          88.3582866,
          21.9892651
        ]
      },
      "properties": {
        "osm_id": 10800987860,
        "name": "Piprakhali",
        "place": "suburb"
      }
    },
    {
      "type": "Feature",
      "geometry": {
        "type": "Point",
        "coordinates": [
          88.4142146,
          21.8788793
        ]
      },
      "properties": {
        "osm_id": 10800991166,
        "name": "Kedarpur",
        "place": "suburb"
      }
    },
    {
      "type": "Feature",
      "geometry": {
        "type": "Point",
        "coordinates": [
          88.3812753,
          21.8160498
        ]
      },
      "properties": {
        "osm_id": 10800993404,
        "name": "Dakshin Mahendrapur",
        "place": "suburb"
      }
    },
    {
      "type": "Feature",
      "geometry": {
        "type": "Point",
        "coordinates": [
          88.3712165,
          21.9157782
        ]
      },
      "properties": {
        "osm_id": 10800995596,
        "name": "Uttar Mahendrapur",
        "place": "suburb"
      }
    },
    {
      "type": "Feature",
      "geometry": {
        "type": "Point",
        "coordinates": [
          88.288385,
          21.7978511
        ]
      },
      "properties": {
        "osm_id": 10800996351,
        "name": "Paschim Surendra Nagar",
        "place": "suburb"
      }
    },
    {
      "type": "Feature",
      "geometry": {
        "type": "Point",
        "coordinates": [
          88.3235453,
          21.8418025
        ]
      },
      "properties": {
        "osm_id": 10800999670,
        "name": "Radhakrishna Nagar",
        "place": "suburb"
      }
    },
    {
      "type": "Feature",
      "geometry": {
        "type": "Point",
        "coordinates": [
          88.3975583,
          21.6575754
        ]
      },
      "properties": {
        "osm_id": 10801000707,
        "name": "Indrapur",
        "place": "suburb"
      }
    },
    {
      "type": "Feature",
      "geometry": {
        "type": "Point",
        "coordinates": [
          88.398241,
          21.6341385
        ]
      },
      "properties": {
        "osm_id": 10801002233,
        "name": "Buraburir Tat",
        "place": "suburb"
      }
    },
    {
      "type": "Feature",
      "geometry": {
        "type": "Point",
        "coordinates": [
          88.3936432,
          21.7361949
        ]
      },
      "properties": {
        "osm_id": 10801004074,
        "name": "Krishnadaspur",
        "place": "suburb"
      }
    },
    {
      "type": "Feature",
      "geometry": {
        "type": "Point",
        "coordinates": [
          88.489967,
          21.9030471
        ]
      },
      "properties": {
        "osm_id": 10801004742,
        "name": "Burge Island",
        "place": "suburb"
      }
    },
    {
      "type": "Feature",
      "geometry": {
        "type": "Point",
        "coordinates": [
          88.3724053,
          21.8362588
        ]
      },
      "properties": {
        "osm_id": 10801004760,
        "name": "Debichak",
        "place": "suburb"
      }
    },
    {
      "type": "Feature",
      "geometry": {
        "type": "Point",
        "coordinates": [
          88.3094762,
          21.9772204
        ]
      },
      "properties": {
        "osm_id": 10801004761,
        "name": "Dakshin Madhusudanpur",
        "place": "suburb"
      }
    },
    {
      "type": "Feature",
      "geometry": {
        "type": "Point",
        "coordinates": [
          88.3656253,
          21.8440766
        ]
      },
      "properties": {
        "osm_id": 10801004763,
        "name": "Sagar Madhabpur",
        "place": "suburb"
      }
    },
    {
      "type": "Feature",
      "geometry": {
        "type": "Point",
        "coordinates": [
          88.3403578,
          21.9123807
        ]
      },
      "properties": {
        "osm_id": 10801004764,
        "name": "Purna Chandrapur",
        "place": "suburb"
      }
    },
    {
      "type": "Feature",
      "geometry": {
        "type": "Point",
        "coordinates": [
          88.4129909,
          21.7054948
        ]
      },
      "properties": {
        "osm_id": 10801005814,
        "name": "Daspur",
        "place": "suburb"
      }
    },
    {
      "type": "Feature",
      "geometry": {
        "type": "Point",
        "coordinates": [
          88.4155536,
          21.6152985
        ]
      },
      "properties": {
        "osm_id": 10801006238,
        "name": "Plat G 6Th Portion",
        "place": "suburb"
      }
    },
    {
      "type": "Feature",
      "geometry": {
        "type": "Point",
        "coordinates": [
          88.4136307,
          21.6390862
        ]
      },
      "properties": {
        "osm_id": 10801007228,
        "name": "Sitarampur",
        "place": "suburb"
      }
    },
    {
      "type": "Feature",
      "geometry": {
        "type": "Point",
        "coordinates": [
          88.4130819,
          21.712245
        ]
      },
      "properties": {
        "osm_id": 10801009146,
        "name": "Satyadaspur",
        "place": "suburb"
      }
    },
    {
      "type": "Feature",
      "geometry": {
        "type": "Point",
        "coordinates": [
          88.4501026,
          21.6644352
        ]
      },
      "properties": {
        "osm_id": 10801011603,
        "name": "Plot L Southern Portion",
        "place": "suburb"
      }
    },
    {
      "type": "Feature",
      "geometry": {
        "type": "Point",
        "coordinates": [
          88.3177099,
          21.8058511
        ]
      },
      "properties": {
        "osm_id": 10801014084,
        "name": "Dakshin Gopalnagar",
        "place": "suburb"
      }
    },
    {
      "type": "Feature",
      "geometry": {
        "type": "Point",
        "coordinates": [
          88.4664683,
          21.8756798
        ]
      },
      "properties": {
        "osm_id": 10801016465,
        "name": "Purba Surendranagar",
        "place": "suburb"
      }
    },
    {
      "type": "Feature",
      "geometry": {
        "type": "Point",
        "coordinates": [
          88.1164903,
          21.9261752
        ]
      },
      "properties": {
        "osm_id": 10801020142,
        "name": "Khasimara",
        "place": "suburb"
      }
    },
    {
      "type": "Feature",
      "geometry": {
        "type": "Point",
        "coordinates": [
          88.34537,
          21.8076153
        ]
      },
      "properties": {
        "osm_id": 10801020158,
        "name": "Durgagobindopur",
        "place": "suburb"
      }
    },
    {
      "type": "Feature",
      "geometry": {
        "type": "Point",
        "coordinates": [
          88.4475466,
          21.8653354
        ]
      },
      "properties": {
        "osm_id": 10801025967,
        "name": "Heramba Gopalpur",
        "place": "suburb"
      }
    },
    {
      "type": "Feature",
      "geometry": {
        "type": "Point",
        "coordinates": [
          88.3317614,
          21.8310336
        ]
      },
      "properties": {
        "osm_id": 10801030351,
        "name": "Uttar Gopalnagar",
        "place": "suburb"
      }
    },
    {
      "type": "Feature",
      "geometry": {
        "type": "Point",
        "coordinates": [
          88.2986093,
          21.784514
        ]
      },
      "properties": {
        "osm_id": 10801033129,
        "name": "Harikrishnapur",
        "place": "suburb"
      }
    },
    {
      "type": "Feature",
      "geometry": {
        "type": "Point",
        "coordinates": [
          88.4733677,
          21.8492898
        ]
      },
      "properties": {
        "osm_id": 10801033171,
        "name": "Dakshin Kashinagar",
        "place": "suburb"
      }
    },
    {
      "type": "Feature",
      "geometry": {
        "type": "Point",
        "coordinates": [
          88.429729,
          21.8908136
        ]
      },
      "properties": {
        "osm_id": 10801036463,
        "name": "Purba Dwarokapur",
        "place": "suburb"
      }
    },
    {
      "type": "Feature",
      "geometry": {
        "type": "Point",
        "coordinates": [
          88.3452409,
          21.7857873
        ]
      },
      "properties": {
        "osm_id": 10801036464,
        "name": "Madhab Nagar",
        "place": "suburb"
      }
    },
    {
      "type": "Feature",
      "geometry": {
        "type": "Point",
        "coordinates": [
          88.3328341,
          21.9440703
        ]
      },
      "properties": {
        "osm_id": 10801038989,
        "name": "Meherpur",
        "place": "suburb"
      }
    },
    {
      "type": "Feature",
      "geometry": {
        "type": "Point",
        "coordinates": [
          88.4311143,
          21.8535455
        ]
      },
      "properties": {
        "osm_id": 10801038994,
        "name": "Purba Chintamonipur",
        "place": "suburb"
      }
    },
    {
      "type": "Feature",
      "geometry": {
        "type": "Point",
        "coordinates": [
          88.3207497,
          21.7716969
        ]
      },
      "properties": {
        "osm_id": 10801038995,
        "name": "Paschim Dwarakapur",
        "place": "suburb"
      }
    },
    {
      "type": "Feature",
      "geometry": {
        "type": "Point",
        "coordinates": [
          88.3781693,
          21.8564863
        ]
      },
      "properties": {
        "osm_id": 10801038996,
        "name": "Biswanathpur",
        "place": "suburb"
      }
    },
    {
      "type": "Feature",
      "geometry": {
        "type": "Point",
        "coordinates": [
          88.4503956,
          21.8398754
        ]
      },
      "properties": {
        "osm_id": 10801043247,
        "name": "Lakshmi Janardanpur",
        "place": "suburb"
      }
    },
    {
      "type": "Feature",
      "geometry": {
        "type": "Point",
        "coordinates": [
          88.339747,
          21.7675072
        ]
      },
      "properties": {
        "osm_id": 10801052920,
        "name": "Dakshin Lakshminarayanpur",
        "place": "suburb"
      }
    },
    {
      "type": "Feature",
      "geometry": {
        "type": "Point",
        "coordinates": [
          88.4573553,
          21.8899231
        ]
      },
      "properties": {
        "osm_id": 10801055585,
        "name": "Kuemuri",
        "place": "suburb"
      }
    },
    {
      "type": "Feature",
      "geometry": {
        "type": "Point",
        "coordinates": [
          88.3158146,
          21.7522872
        ]
      },
      "properties": {
        "osm_id": 10801056417,
        "name": "Baradapur",
        "place": "suburb"
      }
    },
    {
      "type": "Feature",
      "geometry": {
        "type": "Point",
        "coordinates": [
          88.317777,
          21.7323672
        ]
      },
      "properties": {
        "osm_id": 10801057345,
        "name": "Bhagabatpur",
        "place": "suburb"
      }
    },
    {
      "type": "Feature",
      "geometry": {
        "type": "Point",
        "coordinates": [
          88.3316903,
          21.7335772
        ]
      },
      "properties": {
        "osm_id": 10801057351,
        "name": "Kishori Nagar",
        "place": "suburb"
      }
    },
    {
      "type": "Feature",
      "geometry": {
        "type": "Point",
        "coordinates": [
          88.362724,
          21.7819178
        ]
      },
      "properties": {
        "osm_id": 10801058620,
        "name": "Dakshin Shibganj",
        "place": "suburb"
      }
    },
    {
      "type": "Feature",
      "geometry": {
        "type": "Point",
        "coordinates": [
          88.376534,
          21.8098071
        ]
      },
      "properties": {
        "osm_id": 10801058623,
        "name": "Ramganga",
        "place": "suburb"
      }
    },
    {
      "type": "Feature",
      "geometry": {
        "type": "Point",
        "coordinates": [
          88.409595,
          21.8543065
        ]
      },
      "properties": {
        "osm_id": 10801060506,
        "name": "Kumarpur",
        "place": "suburb"
      }
    },
    {
      "type": "Feature",
      "geometry": {
        "type": "Point",
        "coordinates": [
          88.364352,
          21.8274146
        ]
      },
      "properties": {
        "osm_id": 10801062310,
        "name": "Dakshin Gobindapur",
        "place": "suburb"
      }
    },
    {
      "type": "Feature",
      "geometry": {
        "type": "Point",
        "coordinates": [
          88.3843765,
          21.863231
        ]
      },
      "properties": {
        "osm_id": 10801064739,
        "name": "Gayadham",
        "place": "suburb"
      }
    },
    {
      "type": "Feature",
      "geometry": {
        "type": "Point",
        "coordinates": [
          88.3158913,
          21.9260717
        ]
      },
      "properties": {
        "osm_id": 10801067164,
        "name": "Srinarayanpur",
        "place": "suburb"
      }
    },
    {
      "type": "Feature",
      "geometry": {
        "type": "Point",
        "coordinates": [
          88.3700216,
          21.8664981
        ]
      },
      "properties": {
        "osm_id": 10801069991,
        "name": "Rajrajeshwaripur",
        "place": "suburb"
      }
    },
    {
      "type": "Feature",
      "geometry": {
        "type": "Point",
        "coordinates": [
          88.4408156,
          21.7266661
        ]
      },
      "properties": {
        "osm_id": 10801069992,
        "name": "Sridhar Nagar",
        "place": "suburb"
      }
    },
    {
      "type": "Feature",
      "geometry": {
        "type": "Point",
        "coordinates": [
          88.3808906,
          21.8486759
        ]
      },
      "properties": {
        "osm_id": 10801074484,
        "name": "Indraprastha",
        "place": "suburb"
      }
    },
    {
      "type": "Feature",
      "geometry": {
        "type": "Point",
        "coordinates": [
          88.452703,
          21.7823482
        ]
      },
      "properties": {
        "osm_id": 10801074993,
        "name": "Upendra Nagar",
        "place": "suburb"
      }
    },
    {
      "type": "Feature",
      "geometry": {
        "type": "Point",
        "coordinates": [
          88.3647087,
          21.8536354
        ]
      },
      "properties": {
        "osm_id": 10801077209,
        "name": "Dakshin Sibpur",
        "place": "suburb"
      }
    },
    {
      "type": "Feature",
      "geometry": {
        "type": "Point",
        "coordinates": [
          88.3781346,
          21.829446
        ]
      },
      "properties": {
        "osm_id": 10801079509,
        "name": "Jagindrapur",
        "place": "suburb"
      }
    },
    {
      "type": "Feature",
      "geometry": {
        "type": "Point",
        "coordinates": [
          88.4390383,
          21.7532971
        ]
      },
      "properties": {
        "osm_id": 10801079971,
        "name": "Rakhalpur",
        "place": "suburb"
      }
    },
    {
      "type": "Feature",
      "geometry": {
        "type": "Point",
        "coordinates": [
          88.3164583,
          21.8968166
        ]
      },
      "properties": {
        "osm_id": 10801087117,
        "name": "Taranagar",
        "place": "suburb"
      }
    },
    {
      "type": "Feature",
      "geometry": {
        "type": "Point",
        "coordinates": [
          88.4138293,
          21.866259
        ]
      },
      "properties": {
        "osm_id": 10801093910,
        "name": "Maheshpur",
        "place": "suburb"
      }
    },
    {
      "type": "Feature",
      "geometry": {
        "type": "Point",
        "coordinates": [
          88.2557243,
          21.5636202
        ]
      },
      "properties": {
        "osm_id": 10801934979,
        "name": "Lakshmipur Abad",
        "place": "suburb"
      }
    },
    {
      "type": "Feature",
      "geometry": {
        "type": "Point",
        "coordinates": [
          88.2759507,
          21.5885481
        ]
      },
      "properties": {
        "osm_id": 10801957198,
        "name": "Bijaybati",
        "place": "suburb"
      }
    },
    {
      "type": "Feature",
      "geometry": {
        "type": "Point",
        "coordinates": [
          88.234714,
          21.8350172
        ]
      },
      "properties": {
        "osm_id": 10801958726,
        "name": "Bishalakshmipur",
        "place": "suburb"
      }
    },
    {
      "type": "Feature",
      "geometry": {
        "type": "Point",
        "coordinates": [
          88.2123977,
          21.8258997
        ]
      },
      "properties": {
        "osm_id": 10801983723,
        "name": "Budhakhali",
        "place": "suburb"
      }
    },
    {
      "type": "Feature",
      "geometry": {
        "type": "Point",
        "coordinates": [
          88.249477,
          21.8176556
        ]
      },
      "properties": {
        "osm_id": 10801984172,
        "name": "Phatikpur",
        "place": "suburb"
      }
    },
    {
      "type": "Feature",
      "geometry": {
        "type": "Point",
        "coordinates": [
          88.2697463,
          21.6270415
        ]
      },
      "properties": {
        "osm_id": 10801984403,
        "name": "Maharajaganj",
        "place": "suburb"
      }
    },
    {
      "type": "Feature",
      "geometry": {
        "type": "Point",
        "coordinates": [
          88.2309623,
          21.8110377
        ]
      },
      "properties": {
        "osm_id": 10801990026,
        "name": "Rajnagar Srinathgram",
        "place": "suburb"
      }
    },
    {
      "type": "Feature",
      "geometry": {
        "type": "Point",
        "coordinates": [
          88.2599393,
          21.68814
        ]
      },
      "properties": {
        "osm_id": 10801995384,
        "name": "Dakshin Chandranagar",
        "place": "suburb"
      }
    },
    {
      "type": "Feature",
      "geometry": {
        "type": "Point",
        "coordinates": [
          88.2604563,
          21.574247
        ]
      },
      "properties": {
        "osm_id": 10801996312,
        "name": "Amrabati",
        "place": "suburb"
      }
    },
    {
      "type": "Feature",
      "geometry": {
        "type": "Point",
        "coordinates": [
          88.2753196,
          21.6076091
        ]
      },
      "properties": {
        "osm_id": 10801996417,
        "name": "Debnibas",
        "place": "suburb"
      }
    },
    {
      "type": "Feature",
      "geometry": {
        "type": "Point",
        "coordinates": [
          88.293907,
          21.6682547
        ]
      },
      "properties": {
        "osm_id": 10801996426,
        "name": "Dakshin Chandanpiri",
        "place": "suburb"
      }
    },
    {
      "type": "Feature",
      "geometry": {
        "type": "Point",
        "coordinates": [
          88.2599165,
          21.6118489
        ]
      },
      "properties": {
        "osm_id": 10802005379,
        "name": "Shibpur",
        "place": "suburb"
      }
    },
    {
      "type": "Feature",
      "geometry": {
        "type": "Point",
        "coordinates": [
          88.282678,
          21.6314095
        ]
      },
      "properties": {
        "osm_id": 10802005384,
        "name": "Haripur",
        "place": "suburb"
      }
    },
    {
      "type": "Feature",
      "geometry": {
        "type": "Point",
        "coordinates": [
          88.279574,
          21.6914479
        ]
      },
      "properties": {
        "osm_id": 10802007350,
        "name": "Uttar Chandanpiri",
        "place": "suburb"
      }
    },
    {
      "type": "Feature",
      "geometry": {
        "type": "Point",
        "coordinates": [
          88.1975953,
          21.7004689
        ]
      },
      "properties": {
        "osm_id": 10802016577,
        "name": "Mousani",
        "place": "suburb"
      }
    },
    {
      "type": "Feature",
      "geometry": {
        "type": "Point",
        "coordinates": [
          88.2886813,
          21.5794256
        ]
      },
      "properties": {
        "osm_id": 10802016578,
        "name": "Henry's Island",
        "place": "suburb"
      }
    },
    {
      "type": "Feature",
      "geometry": {
        "type": "Point",
        "coordinates": [
          88.2122023,
          21.6269903
        ]
      },
      "properties": {
        "osm_id": 10802019560,
        "name": "Baliara",
        "place": "suburb"
      }
    },
    {
      "type": "Feature",
      "geometry": {
        "type": "Point",
        "coordinates": [
          88.2161073,
          21.6556257
        ]
      },
      "properties": {
        "osm_id": 10802019561,
        "name": "Kusumtala",
        "place": "suburb"
      }
    },
    {
      "type": "Feature",
      "geometry": {
        "type": "Point",
        "coordinates": [
          88.245937,
          21.5968986
        ]
      },
      "properties": {
        "osm_id": 10802029528,
        "name": "Susni Island",
        "place": "suburb"
      }
    },
    {
      "type": "Feature",
      "geometry": {
        "type": "Point",
        "coordinates": [
          88.207029,
          21.6696356
        ]
      },
      "properties": {
        "osm_id": 10802030754,
        "name": "Bagdanga",
        "place": "suburb"
      }
    },
    {
      "type": "Feature",
      "geometry": {
        "type": "Point",
        "coordinates": [
          88.325116,
          21.6513979
        ]
      },
      "properties": {
        "osm_id": 10802030892,
        "name": "Lothian Island",
        "place": "suburb"
      }
    },
    {
      "type": "Feature",
      "geometry": {
        "type": "Point",
        "coordinates": [
          88.2235283,
          21.7217427
        ]
      },
      "properties": {
        "osm_id": 10802036795,
        "name": "Debnagar",
        "place": "suburb"
      }
    },
    {
      "type": "Feature",
      "geometry": {
        "type": "Point",
        "coordinates": [
          88.2805613,
          21.565493
        ]
      },
      "properties": {
        "osm_id": 10802038804,
        "name": "Fedric Island",
        "place": "suburb"
      }
    },
    {
      "type": "Feature",
      "geometry": {
        "type": "Point",
        "coordinates": [
          88.183579,
          21.5844006
        ]
      },
      "properties": {
        "osm_id": 10802045125,
        "name": "Jammu Island",
        "place": "suburb"
      }
    },
    {
      "type": "Feature",
      "geometry": {
        "type": "Point",
        "coordinates": [
          88.2576107,
          21.7475379
        ]
      },
      "properties": {
        "osm_id": 10802049725,
        "name": "Madanganj",
        "place": "suburb"
      }
    },
    {
      "type": "Feature",
      "geometry": {
        "type": "Point",
        "coordinates": [
          88.2637877,
          21.7200321
        ]
      },
      "properties": {
        "osm_id": 10802055061,
        "name": "Dwariknagar",
        "place": "suburb"
      }
    },
    {
      "type": "Feature",
      "geometry": {
        "type": "Point",
        "coordinates": [
          88.21623,
          21.6852262
        ]
      },
      "properties": {
        "osm_id": 10802055186,
        "name": "Dakshin Durgapur",
        "place": "suburb"
      }
    },
    {
      "type": "Feature",
      "geometry": {
        "type": "Point",
        "coordinates": [
          88.2571663,
          21.7655884
        ]
      },
      "properties": {
        "osm_id": 10802059218,
        "name": "Narayanpur",
        "place": "suburb"
      }
    },
    {
      "type": "Feature",
      "geometry": {
        "type": "Point",
        "coordinates": [
          88.243837,
          21.7292381
        ]
      },
      "properties": {
        "osm_id": 10802059219,
        "name": "Sibnagar Abad",
        "place": "suburb"
      }
    },
    {
      "type": "Feature",
      "geometry": {
        "type": "Point",
        "coordinates": [
          88.233716,
          21.78741
        ]
      },
      "properties": {
        "osm_id": 10802067361,
        "name": "Ganesnagar",
        "place": "suburb"
      }
    },
    {
      "type": "Feature",
      "geometry": {
        "type": "Point",
        "coordinates": [
          88.263619,
          21.6606859
        ]
      },
      "properties": {
        "osm_id": 10802078441,
        "name": "Sibrampur",
        "place": "suburb"
      }
    },
    {
      "type": "Feature",
      "geometry": {
        "type": "Point",
        "coordinates": [
          88.252202,
          21.7865577
        ]
      },
      "properties": {
        "osm_id": 10802079726,
        "name": "Durganagar",
        "place": "suburb"
      }
    },
    {
      "type": "Feature",
      "geometry": {
        "type": "Point",
        "coordinates": [
          88.2242107,
          21.7757463
        ]
      },
      "properties": {
        "osm_id": 10802080940,
        "name": "Nadabhanga",
        "place": "suburb"
      }
    },
    {
      "type": "Feature",
      "geometry": {
        "type": "Point",
        "coordinates": [
          88.2155454,
          21.7429697
        ]
      },
      "properties": {
        "osm_id": 10802085755,
        "name": "Narayanganj",
        "place": "suburb"
      }
    },
    {
      "type": "Feature",
      "geometry": {
        "type": "Point",
        "coordinates": [
          88.2730809,
          21.7448612
        ]
      },
      "properties": {
        "osm_id": 10802086877,
        "name": "Iswaripur",
        "place": "suburb"
      }
    },
    {
      "type": "Feature",
      "geometry": {
        "type": "Point",
        "coordinates": [
          88.2338533,
          21.6268752
        ]
      },
      "properties": {
        "osm_id": 10802089364,
        "name": "Patibania",
        "place": "suburb"
      }
    },
    {
      "type": "Feature",
      "geometry": {
        "type": "Point",
        "coordinates": [
          88.2378063,
          21.6908692
        ]
      },
      "properties": {
        "osm_id": 10802097791,
        "name": "Radhanagar",
        "place": "suburb"
      }
    },
    {
      "type": "Feature",
      "geometry": {
        "type": "Point",
        "coordinates": [
          88.243099,
          21.6637073
        ]
      },
      "properties": {
        "osm_id": 10802114134,
        "name": "Rajnagar",
        "place": "suburb"
      }
    },
    {
      "type": "Feature",
      "geometry": {
        "type": "Point",
        "coordinates": [
          88.2808655,
          21.9607963
        ]
      },
      "properties": {
        "osm_id": 10806730499,
        "name": "Sankiberia",
        "place": "suburb"
      }
    },
    {
      "type": "Feature",
      "geometry": {
        "type": "Point",
        "coordinates": [
          88.255083,
          21.9309875
        ]
      },
      "properties": {
        "osm_id": 10806735153,
        "name": "Chandipur",
        "place": "suburb"
      }
    },
    {
      "type": "Feature",
      "geometry": {
        "type": "Point",
        "coordinates": [
          88.3052866,
          21.9144147
        ]
      },
      "properties": {
        "osm_id": 10806741762,
        "name": "Hesamabad",
        "place": "suburb"
      }
    },
    {
      "type": "Feature",
      "geometry": {
        "type": "Point",
        "coordinates": [
          88.280246,
          21.9056263
        ]
      },
      "properties": {
        "osm_id": 10806743391,
        "name": "Gopalnagar",
        "place": "suburb"
      }
    },
    {
      "type": "Feature",
      "geometry": {
        "type": "Point",
        "coordinates": [
          88.2882813,
          21.9518812
        ]
      },
      "properties": {
        "osm_id": 10806748957,
        "name": "Sibnagar",
        "place": "suburb"
      }
    },
    {
      "type": "Feature",
      "geometry": {
        "type": "Point",
        "coordinates": [
          88.2179103,
          21.9200213
        ]
      },
      "properties": {
        "osm_id": 10806750223,
        "name": "Ramratanpur",
        "place": "suburb"
      }
    },
    {
      "type": "Feature",
      "geometry": {
        "type": "Point",
        "coordinates": [
          88.2484587,
          21.8862894
        ]
      },
      "properties": {
        "osm_id": 10806752422,
        "name": "Thangara",
        "place": "suburb"
      }
    },
    {
      "type": "Feature",
      "geometry": {
        "type": "Point",
        "coordinates": [
          88.1655095,
          21.9564454
        ]
      },
      "properties": {
        "osm_id": 10806756526,
        "name": "Madhusudanpur",
        "place": "suburb"
      }
    },
    {
      "type": "Feature",
      "geometry": {
        "type": "Point",
        "coordinates": [
          88.1598109,
          21.9456192
        ]
      },
      "properties": {
        "osm_id": 10806759971,
        "name": "Lakshmipur",
        "place": "suburb"
      }
    },
    {
      "type": "Feature",
      "geometry": {
        "type": "Point",
        "coordinates": [
          88.2276056,
          21.9295284
        ]
      },
      "properties": {
        "osm_id": 10806760667,
        "name": "Nebutala",
        "place": "suburb"
      }
    },
    {
      "type": "Feature",
      "geometry": {
        "type": "Point",
        "coordinates": [
          88.2611926,
          21.9717167
        ]
      },
      "properties": {
        "osm_id": 10806764856,
        "name": "Gobindapur",
        "place": "suburb"
      }
    },
    {
      "type": "Feature",
      "geometry": {
        "type": "Point",
        "coordinates": [
          88.292493,
          21.9376108
        ]
      },
      "properties": {
        "osm_id": 10806765074,
        "name": "Ramchandranagar",
        "place": "suburb"
      }
    },
    {
      "type": "Feature",
      "geometry": {
        "type": "Point",
        "coordinates": [
          88.2948123,
          21.8863369
        ]
      },
      "properties": {
        "osm_id": 10806765086,
        "name": "Mrinalnagar",
        "place": "suburb"
      }
    },
    {
      "type": "Feature",
      "geometry": {
        "type": "Point",
        "coordinates": [
          88.177889,
          21.9310752
        ]
      },
      "properties": {
        "osm_id": 10806766863,
        "name": "Sibkalinagar",
        "place": "suburb"
      }
    },
    {
      "type": "Feature",
      "geometry": {
        "type": "Point",
        "coordinates": [
          88.2777364,
          21.9224121
        ]
      },
      "properties": {
        "osm_id": 10806766876,
        "name": "Koaberia",
        "place": "suburb"
      }
    },
    {
      "type": "Feature",
      "geometry": {
        "type": "Point",
        "coordinates": [
          88.298344,
          21.9562871
        ]
      },
      "properties": {
        "osm_id": 10806769137,
        "name": "Ramchandrapur",
        "place": "suburb"
      }
    },
    {
      "type": "Feature",
      "geometry": {
        "type": "Point",
        "coordinates": [
          88.2513146,
          21.8976456
        ]
      },
      "properties": {
        "osm_id": 10806772428,
        "name": "Taktipur Abad",
        "place": "suburb"
      }
    },
    {
      "type": "Feature",
      "geometry": {
        "type": "Point",
        "coordinates": [
          88.2712277,
          21.9702703
        ]
      },
      "properties": {
        "osm_id": 10806773589,
        "name": "Srikrishnagar",
        "place": "suburb"
      }
    },
    {
      "type": "Feature",
      "geometry": {
        "type": "Point",
        "coordinates": [
          88.1697187,
          21.9744107
        ]
      },
      "properties": {
        "osm_id": 10806777703,
        "name": "Ramtanunagar",
        "place": "suburb"
      }
    },
    {
      "type": "Feature",
      "geometry": {
        "type": "Point",
        "coordinates": [
          88.207011,
          21.8887873
        ]
      },
      "properties": {
        "osm_id": 10806786180,
        "name": "Ganespur",
        "place": "suburb"
      }
    },
    {
      "type": "Feature",
      "geometry": {
        "type": "Point",
        "coordinates": [
          88.2775113,
          21.8733349
        ]
      },
      "properties": {
        "osm_id": 10806792348,
        "name": "Manmathapur",
        "place": "suburb"
      }
    },
    {
      "type": "Feature",
      "geometry": {
        "type": "Point",
        "coordinates": [
          88.222323,
          21.8568395
        ]
      },
      "properties": {
        "osm_id": 10806800484,
        "name": "Bhubannagar",
        "place": "suburb"
      }
    },
    {
      "type": "Feature",
      "geometry": {
        "type": "Point",
        "coordinates": [
          88.3476246,
          21.8764774
        ]
      },
      "properties": {
        "osm_id": 10806802720,
        "name": "Dakshin Kasiabad",
        "place": "suburb"
      }
    },
    {
      "type": "Feature",
      "geometry": {
        "type": "Point",
        "coordinates": [
          88.1892303,
          21.9166158
        ]
      },
      "properties": {
        "osm_id": 10806821189,
        "name": "Kasinagar",
        "place": "suburb"
      }
    },
    {
      "type": "Feature",
      "geometry": {
        "type": "Point",
        "coordinates": [
          88.3548299,
          21.8881845
        ]
      },
      "properties": {
        "osm_id": 10806831068,
        "name": "Kasiabad",
        "place": "suburb"
      }
    },
    {
      "type": "Feature",
      "geometry": {
        "type": "Point",
        "coordinates": [
          88.320241,
          21.871227
        ]
      },
      "properties": {
        "osm_id": 10806832220,
        "name": "Harendranagar",
        "place": "suburb"
      }
    },
    {
      "type": "Feature",
      "geometry": {
        "type": "Point",
        "coordinates": [
          88.3105604,
          21.9301985
        ]
      },
      "properties": {
        "osm_id": 10806833622,
        "name": "Uttar Durgapur",
        "place": "suburb"
      }
    },
    {
      "type": "Feature",
      "geometry": {
        "type": "Point",
        "coordinates": [
          88.2009942,
          21.9657814
        ]
      },
      "properties": {
        "osm_id": 10806833795,
        "name": "Sitarampur",
        "place": "suburb"
      }
    },
    {
      "type": "Feature",
      "geometry": {
        "type": "Point",
        "coordinates": [
          88.1771433,
          21.8853457
        ]
      },
      "properties": {
        "osm_id": 10806834347,
        "name": "Kalinagar",
        "place": "suburb"
      }
    },
    {
      "type": "Feature",
      "geometry": {
        "type": "Point",
        "coordinates": [
          88.1912153,
          21.9754138
        ]
      },
      "properties": {
        "osm_id": 10806836418,
        "name": "Suryanagar",
        "place": "suburb"
      }
    },
    {
      "type": "Feature",
      "geometry": {
        "type": "Point",
        "coordinates": [
          88.2944863,
          21.8459084
        ]
      },
      "properties": {
        "osm_id": 10806837876,
        "name": "Gangadharpur",
        "place": "suburb"
      }
    },
    {
      "type": "Feature",
      "geometry": {
        "type": "Point",
        "coordinates": [
          88.2665543,
          21.8398765
        ]
      },
      "properties": {
        "osm_id": 10806838385,
        "name": "Bamanagar",
        "place": "suburb"
      }
    },
    {
      "type": "Feature",
      "geometry": {
        "type": "Point",
        "coordinates": [
          88.331952,
          21.8960848
        ]
      },
      "properties": {
        "osm_id": 10806840952,
        "name": "Ramgopalpur",
        "place": "suburb"
      }
    },
    {
      "type": "Feature",
      "geometry": {
        "type": "Point",
        "coordinates": [
          88.245249,
          21.8568856
        ]
      },
      "properties": {
        "osm_id": 10806841314,
        "name": "Gobindarampur",
        "place": "suburb"
      }
    },
    {
      "type": "Feature",
      "geometry": {
        "type": "Point",
        "coordinates": [
          88.3554686,
          21.9054257
        ]
      },
      "properties": {
        "osm_id": 10806843944,
        "name": "Uttar Kasiabad",
        "place": "suburb"
      }
    },
    {
      "type": "Feature",
      "geometry": {
        "type": "Point",
        "coordinates": [
          88.2178477,
          21.9614288
        ]
      },
      "properties": {
        "osm_id": 10806845284,
        "name": "Srinagar",
        "place": "suburb"
      }
    },
    {
      "type": "Feature",
      "geometry": {
        "type": "Point",
        "coordinates": [
          88.2057842,
          21.8645754
        ]
      },
      "properties": {
        "osm_id": 10806853899,
        "name": "Akshyanagar",
        "place": "suburb"
      }
    },
    {
      "type": "Feature",
      "geometry": {
        "type": "Point",
        "coordinates": [
          88.1820107,
          21.9908659
        ]
      },
      "properties": {
        "osm_id": 10806859751,
        "name": "Uttar Chandranagar",
        "place": "suburb"
      }
    },
    {
      "type": "Feature",
      "geometry": {
        "type": "Point",
        "coordinates": [
          88.6687413,
          22.0497067
        ]
      },
      "properties": {
        "osm_id": 10807993055,
        "name": "Jharkhali",
        "place": "suburb"
      }
    },
    {
      "type": "Feature",
      "geometry": {
        "type": "Point",
        "coordinates": [
          88.2169933,
          21.9889734
        ]
      },
      "properties": {
        "osm_id": 10808022773,
        "name": "Belpukuria",
        "place": "suburb"
      }
    },
    {
      "type": "Feature",
      "geometry": {
        "type": "Point",
        "coordinates": [
          88.194372,
          22.0132473
        ]
      },
      "properties": {
        "osm_id": 10808022774,
        "name": "Nutan Tyangrachar",
        "place": "suburb"
      }
    },
    {
      "type": "Feature",
      "geometry": {
        "type": "Point",
        "coordinates": [
          88.3148666,
          22.0386072
        ]
      },
      "properties": {
        "osm_id": 10808025283,
        "name": "Pathar Bar",
        "place": "suburb"
      }
    },
    {
      "type": "Feature",
      "geometry": {
        "type": "Point",
        "coordinates": [
          88.3103656,
          22.0377683
        ]
      },
      "properties": {
        "osm_id": 10808025284,
        "name": "Patharberia",
        "place": "suburb"
      }
    },
    {
      "type": "Feature",
      "geometry": {
        "type": "Point",
        "coordinates": [
          88.2901046,
          22.0663366
        ]
      },
      "properties": {
        "osm_id": 10808067495,
        "name": "Dakshin Shyampur",
        "place": "suburb"
      }
    },
    {
      "type": "Feature",
      "geometry": {
        "type": "Point",
        "coordinates": [
          88.221029,
          22.001629
        ]
      },
      "properties": {
        "osm_id": 10808067496,
        "name": "Arunnagar",
        "place": "suburb"
      }
    },
    {
      "type": "Feature",
      "geometry": {
        "type": "Point",
        "coordinates": [
          88.2788717,
          22.0344472
        ]
      },
      "properties": {
        "osm_id": 10808072081,
        "name": "Haski",
        "place": "suburb"
      }
    },
    {
      "type": "Feature",
      "geometry": {
        "type": "Point",
        "coordinates": [
          88.217627,
          22.0093899
        ]
      },
      "properties": {
        "osm_id": 10808072749,
        "name": "Rangatala",
        "place": "suburb"
      }
    },
    {
      "type": "Feature",
      "geometry": {
        "type": "Point",
        "coordinates": [
          88.2131837,
          22.0304828
        ]
      },
      "properties": {
        "osm_id": 10808074159,
        "name": "Tyangra Char",
        "place": "suburb"
      }
    },
    {
      "type": "Feature",
      "geometry": {
        "type": "Point",
        "coordinates": [
          88.2819842,
          22.0004681
        ]
      },
      "properties": {
        "osm_id": 10808075666,
        "name": "Kalicharanpur",
        "place": "suburb"
      }
    },
    {
      "type": "Feature",
      "geometry": {
        "type": "Point",
        "coordinates": [
          88.2737924,
          22.0523682
        ]
      },
      "properties": {
        "osm_id": 10808077156,
        "name": "Banainadi",
        "place": "suburb"
      }
    },
    {
      "type": "Feature",
      "geometry": {
        "type": "Point",
        "coordinates": [
          88.3172476,
          22.0502125
        ]
      },
      "properties": {
        "osm_id": 10808088711,
        "name": "Chak Golami",
        "place": "suburb"
      }
    },
    {
      "type": "Feature",
      "geometry": {
        "type": "Point",
        "coordinates": [
          88.2801173,
          22.0727087
        ]
      },
      "properties": {
        "osm_id": 10808094457,
        "name": "Dakshin Gazipur",
        "place": "suburb"
      }
    },
    {
      "type": "Feature",
      "geometry": {
        "type": "Point",
        "coordinates": [
          88.308343,
          22.0460748
        ]
      },
      "properties": {
        "osm_id": 10808096711,
        "name": "Chunfuli",
        "place": "suburb"
      }
    },
    {
      "type": "Feature",
      "geometry": {
        "type": "Point",
        "coordinates": [
          88.288368,
          22.0341879
        ]
      },
      "properties": {
        "osm_id": 10808102461,
        "name": "Dakshin Ramdebpur",
        "place": "suburb"
      }
    },
    {
      "type": "Feature",
      "geometry": {
        "type": "Point",
        "coordinates": [
          88.2919466,
          22.0544363
        ]
      },
      "properties": {
        "osm_id": 10808102827,
        "name": "Chandipur",
        "place": "suburb"
      }
    },
    {
      "type": "Feature",
      "geometry": {
        "type": "Point",
        "coordinates": [
          88.2984273,
          22.0324656
        ]
      },
      "properties": {
        "osm_id": 10808115464,
        "name": "Dakshin Jagadishpur",
        "place": "suburb"
      }
    },
    {
      "type": "Feature",
      "geometry": {
        "type": "Point",
        "coordinates": [
          88.2777187,
          22.025474
        ]
      },
      "properties": {
        "osm_id": 10808116175,
        "name": "Gobindapur",
        "place": "suburb"
      }
    },
    {
      "type": "Feature",
      "geometry": {
        "type": "Point",
        "coordinates": [
          88.297648,
          22.0420318
        ]
      },
      "properties": {
        "osm_id": 10808118190,
        "name": "Dakshin Akraberia",
        "place": "suburb"
      }
    },
    {
      "type": "Feature",
      "geometry": {
        "type": "Point",
        "coordinates": [
          88.285866,
          22.0376282
        ]
      },
      "properties": {
        "osm_id": 10808125279,
        "name": "Harishpur",
        "place": "suburb"
      }
    },
    {
      "type": "Feature",
      "geometry": {
        "type": "Point",
        "coordinates": [
          88.2976363,
          21.9703465
        ]
      },
      "properties": {
        "osm_id": 10808132041,
        "name": "Darikautala",
        "place": "suburb"
      }
    },
    {
      "type": "Feature",
      "geometry": {
        "type": "Point",
        "coordinates": [
          88.2929371,
          21.9933419
        ]
      },
      "properties": {
        "osm_id": 10808132042,
        "name": "Gobindadebpur",
        "place": "suburb"
      }
    },
    {
      "type": "Feature",
      "geometry": {
        "type": "Point",
        "coordinates": [
          88.2968626,
          22.0672863
        ]
      },
      "properties": {
        "osm_id": 10808139059,
        "name": "Dakshin Narayanpur",
        "place": "suburb"
      }
    },
    {
      "type": "Feature",
      "geometry": {
        "type": "Point",
        "coordinates": [
          88.2874543,
          22.0186898
        ]
      },
      "properties": {
        "osm_id": 10808140772,
        "name": "Fatikbaria",
        "place": "suburb"
      }
    },
    {
      "type": "Feature",
      "geometry": {
        "type": "Point",
        "coordinates": [
          88.2968055,
          22.0179056
        ]
      },
      "properties": {
        "osm_id": 10808141917,
        "name": "Beluni",
        "place": "suburb"
      }
    },
    {
      "type": "Feature",
      "geometry": {
        "type": "Point",
        "coordinates": [
          88.2958823,
          22.0061879
        ]
      },
      "properties": {
        "osm_id": 10808145354,
        "name": "Kishorpur",
        "place": "suburb"
      }
    },
    {
      "type": "Feature",
      "geometry": {
        "type": "Point",
        "coordinates": [
          88.2755046,
          22.0598753
        ]
      },
      "properties": {
        "osm_id": 10808154912,
        "name": "Daulatabad",
        "place": "suburb"
      }
    },
    {
      "type": "Feature",
      "geometry": {
        "type": "Point",
        "coordinates": [
          88.3074036,
          22.0738315
        ]
      },
      "properties": {
        "osm_id": 10808162641,
        "name": "Dakshin Ballavpur",
        "place": "suburb"
      }
    },
    {
      "type": "Feature",
      "geometry": {
        "type": "Point",
        "coordinates": [
          88.2868655,
          22.0744981
        ]
      },
      "properties": {
        "osm_id": 10808162642,
        "name": "Gazipur Dayarampur",
        "place": "suburb"
      }
    },
    {
      "type": "Feature",
      "geometry": {
        "type": "Point",
        "coordinates": [
          88.2924593,
          21.9835787
        ]
      },
      "properties": {
        "osm_id": 10808180353,
        "name": "Kautala",
        "place": "suburb"
      }
    },
    {
      "type": "Feature",
      "geometry": {
        "type": "Point",
        "coordinates": [
          88.2827703,
          22.010973
        ]
      },
      "properties": {
        "osm_id": 10808183003,
        "name": "Katulia Krishnarampur",
        "place": "suburb"
      }
    },
    {
      "type": "Feature",
      "geometry": {
        "type": "Point",
        "coordinates": [
          88.2912746,
          22.0726681
        ]
      },
      "properties": {
        "osm_id": 10808184950,
        "name": "Mahadebpur",
        "place": "suburb"
      }
    },
    {
      "type": "Feature",
      "geometry": {
        "type": "Point",
        "coordinates": [
          88.276857,
          22.0488431
        ]
      },
      "properties": {
        "osm_id": 10808233101,
        "name": "Srikrishnanagar",
        "place": "suburb"
      }
    },
    {
      "type": "Feature",
      "geometry": {
        "type": "Point",
        "coordinates": [
          88.2847696,
          22.0065841
        ]
      },
      "properties": {
        "osm_id": 10808288494,
        "name": "Krishnarampurbeje",
        "place": "suburb"
      }
    },
    {
      "type": "Feature",
      "geometry": {
        "type": "Point",
        "coordinates": [
          88.3075015,
          22.0528169
        ]
      },
      "properties": {
        "osm_id": 10808329355,
        "name": "Bara Ramjibanpur",
        "place": "suburb"
      }
    },
    {
      "type": "Feature",
      "geometry": {
        "type": "Point",
        "coordinates": [
          88.282797,
          21.9811661
        ]
      },
      "properties": {
        "osm_id": 10808357776,
        "name": "Lakshminarayanpur",
        "place": "suburb"
      }
    },
    {
      "type": "Feature",
      "geometry": {
        "type": "Point",
        "coordinates": [
          88.2891283,
          22.0144776
        ]
      },
      "properties": {
        "osm_id": 10808377859,
        "name": "Nandakishorpur",
        "place": "suburb"
      }
    },
    {
      "type": "Feature",
      "geometry": {
        "type": "Point",
        "coordinates": [
          88.2845946,
          21.9920146
        ]
      },
      "properties": {
        "osm_id": 10808380274,
        "name": "Simulbaria",
        "place": "suburb"
      }
    },
    {
      "type": "Feature",
      "geometry": {
        "type": "Point",
        "coordinates": [
          88.2718663,
          21.9878098
        ]
      },
      "properties": {
        "osm_id": 10808388249,
        "name": "Nakali",
        "place": "suburb"
      }
    },
    {
      "type": "Feature",
      "geometry": {
        "type": "Point",
        "coordinates": [
          88.305387,
          22.0594341
        ]
      },
      "properties": {
        "osm_id": 10808415570,
        "name": "Rateneshwarpur",
        "place": "suburb"
      }
    },
    {
      "type": "Feature",
      "geometry": {
        "type": "Point",
        "coordinates": [
          88.2843636,
          22.0614999
        ]
      },
      "properties": {
        "osm_id": 10808416030,
        "name": "Bansberia",
        "place": "suburb"
      }
    },
    {
      "type": "Feature",
      "geometry": {
        "type": "Point",
        "coordinates": [
          88.3134843,
          22.0588793
        ]
      },
      "properties": {
        "osm_id": 10808416342,
        "name": "Daulatpur",
        "place": "suburb"
      }
    },
    {
      "type": "Feature",
      "geometry": {
        "type": "Point",
        "coordinates": [
          88.2747396,
          22.0441583
        ]
      },
      "properties": {
        "osm_id": 10808416343,
        "name": "Inayatpur",
        "place": "suburb"
      }
    },
    {
      "type": "Feature",
      "geometry": {
        "type": "Point",
        "coordinates": [
          88.2731672,
          22.0663735
        ]
      },
      "properties": {
        "osm_id": 10808416353,
        "name": "Kishmat Kriparampur",
        "place": "suburb"
      }
    },
    {
      "type": "Feature",
      "geometry": {
        "type": "Point",
        "coordinates": [
          88.312684,
          22.0689148
        ]
      },
      "properties": {
        "osm_id": 10808416454,
        "name": "Chak Banamalipur",
        "place": "suburb"
      }
    },
    {
      "type": "Feature",
      "geometry": {
        "type": "Point",
        "coordinates": [
          88.2520053,
          22.1131091
        ]
      },
      "properties": {
        "osm_id": 10808416493,
        "name": "Ashapur",
        "place": "suburb"
      }
    },
    {
      "type": "Feature",
      "geometry": {
        "type": "Point",
        "coordinates": [
          88.2683749,
          22.1088265
        ]
      },
      "properties": {
        "osm_id": 10808427054,
        "name": "Chak Baidya",
        "place": "suburb"
      }
    },
    {
      "type": "Feature",
      "geometry": {
        "type": "Point",
        "coordinates": [
          88.3051273,
          22.0651072
        ]
      },
      "properties": {
        "osm_id": 10808431136,
        "name": "Jamal",
        "place": "suburb"
      }
    },
    {
      "type": "Feature",
      "geometry": {
        "type": "Point",
        "coordinates": [
          88.2662269,
          22.1373664
        ]
      },
      "properties": {
        "osm_id": 10808434163,
        "name": "Atmanoharpur",
        "place": "suburb"
      }
    },
    {
      "type": "Feature",
      "geometry": {
        "type": "Point",
        "coordinates": [
          88.2548297,
          22.1258369
        ]
      },
      "properties": {
        "osm_id": 10808438154,
        "name": "Anoarpur",
        "place": "suburb"
      }
    },
    {
      "type": "Feature",
      "geometry": {
        "type": "Point",
        "coordinates": [
          88.2603466,
          22.165846
        ]
      },
      "properties": {
        "osm_id": 10808445786,
        "name": "Bangaon Tripurapur",
        "place": "suburb"
      }
    },
    {
      "type": "Feature",
      "geometry": {
        "type": "Point",
        "coordinates": [
          88.258108,
          22.1081853
        ]
      },
      "properties": {
        "osm_id": 10808478372,
        "name": "Chak Khetuhaldar",
        "place": "suburb"
      }
    },
    {
      "type": "Feature",
      "geometry": {
        "type": "Point",
        "coordinates": [
          88.252555,
          22.1070209
        ]
      },
      "properties": {
        "osm_id": 10808516064,
        "name": "Chak Raypur",
        "place": "suburb"
      }
    },
    {
      "type": "Feature",
      "geometry": {
        "type": "Point",
        "coordinates": [
          88.2488393,
          22.1057678
        ]
      },
      "properties": {
        "osm_id": 10808535421,
        "name": "Chhota Manoharpur",
        "place": "suburb"
      }
    },
    {
      "type": "Feature",
      "geometry": {
        "type": "Point",
        "coordinates": [
          88.2789849,
          22.0799459
        ]
      },
      "properties": {
        "osm_id": 10808598600,
        "name": "Bijoyrampur",
        "place": "suburb"
      }
    },
    {
      "type": "Feature",
      "geometry": {
        "type": "Point",
        "coordinates": [
          88.2545623,
          22.1072355
        ]
      },
      "properties": {
        "osm_id": 10808853722,
        "name": "Uttar Ramdebpur",
        "place": "suburb"
      }
    },
    {
      "type": "Feature",
      "geometry": {
        "type": "Point",
        "coordinates": [
          88.2532143,
          22.0735997
        ]
      },
      "properties": {
        "osm_id": 10808854222,
        "name": "Gouripur",
        "place": "suburb"
      }
    },
    {
      "type": "Feature",
      "geometry": {
        "type": "Point",
        "coordinates": [
          88.264808,
          22.1174438
        ]
      },
      "properties": {
        "osm_id": 10808854914,
        "name": "Ishwaripur",
        "place": "suburb"
      }
    },
    {
      "type": "Feature",
      "geometry": {
        "type": "Point",
        "coordinates": [
          88.2420866,
          22.0700053
        ]
      },
      "properties": {
        "osm_id": 10808864600,
        "name": "Basudebpur",
        "place": "suburb"
      }
    },
    {
      "type": "Feature",
      "geometry": {
        "type": "Point",
        "coordinates": [
          88.2608863,
          22.1349262
        ]
      },
      "properties": {
        "osm_id": 10808867783,
        "name": "Hatbaria",
        "place": "suburb"
      }
    },
    {
      "type": "Feature",
      "geometry": {
        "type": "Point",
        "coordinates": [
          88.2624672,
          22.150886
        ]
      },
      "properties": {
        "osm_id": 10808872905,
        "name": "Masid",
        "place": "suburb"
      }
    },
    {
      "type": "Feature",
      "geometry": {
        "type": "Point",
        "coordinates": [
          88.256984,
          22.0823648
        ]
      },
      "properties": {
        "osm_id": 10808873323,
        "name": "Mirzapur",
        "place": "suburb"
      }
    },
    {
      "type": "Feature",
      "geometry": {
        "type": "Point",
        "coordinates": [
          88.2568553,
          22.1134824
        ]
      },
      "properties": {
        "osm_id": 10808874328,
        "name": "Paschim Raipur",
        "place": "suburb"
      }
    },
    {
      "type": "Feature",
      "geometry": {
        "type": "Point",
        "coordinates": [
          88.257297,
          22.0971066
        ]
      },
      "properties": {
        "osm_id": 10808874371,
        "name": "Chak Haruray",
        "place": "suburb"
      }
    },
    {
      "type": "Feature",
      "geometry": {
        "type": "Point",
        "coordinates": [
          88.2837426,
          22.0817694
        ]
      },
      "properties": {
        "osm_id": 10808874822,
        "name": "Kaikhali",
        "place": "suburb"
      }
    },
    {
      "type": "Feature",
      "geometry": {
        "type": "Point",
        "coordinates": [
          88.2496877,
          22.0888481
        ]
      },
      "properties": {
        "osm_id": 10808876541,
        "name": "Chak Parameshwari",
        "place": "suburb"
      }
    },
    {
      "type": "Feature",
      "geometry": {
        "type": "Point",
        "coordinates": [
          88.25464,
          22.14996
        ]
      },
      "properties": {
        "osm_id": 10808876685,
        "name": "Uttar Chandipur",
        "place": "suburb"
      }
    },
    {
      "type": "Feature",
      "geometry": {
        "type": "Point",
        "coordinates": [
          88.274665,
          22.0784277
        ]
      },
      "properties": {
        "osm_id": 10808877720,
        "name": "Ampol",
        "place": "suburb"
      }
    },
    {
      "type": "Feature",
      "geometry": {
        "type": "Point",
        "coordinates": [
          88.2732956,
          22.084105
        ]
      },
      "properties": {
        "osm_id": 10808886453,
        "name": "Ramsharanpur",
        "place": "suburb"
      }
    },
    {
      "type": "Feature",
      "geometry": {
        "type": "Point",
        "coordinates": [
          88.2476587,
          22.100326
        ]
      },
      "properties": {
        "osm_id": 10808886636,
        "name": "Chak Tarabaidya",
        "place": "suburb"
      }
    },
    {
      "type": "Feature",
      "geometry": {
        "type": "Point",
        "coordinates": [
          88.2644917,
          22.0742262
        ]
      },
      "properties": {
        "osm_id": 10808886638,
        "name": "Santoshpur",
        "place": "suburb"
      }
    },
    {
      "type": "Feature",
      "geometry": {
        "type": "Point",
        "coordinates": [
          88.2704362,
          22.0885625
        ]
      },
      "properties": {
        "osm_id": 10808886639,
        "name": "Sitarampur",
        "place": "suburb"
      }
    },
    {
      "type": "Feature",
      "geometry": {
        "type": "Point",
        "coordinates": [
          88.2655853,
          22.0815867
        ]
      },
      "properties": {
        "osm_id": 10808888035,
        "name": "Kamar Chak",
        "place": "suburb"
      }
    },
    {
      "type": "Feature",
      "geometry": {
        "type": "Point",
        "coordinates": [
          88.2500672,
          22.0954222
        ]
      },
      "properties": {
        "osm_id": 10808888194,
        "name": "Chak Kalicharan Laskar",
        "place": "suburb"
      }
    },
    {
      "type": "Feature",
      "geometry": {
        "type": "Point",
        "coordinates": [
          88.244274,
          22.0889443
        ]
      },
      "properties": {
        "osm_id": 10808888196,
        "name": "Chak Manohari",
        "place": "suburb"
      }
    },
    {
      "type": "Feature",
      "geometry": {
        "type": "Point",
        "coordinates": [
          88.2512407,
          22.0827272
        ]
      },
      "properties": {
        "osm_id": 10808890100,
        "name": "Chak Ramnath",
        "place": "suburb"
      }
    },
    {
      "type": "Feature",
      "geometry": {
        "type": "Point",
        "coordinates": [
          88.266985,
          22.0857304
        ]
      },
      "properties": {
        "osm_id": 10808895214,
        "name": "Mollar Chak",
        "place": "suburb"
      }
    },
    {
      "type": "Feature",
      "geometry": {
        "type": "Point",
        "coordinates": [
          88.2705286,
          22.077155
        ]
      },
      "properties": {
        "osm_id": 10808897834,
        "name": "Dakshin Mukundapur",
        "place": "suburb"
      }
    },
    {
      "type": "Feature",
      "geometry": {
        "type": "Point",
        "coordinates": [
          88.2573023,
          22.091616
        ]
      },
      "properties": {
        "osm_id": 10808899478,
        "name": "Debipur",
        "place": "suburb"
      }
    },
    {
      "type": "Feature",
      "geometry": {
        "type": "Point",
        "coordinates": [
          88.2520349,
          22.0696167
        ]
      },
      "properties": {
        "osm_id": 10808899479,
        "name": "Ramjannagar",
        "place": "suburb"
      }
    },
    {
      "type": "Feature",
      "geometry": {
        "type": "Point",
        "coordinates": [
          88.2655717,
          22.0643281
        ]
      },
      "properties": {
        "osm_id": 10808902714,
        "name": "Mithakundu",
        "place": "suburb"
      }
    },
    {
      "type": "Feature",
      "geometry": {
        "type": "Point",
        "coordinates": [
          88.2668853,
          22.06826
        ]
      },
      "properties": {
        "osm_id": 10808904095,
        "name": "Jagadishpur",
        "place": "suburb"
      }
    },
    {
      "type": "Feature",
      "geometry": {
        "type": "Point",
        "coordinates": [
          88.2322956,
          22.0330815
        ]
      },
      "properties": {
        "osm_id": 10808904615,
        "name": "Andinagar",
        "place": "suburb"
      }
    },
    {
      "type": "Feature",
      "geometry": {
        "type": "Point",
        "coordinates": [
          88.263246,
          22.0099162
        ]
      },
      "properties": {
        "osm_id": 10808905461,
        "name": "Anduldaha Gopalpur",
        "place": "suburb"
      }
    },
    {
      "type": "Feature",
      "geometry": {
        "type": "Point",
        "coordinates": [
          88.2544,
          22.0648899
        ]
      },
      "properties": {
        "osm_id": 10808906543,
        "name": "Patpukhuria",
        "place": "suburb"
      }
    },
    {
      "type": "Feature",
      "geometry": {
        "type": "Point",
        "coordinates": [
          88.264003,
          22.0223563
        ]
      },
      "properties": {
        "osm_id": 10808913632,
        "name": "Bamanpara",
        "place": "suburb"
      }
    },
    {
      "type": "Feature",
      "geometry": {
        "type": "Point",
        "coordinates": [
          88.248701,
          22.0641568
        ]
      },
      "properties": {
        "osm_id": 10808914344,
        "name": "Pashchim Shrinagar",
        "place": "suburb"
      }
    },
    {
      "type": "Feature",
      "geometry": {
        "type": "Point",
        "coordinates": [
          88.236349,
          22.0158322
        ]
      },
      "properties": {
        "osm_id": 10808920295,
        "name": "Arunbaria",
        "place": "suburb"
      }
    },
    {
      "type": "Feature",
      "geometry": {
        "type": "Point",
        "coordinates": [
          88.232832,
          22.0399275
        ]
      },
      "properties": {
        "osm_id": 10808922632,
        "name": "Chak Dulalpur",
        "place": "suburb"
      }
    },
    {
      "type": "Feature",
      "geometry": {
        "type": "Point",
        "coordinates": [
          88.2449202,
          22.0830265
        ]
      },
      "properties": {
        "osm_id": 10808923595,
        "name": "Ulkimari",
        "place": "suburb"
      }
    },
    {
      "type": "Feature",
      "geometry": {
        "type": "Point",
        "coordinates": [
          88.2532797,
          22.0158432
        ]
      },
      "properties": {
        "osm_id": 10808923596,
        "name": "Dahachoraq",
        "place": "suburb"
      }
    },
    {
      "type": "Feature",
      "geometry": {
        "type": "Point",
        "coordinates": [
          88.2792311,
          22.0160575
        ]
      },
      "properties": {
        "osm_id": 10808935739,
        "name": "Krishna Ballabhpur",
        "place": "suburb"
      }
    },
    {
      "type": "Feature",
      "geometry": {
        "type": "Point",
        "coordinates": [
          88.2706487,
          22.0171153
        ]
      },
      "properties": {
        "osm_id": 10808938374,
        "name": "Atjungri",
        "place": "suburb"
      }
    },
    {
      "type": "Feature",
      "geometry": {
        "type": "Point",
        "coordinates": [
          88.2323167,
          22.0276762
        ]
      },
      "properties": {
        "osm_id": 10808938381,
        "name": "Dakshin Damodarpur",
        "place": "suburb"
      }
    },
    {
      "type": "Feature",
      "geometry": {
        "type": "Point",
        "coordinates": [
          88.245627,
          22.0130949
        ]
      },
      "properties": {
        "osm_id": 10808940336,
        "name": "Dakshin Ramkishorpur",
        "place": "suburb"
      }
    },
    {
      "type": "Feature",
      "geometry": {
        "type": "Point",
        "coordinates": [
          88.2412366,
          22.0099064
        ]
      },
      "properties": {
        "osm_id": 10808940375,
        "name": "Parbatipur",
        "place": "suburb"
      }
    },
    {
      "type": "Feature",
      "geometry": {
        "type": "Point",
        "coordinates": [
          88.248761,
          22.0276076
        ]
      },
      "properties": {
        "osm_id": 10808942526,
        "name": "Karanjali",
        "place": "suburb"
      }
    },
    {
      "type": "Feature",
      "geometry": {
        "type": "Point",
        "coordinates": [
          88.239507,
          22.0026532
        ]
      },
      "properties": {
        "osm_id": 10808943145,
        "name": "Chak Lakshmipur",
        "place": "suburb"
      }
    },
    {
      "type": "Feature",
      "geometry": {
        "type": "Point",
        "coordinates": [
          88.2316093,
          22.0986372
        ]
      },
      "properties": {
        "osm_id": 10808944126,
        "name": "Dhanumandal",
        "place": "suburb"
      }
    },
    {
      "type": "Feature",
      "geometry": {
        "type": "Point",
        "coordinates": [
          88.230148,
          22.0664859
        ]
      },
      "properties": {
        "osm_id": 10808944128,
        "name": "Durganagar",
        "place": "suburb"
      }
    },
    {
      "type": "Feature",
      "geometry": {
        "type": "Point",
        "coordinates": [
          88.237448,
          22.0227449
        ]
      },
      "properties": {
        "osm_id": 10808945994,
        "name": "Rangilabad",
        "place": "suburb"
      }
    },
    {
      "type": "Feature",
      "geometry": {
        "type": "Point",
        "coordinates": [
          88.25945,
          22.0333837
        ]
      },
      "properties": {
        "osm_id": 10808948585,
        "name": "Dakshin Sultanpur",
        "place": "suburb"
      }
    },
    {
      "type": "Feature",
      "geometry": {
        "type": "Point",
        "coordinates": [
          88.2597493,
          22.0190878
        ]
      },
      "properties": {
        "osm_id": 10808948593,
        "name": "Katabunia",
        "place": "suburb"
      }
    },
    {
      "type": "Feature",
      "geometry": {
        "type": "Point",
        "coordinates": [
          88.2327033,
          22.0847476
        ]
      },
      "properties": {
        "osm_id": 10808948594,
        "name": "Masamari",
        "place": "suburb"
      }
    },
    {
      "type": "Feature",
      "geometry": {
        "type": "Point",
        "coordinates": [
          88.2583036,
          22.0121646
        ]
      },
      "properties": {
        "osm_id": 10808950728,
        "name": "Molladanga",
        "place": "suburb"
      }
    },
    {
      "type": "Feature",
      "geometry": {
        "type": "Point",
        "coordinates": [
          88.2496977,
          21.9653456
        ]
      },
      "properties": {
        "osm_id": 10808951737,
        "name": "Lakshmipur",
        "place": "suburb"
      }
    },
    {
      "type": "Feature",
      "geometry": {
        "type": "Point",
        "coordinates": [
          88.2468829,
          22.0380866
        ]
      },
      "properties": {
        "osm_id": 10808952395,
        "name": "Dakshin Sukdebpur",
        "place": "suburb"
      }
    },
    {
      "type": "Feature",
      "geometry": {
        "type": "Point",
        "coordinates": [
          88.2342387,
          22.0359893
        ]
      },
      "properties": {
        "osm_id": 10808952440,
        "name": "Gopinathpur",
        "place": "suburb"
      }
    },
    {
      "type": "Feature",
      "geometry": {
        "type": "Point",
        "coordinates": [
          88.27058,
          22.0246759
        ]
      },
      "properties": {
        "osm_id": 10808953206,
        "name": "Padmapukhuria",
        "place": "suburb"
      }
    },
    {
      "type": "Feature",
      "geometry": {
        "type": "Point",
        "coordinates": [
          88.2721893,
          22.005874
        ]
      },
      "properties": {
        "osm_id": 10808953360,
        "name": "Harinkhola",
        "place": "suburb"
      }
    },
    {
      "type": "Feature",
      "geometry": {
        "type": "Point",
        "coordinates": [
          88.225798,
          22.0188736
        ]
      },
      "properties": {
        "osm_id": 10808955248,
        "name": "Shyamnagar",
        "place": "suburb"
      }
    },
    {
      "type": "Feature",
      "geometry": {
        "type": "Point",
        "coordinates": [
          88.235503,
          22.0093369
        ]
      },
      "properties": {
        "osm_id": 10808956106,
        "name": "Sriramnagar",
        "place": "suburb"
      }
    },
    {
      "type": "Feature",
      "geometry": {
        "type": "Point",
        "coordinates": [
          88.2663993,
          22.0204569
        ]
      },
      "properties": {
        "osm_id": 10808957628,
        "name": "Jungri",
        "place": "suburb"
      }
    },
    {
      "type": "Feature",
      "geometry": {
        "type": "Point",
        "coordinates": [
          88.241179,
          22.0176163
        ]
      },
      "properties": {
        "osm_id": 10808957809,
        "name": "Kusumpukhuria",
        "place": "suburb"
      }
    },
    {
      "type": "Feature",
      "geometry": {
        "type": "Point",
        "coordinates": [
          88.2490365,
          22.1348863
        ]
      },
      "properties": {
        "osm_id": 10808958976,
        "name": "Paschim Raghunathpur",
        "place": "suburb"
      }
    },
    {
      "type": "Feature",
      "geometry": {
        "type": "Point",
        "coordinates": [
          88.231,
          22.137866
        ]
      },
      "properties": {
        "osm_id": 10808959491,
        "name": "Keshabnagar",
        "place": "suburb"
      }
    },
    {
      "type": "Feature",
      "geometry": {
        "type": "Point",
        "coordinates": [
          88.2589997,
          22.0267172
        ]
      },
      "properties": {
        "osm_id": 10808962511,
        "name": "Sapmara",
        "place": "suburb"
      }
    },
    {
      "type": "Feature",
      "geometry": {
        "type": "Point",
        "coordinates": [
          88.2520743,
          22.0102763
        ]
      },
      "properties": {
        "osm_id": 10808963956,
        "name": "Kabasenre",
        "place": "suburb"
      }
    },
    {
      "type": "Feature",
      "geometry": {
        "type": "Point",
        "coordinates": [
          88.2432863,
          21.9983082
        ]
      },
      "properties": {
        "osm_id": 10808970282,
        "name": "Lakshmipasha",
        "place": "suburb"
      }
    },
    {
      "type": "Feature",
      "geometry": {
        "type": "Point",
        "coordinates": [
          88.241515,
          22.0862132
        ]
      },
      "properties": {
        "osm_id": 10808970284,
        "name": "Chak Dhanumandal",
        "place": "suburb"
      }
    },
    {
      "type": "Feature",
      "geometry": {
        "type": "Point",
        "coordinates": [
          88.2278963,
          22.0230667
        ]
      },
      "properties": {
        "osm_id": 10808971005,
        "name": "Krishnachandrapur",
        "place": "suburb"
      }
    },
    {
      "type": "Feature",
      "geometry": {
        "type": "Point",
        "coordinates": [
          88.2351745,
          22.058654
        ]
      },
      "properties": {
        "osm_id": 10808972362,
        "name": "Dakshin Bhagabanpur",
        "place": "suburb"
      }
    },
    {
      "type": "Feature",
      "geometry": {
        "type": "Point",
        "coordinates": [
          88.2609503,
          21.9989981
        ]
      },
      "properties": {
        "osm_id": 10808972953,
        "name": "Bhairabitala",
        "place": "suburb"
      }
    },
    {
      "type": "Feature",
      "geometry": {
        "type": "Point",
        "coordinates": [
          88.2635993,
          21.9925265
        ]
      },
      "properties": {
        "osm_id": 10808976009,
        "name": "Bhairabnagar",
        "place": "suburb"
      }
    },
    {
      "type": "Feature",
      "geometry": {
        "type": "Point",
        "coordinates": [
          88.2215577,
          22.1176028
        ]
      },
      "properties": {
        "osm_id": 10808976868,
        "name": "Raytala",
        "place": "suburb"
      }
    },
    {
      "type": "Feature",
      "geometry": {
        "type": "Point",
        "coordinates": [
          88.264605,
          22.040396
        ]
      },
      "properties": {
        "osm_id": 10808976870,
        "name": "Naknan",
        "place": "suburb"
      }
    },
    {
      "type": "Feature",
      "geometry": {
        "type": "Point",
        "coordinates": [
          88.2675299,
          21.9974959
        ]
      },
      "properties": {
        "osm_id": 10808978400,
        "name": "Chitranagar",
        "place": "suburb"
      }
    },
    {
      "type": "Feature",
      "geometry": {
        "type": "Point",
        "coordinates": [
          88.238777,
          22.0975973
        ]
      },
      "properties": {
        "osm_id": 10808978401,
        "name": "Paschim Gopalnagar",
        "place": "suburb"
      }
    },
    {
      "type": "Feature",
      "geometry": {
        "type": "Point",
        "coordinates": [
          88.23524,
          22.1588051
        ]
      },
      "properties": {
        "osm_id": 10808984453,
        "name": "Jabbaria",
        "place": "suburb"
      }
    },
    {
      "type": "Feature",
      "geometry": {
        "type": "Point",
        "coordinates": [
          88.2367193,
          22.0879369
        ]
      },
      "properties": {
        "osm_id": 10808986320,
        "name": "Dhal Chapakuri",
        "place": "suburb"
      }
    },
    {
      "type": "Feature",
      "geometry": {
        "type": "Point",
        "coordinates": [
          88.2829617,
          22.1552741
        ]
      },
      "properties": {
        "osm_id": 10808988072,
        "name": "Uttar Rameshwarpur",
        "place": "suburb"
      }
    },
    {
      "type": "Feature",
      "geometry": {
        "type": "Point",
        "coordinates": [
          88.2262512,
          22.1015427
        ]
      },
      "properties": {
        "osm_id": 10808988253,
        "name": "Inchhinbaria",
        "place": "suburb"
      }
    },
    {
      "type": "Feature",
      "geometry": {
        "type": "Point",
        "coordinates": [
          88.2231609,
          22.1288951
        ]
      },
      "properties": {
        "osm_id": 10808988298,
        "name": "Radhanagar",
        "place": "suburb"
      }
    },
    {
      "type": "Feature",
      "geometry": {
        "type": "Point",
        "coordinates": [
          88.2131077,
          22.1526956
        ]
      },
      "properties": {
        "osm_id": 10808990021,
        "name": "Bishnurampur",
        "place": "suburb"
      }
    },
    {
      "type": "Feature",
      "geometry": {
        "type": "Point",
        "coordinates": [
          88.2156523,
          22.1325487
        ]
      },
      "properties": {
        "osm_id": 10808990022,
        "name": "Dari Ratneshwarpur",
        "place": "suburb"
      }
    },
    {
      "type": "Feature",
      "geometry": {
        "type": "Point",
        "coordinates": [
          88.2457813,
          22.1166437
        ]
      },
      "properties": {
        "osm_id": 10808990450,
        "name": "Karimnagar",
        "place": "suburb"
      }
    },
    {
      "type": "Feature",
      "geometry": {
        "type": "Point",
        "coordinates": [
          88.2410607,
          22.0646433
        ]
      },
      "properties": {
        "osm_id": 10808991642,
        "name": "Dayarampur",
        "place": "suburb"
      }
    },
    {
      "type": "Feature",
      "geometry": {
        "type": "Point",
        "coordinates": [
          88.228341,
          22.1255531
        ]
      },
      "properties": {
        "osm_id": 10808995598,
        "name": "Balarampur",
        "place": "suburb"
      }
    },
    {
      "type": "Feature",
      "geometry": {
        "type": "Point",
        "coordinates": [
          88.2377007,
          22.1279059
        ]
      },
      "properties": {
        "osm_id": 10808998924,
        "name": "Uttar Bhagabanpur",
        "place": "suburb"
      }
    },
    {
      "type": "Feature",
      "geometry": {
        "type": "Point",
        "coordinates": [
          88.2393847,
          22.1216341
        ]
      },
      "properties": {
        "osm_id": 10809002791,
        "name": "Khanpur",
        "place": "suburb"
      }
    },
    {
      "type": "Feature",
      "geometry": {
        "type": "Point",
        "coordinates": [
          88.2223082,
          22.1621654
        ]
      },
      "properties": {
        "osm_id": 10809003104,
        "name": "Barbaria",
        "place": "suburb"
      }
    },
    {
      "type": "Feature",
      "geometry": {
        "type": "Point",
        "coordinates": [
          88.2392893,
          22.1385454
        ]
      },
      "properties": {
        "osm_id": 10809007924,
        "name": "Uttar Rajarampur",
        "place": "suburb"
      }
    },
    {
      "type": "Feature",
      "geometry": {
        "type": "Point",
        "coordinates": [
          88.2260583,
          22.1460657
        ]
      },
      "properties": {
        "osm_id": 10809007935,
        "name": "Uttar Ramkrishnapur",
        "place": "suburb"
      }
    },
    {
      "type": "Feature",
      "geometry": {
        "type": "Point",
        "coordinates": [
          88.2214513,
          22.1341044
        ]
      },
      "properties": {
        "osm_id": 10809011671,
        "name": "Uttar Ramkishorpur",
        "place": "suburb"
      }
    },
    {
      "type": "Feature",
      "geometry": {
        "type": "Point",
        "coordinates": [
          88.2099183,
          22.1576732
        ]
      },
      "properties": {
        "osm_id": 10809011809,
        "name": "Hanra",
        "place": "suburb"
      }
    },
    {
      "type": "Feature",
      "geometry": {
        "type": "Point",
        "coordinates": [
          88.2127803,
          22.1308172
        ]
      },
      "properties": {
        "osm_id": 10809016153,
        "name": "Chak Ruplaskar",
        "place": "suburb"
      }
    },
    {
      "type": "Feature",
      "geometry": {
        "type": "Point",
        "coordinates": [
          88.268525,
          22.0486885
        ]
      },
      "properties": {
        "osm_id": 10809025291,
        "name": "Dakshin Rameshwarpur",
        "place": "suburb"
      }
    },
    {
      "type": "Feature",
      "geometry": {
        "type": "Point",
        "coordinates": [
          88.2293347,
          22.1551354
        ]
      },
      "properties": {
        "osm_id": 10809025511,
        "name": "Deria",
        "place": "suburb"
      }
    },
    {
      "type": "Feature",
      "geometry": {
        "type": "Point",
        "coordinates": [
          88.2132403,
          22.1377587
        ]
      },
      "properties": {
        "osm_id": 10809025512,
        "name": "Hari Narayanpur",
        "place": "suburb"
      }
    },
    {
      "type": "Feature",
      "geometry": {
        "type": "Point",
        "coordinates": [
          88.2122797,
          22.1439276
        ]
      },
      "properties": {
        "osm_id": 10809027317,
        "name": "Uttar Mukundapur",
        "place": "suburb"
      }
    },
    {
      "type": "Feature",
      "geometry": {
        "type": "Point",
        "coordinates": [
          88.233768,
          22.1225042
        ]
      },
      "properties": {
        "osm_id": 10809027318,
        "name": "Manoharpur",
        "place": "suburb"
      }
    },
    {
      "type": "Feature",
      "geometry": {
        "type": "Point",
        "coordinates": [
          88.2492034,
          22.0564438
        ]
      },
      "properties": {
        "osm_id": 10809031344,
        "name": "Dakshin Ramkrishnapur",
        "place": "suburb"
      }
    },
    {
      "type": "Feature",
      "geometry": {
        "type": "Point",
        "coordinates": [
          88.2682693,
          22.103114
        ]
      },
      "properties": {
        "osm_id": 10809033741,
        "name": "Bular Chak",
        "place": "suburb"
      }
    },
    {
      "type": "Feature",
      "geometry": {
        "type": "Point",
        "coordinates": [
          88.272387,
          22.1509458
        ]
      },
      "properties": {
        "osm_id": 10809034314,
        "name": "Bazar",
        "place": "suburb"
      }
    },
    {
      "type": "Feature",
      "geometry": {
        "type": "Point",
        "coordinates": [
          88.229711,
          22.1094234
        ]
      },
      "properties": {
        "osm_id": 10809034468,
        "name": "Kalitala",
        "place": "suburb"
      }
    },
    {
      "type": "Feature",
      "geometry": {
        "type": "Point",
        "coordinates": [
          88.2693219,
          22.0345228
        ]
      },
      "properties": {
        "osm_id": 10809034807,
        "name": "Alipara",
        "place": "suburb"
      }
    },
    {
      "type": "Feature",
      "geometry": {
        "type": "Point",
        "coordinates": [
          88.2126683,
          22.1640145
        ]
      },
      "properties": {
        "osm_id": 10809035309,
        "name": "Manika",
        "place": "suburb"
      }
    },
    {
      "type": "Feature",
      "geometry": {
        "type": "Point",
        "coordinates": [
          88.231455,
          22.0509547
        ]
      },
      "properties": {
        "osm_id": 10809038360,
        "name": "Jadabnagar",
        "place": "suburb"
      }
    },
    {
      "type": "Feature",
      "geometry": {
        "type": "Point",
        "coordinates": [
          88.2564313,
          22.0382962
        ]
      },
      "properties": {
        "osm_id": 10809038401,
        "name": "Chak Krishna Ballabhpur",
        "place": "suburb"
      }
    },
    {
      "type": "Feature",
      "geometry": {
        "type": "Point",
        "coordinates": [
          88.2181253,
          22.152117
        ]
      },
      "properties": {
        "osm_id": 10809041029,
        "name": "Ramrampur",
        "place": "suburb"
      }
    },
    {
      "type": "Feature",
      "geometry": {
        "type": "Point",
        "coordinates": [
          88.256387,
          22.0431244
        ]
      },
      "properties": {
        "osm_id": 10809044437,
        "name": "Meyanapur",
        "place": "suburb"
      }
    },
    {
      "type": "Feature",
      "geometry": {
        "type": "Point",
        "coordinates": [
          88.262692,
          22.0557599
        ]
      },
      "properties": {
        "osm_id": 10809044620,
        "name": "Kalibere",
        "place": "suburb"
      }
    },
    {
      "type": "Feature",
      "geometry": {
        "type": "Point",
        "coordinates": [
          88.2520128,
          22.0400589
        ]
      },
      "properties": {
        "osm_id": 10809045773,
        "name": "Maulagram",
        "place": "suburb"
      }
    },
    {
      "type": "Feature",
      "geometry": {
        "type": "Point",
        "coordinates": [
          88.2833953,
          22.1655422
        ]
      },
      "properties": {
        "osm_id": 10809045779,
        "name": "Uttar Damodarpur",
        "place": "suburb"
      }
    },
    {
      "type": "Feature",
      "geometry": {
        "type": "Point",
        "coordinates": [
          88.2332003,
          22.04358
        ]
      },
      "properties": {
        "osm_id": 10809046869,
        "name": "Garankati",
        "place": "suburb"
      }
    },
    {
      "type": "Feature",
      "geometry": {
        "type": "Point",
        "coordinates": [
          88.246963,
          22.0447957
        ]
      },
      "properties": {
        "osm_id": 10809050815,
        "name": "Dakshin Rajarampur",
        "place": "suburb"
      }
    },
    {
      "type": "Feature",
      "geometry": {
        "type": "Point",
        "coordinates": [
          88.271695,
          22.1167574
        ]
      },
      "properties": {
        "osm_id": 10809050816,
        "name": "Bahadir Chak",
        "place": "suburb"
      }
    },
    {
      "type": "Feature",
      "geometry": {
        "type": "Point",
        "coordinates": [
          88.2809873,
          22.1503635
        ]
      },
      "properties": {
        "osm_id": 10809053828,
        "name": "Uttar Shukdebpur",
        "place": "suburb"
      }
    },
    {
      "type": "Feature",
      "geometry": {
        "type": "Point",
        "coordinates": [
          88.2567317,
          22.0615132
        ]
      },
      "properties": {
        "osm_id": 10809054022,
        "name": "Dakshin Raypur",
        "place": "suburb"
      }
    },
    {
      "type": "Feature",
      "geometry": {
        "type": "Point",
        "coordinates": [
          88.2692328,
          22.0936636
        ]
      },
      "properties": {
        "osm_id": 10809062535,
        "name": "Hatirampur",
        "place": "suburb"
      }
    },
    {
      "type": "Feature",
      "geometry": {
        "type": "Point",
        "coordinates": [
          88.2699083,
          22.155834
        ]
      },
      "properties": {
        "osm_id": 10809062876,
        "name": "Atbazar",
        "place": "suburb"
      }
    },
    {
      "type": "Feature",
      "geometry": {
        "type": "Point",
        "coordinates": [
          88.280192,
          22.1354605
        ]
      },
      "properties": {
        "osm_id": 10809065147,
        "name": "Uttar Gazipur",
        "place": "suburb"
      }
    },
    {
      "type": "Feature",
      "geometry": {
        "type": "Point",
        "coordinates": [
          88.2783413,
          22.1268228
        ]
      },
      "properties": {
        "osm_id": 10809066659,
        "name": "Nabinathpur",
        "place": "suburb"
      }
    },
    {
      "type": "Feature",
      "geometry": {
        "type": "Point",
        "coordinates": [
          88.2693954,
          22.1438241
        ]
      },
      "properties": {
        "osm_id": 10809066922,
        "name": "Uttar Narayanpur",
        "place": "suburb"
      }
    },
    {
      "type": "Feature",
      "geometry": {
        "type": "Point",
        "coordinates": [
          88.2734207,
          22.1327743
        ]
      },
      "properties": {
        "osm_id": 10809068795,
        "name": "Ramnagar",
        "place": "suburb"
      }
    },
    {
      "type": "Feature",
      "geometry": {
        "type": "Point",
        "coordinates": [
          88.2761777,
          22.1597898
        ]
      },
      "properties": {
        "osm_id": 10809071047,
        "name": "Sadashibpur",
        "place": "suburb"
      }
    },
    {
      "type": "Feature",
      "geometry": {
        "type": "Point",
        "coordinates": [
          88.27198,
          22.1649023
        ]
      },
      "properties": {
        "osm_id": 10809071048,
        "name": "Ramanandapur",
        "place": "suburb"
      }
    },
    {
      "type": "Feature",
      "geometry": {
        "type": "Point",
        "coordinates": [
          88.2746813,
          22.1168252
        ]
      },
      "properties": {
        "osm_id": 10809071049,
        "name": "Paschim Chandpur",
        "place": "suburb"
      }
    },
    {
      "type": "Feature",
      "geometry": {
        "type": "Point",
        "coordinates": [
          88.278619,
          22.0992257
        ]
      },
      "properties": {
        "osm_id": 10809072712,
        "name": "Udayrampur",
        "place": "suburb"
      }
    },
    {
      "type": "Feature",
      "geometry": {
        "type": "Point",
        "coordinates": [
          88.3524193,
          22.1850385
        ]
      },
      "properties": {
        "osm_id": 10811616290,
        "name": "Daulatbad",
        "place": "suburb"
      }
    },
    {
      "type": "Feature",
      "geometry": {
        "type": "Point",
        "coordinates": [
          88.3197333,
          22.123439
        ]
      },
      "properties": {
        "osm_id": 10811629672,
        "name": "Brindabanpur",
        "place": "suburb"
      }
    },
    {
      "type": "Feature",
      "geometry": {
        "type": "Point",
        "coordinates": [
          88.3173545,
          22.1536751
        ]
      },
      "properties": {
        "osm_id": 10811634693,
        "name": "Ramnathpur",
        "place": "suburb"
      }
    },
    {
      "type": "Feature",
      "geometry": {
        "type": "Point",
        "coordinates": [
          88.380273,
          22.1598747
        ]
      },
      "properties": {
        "osm_id": 10811637154,
        "name": "Gokulnagar",
        "place": "suburb"
      }
    },
    {
      "type": "Feature",
      "geometry": {
        "type": "Point",
        "coordinates": [
          88.3664663,
          22.1800283
        ]
      },
      "properties": {
        "osm_id": 10811637701,
        "name": "Bademaheshpur",
        "place": "suburb"
      }
    },
    {
      "type": "Feature",
      "geometry": {
        "type": "Point",
        "coordinates": [
          88.3152756,
          22.1475293
        ]
      },
      "properties": {
        "osm_id": 10811646800,
        "name": "Mandabtala",
        "place": "suburb"
      }
    },
    {
      "type": "Feature",
      "geometry": {
        "type": "Point",
        "coordinates": [
          88.373594,
          22.1784763
        ]
      },
      "properties": {
        "osm_id": 10811650775,
        "name": "Bhabanipur",
        "place": "suburb"
      }
    },
    {
      "type": "Feature",
      "geometry": {
        "type": "Point",
        "coordinates": [
          88.3054743,
          22.1194666
        ]
      },
      "properties": {
        "osm_id": 10811658801,
        "name": "Nilambarpur",
        "place": "suburb"
      }
    },
    {
      "type": "Feature",
      "geometry": {
        "type": "Point",
        "coordinates": [
          88.3214996,
          22.1368782
        ]
      },
      "properties": {
        "osm_id": 10811658945,
        "name": "Bidyadharpur",
        "place": "suburb"
      }
    },
    {
      "type": "Feature",
      "geometry": {
        "type": "Point",
        "coordinates": [
          88.3599863,
          22.1811439
        ]
      },
      "properties": {
        "osm_id": 10811659579,
        "name": "Saradana",
        "place": "suburb"
      }
    },
    {
      "type": "Feature",
      "geometry": {
        "type": "Point",
        "coordinates": [
          88.3120023,
          22.1366475
        ]
      },
      "properties": {
        "osm_id": 10811663295,
        "name": "Achina",
        "place": "suburb"
      }
    },
    {
      "type": "Feature",
      "geometry": {
        "type": "Point",
        "coordinates": [
          88.3744346,
          22.1647172
        ]
      },
      "properties": {
        "osm_id": 10811664797,
        "name": "Bangabari",
        "place": "suburb"
      }
    },
    {
      "type": "Feature",
      "geometry": {
        "type": "Point",
        "coordinates": [
          88.3024633,
          22.1429938
        ]
      },
      "properties": {
        "osm_id": 10811665569,
        "name": "Sutabecha",
        "place": "suburb"
      }
    },
    {
      "type": "Feature",
      "geometry": {
        "type": "Point",
        "coordinates": [
          88.3104186,
          22.1267756
        ]
      },
      "properties": {
        "osm_id": 10811670859,
        "name": "Tetiberia",
        "place": "suburb"
      }
    },
    {
      "type": "Feature",
      "geometry": {
        "type": "Point",
        "coordinates": [
          88.385774,
          22.1724275
        ]
      },
      "properties": {
        "osm_id": 10811672821,
        "name": "Chaitanyapur",
        "place": "suburb"
      }
    },
    {
      "type": "Feature",
      "geometry": {
        "type": "Point",
        "coordinates": [
          88.3095189,
          22.1512742
        ]
      },
      "properties": {
        "osm_id": 10811677320,
        "name": "Champanagar",
        "place": "suburb"
      }
    },
    {
      "type": "Feature",
      "geometry": {
        "type": "Point",
        "coordinates": [
          88.2928103,
          22.1352382
        ]
      },
      "properties": {
        "osm_id": 10811681473,
        "name": "Dhanurhat",
        "place": "suburb"
      }
    },
    {
      "type": "Feature",
      "geometry": {
        "type": "Point",
        "coordinates": [
          88.2888003,
          22.1083374
        ]
      },
      "properties": {
        "osm_id": 10811690841,
        "name": "Ghanashyampur",
        "place": "suburb"
      }
    },
    {
      "type": "Feature",
      "geometry": {
        "type": "Point",
        "coordinates": [
          88.3002077,
          22.0754073
        ]
      },
      "properties": {
        "osm_id": 10811690852,
        "name": "Purba Damodarpur",
        "place": "suburb"
      }
    },
    {
      "type": "Feature",
      "geometry": {
        "type": "Point",
        "coordinates": [
          88.3695553,
          22.156944
        ]
      },
      "properties": {
        "osm_id": 10811692581,
        "name": "Pukuria",
        "place": "suburb"
      }
    },
    {
      "type": "Feature",
      "geometry": {
        "type": "Point",
        "coordinates": [
          88.283317,
          22.1098555
        ]
      },
      "properties": {
        "osm_id": 10811698219,
        "name": "Kalinga",
        "place": "suburb"
      }
    },
    {
      "type": "Feature",
      "geometry": {
        "type": "Point",
        "coordinates": [
          88.3700883,
          22.1718168
        ]
      },
      "properties": {
        "osm_id": 10811699714,
        "name": "Dakshin Amratola",
        "place": "suburb"
      }
    },
    {
      "type": "Feature",
      "geometry": {
        "type": "Point",
        "coordinates": [
          88.384347,
          22.163836
        ]
      },
      "properties": {
        "osm_id": 10811701065,
        "name": "Mirzanagar",
        "place": "suburb"
      }
    },
    {
      "type": "Feature",
      "geometry": {
        "type": "Point",
        "coordinates": [
          88.2880056,
          22.1183272
        ]
      },
      "properties": {
        "osm_id": 10811701097,
        "name": "Siddheshwarpur",
        "place": "suburb"
      }
    },
    {
      "type": "Feature",
      "geometry": {
        "type": "Point",
        "coordinates": [
          88.3693706,
          22.1406647
        ]
      },
      "properties": {
        "osm_id": 10811701295,
        "name": "Purba Gopalnagar",
        "place": "suburb"
      }
    },
    {
      "type": "Feature",
      "geometry": {
        "type": "Point",
        "coordinates": [
          88.317927,
          22.0920808
        ]
      },
      "properties": {
        "osm_id": 10811702776,
        "name": "Banamalipur",
        "place": "suburb"
      }
    },
    {
      "type": "Feature",
      "geometry": {
        "type": "Point",
        "coordinates": [
          88.3494156,
          22.1602256
        ]
      },
      "properties": {
        "osm_id": 10811703209,
        "name": "Raghunathpur",
        "place": "suburb"
      }
    },
    {
      "type": "Feature",
      "geometry": {
        "type": "Point",
        "coordinates": [
          88.379952,
          22.1690093
        ]
      },
      "properties": {
        "osm_id": 10811708593,
        "name": "Ramnarayanpur",
        "place": "suburb"
      }
    },
    {
      "type": "Feature",
      "geometry": {
        "type": "Point",
        "coordinates": [
          88.2980933,
          22.1307172
        ]
      },
      "properties": {
        "osm_id": 10811711376,
        "name": "Khorda Sadashibpur",
        "place": "suburb"
      }
    },
    {
      "type": "Feature",
      "geometry": {
        "type": "Point",
        "coordinates": [
          88.2936553,
          22.1449763
        ]
      },
      "properties": {
        "osm_id": 10811712592,
        "name": "Panchanan",
        "place": "suburb"
      }
    },
    {
      "type": "Feature",
      "geometry": {
        "type": "Point",
        "coordinates": [
          88.2892863,
          22.1514693
        ]
      },
      "properties": {
        "osm_id": 10811714132,
        "name": "Baji Sukdebpur",
        "place": "suburb"
      }
    },
    {
      "type": "Feature",
      "geometry": {
        "type": "Point",
        "coordinates": [
          88.302632,
          22.1535985
        ]
      },
      "properties": {
        "osm_id": 10811717732,
        "name": "Gumki",
        "place": "suburb"
      }
    },
    {
      "type": "Feature",
      "geometry": {
        "type": "Point",
        "coordinates": [
          88.2827563,
          22.1190256
        ]
      },
      "properties": {
        "osm_id": 10811722985,
        "name": "Chak Subuddhi",
        "place": "suburb"
      }
    },
    {
      "type": "Feature",
      "geometry": {
        "type": "Point",
        "coordinates": [
          88.2953553,
          22.1592079
        ]
      },
      "properties": {
        "osm_id": 10811723512,
        "name": "Chaugharia",
        "place": "suburb"
      }
    },
    {
      "type": "Feature",
      "geometry": {
        "type": "Point",
        "coordinates": [
          88.3012503,
          22.1304403
        ]
      },
      "properties": {
        "osm_id": 10811723724,
        "name": "Chaulgola",
        "place": "suburb"
      }
    },
    {
      "type": "Feature",
      "geometry": {
        "type": "Point",
        "coordinates": [
          88.307953,
          22.0792862
        ]
      },
      "properties": {
        "osm_id": 10811723744,
        "name": "Bhagabatipur",
        "place": "suburb"
      }
    },
    {
      "type": "Feature",
      "geometry": {
        "type": "Point",
        "coordinates": [
          88.2864653,
          22.1007337
        ]
      },
      "properties": {
        "osm_id": 10811760515,
        "name": "Dakshin Raghunathpur",
        "place": "suburb"
      }
    },
    {
      "type": "Feature",
      "geometry": {
        "type": "Point",
        "coordinates": [
          88.3029536,
          22.1024358
        ]
      },
      "properties": {
        "osm_id": 10811760571,
        "name": "Uttar Sultanpur",
        "place": "suburb"
      }
    },
    {
      "type": "Feature",
      "geometry": {
        "type": "Point",
        "coordinates": [
          88.296877,
          22.1129994
        ]
      },
      "properties": {
        "osm_id": 10811762052,
        "name": "Shibpur",
        "place": "suburb"
      }
    },
    {
      "type": "Feature",
      "geometry": {
        "type": "Point",
        "coordinates": [
          88.291008,
          22.1205599
        ]
      },
      "properties": {
        "osm_id": 10811765480,
        "name": "Ramchandrapur",
        "place": "suburb"
      }
    },
    {
      "type": "Feature",
      "geometry": {
        "type": "Point",
        "coordinates": [
          88.310016,
          22.161027
        ]
      },
      "properties": {
        "osm_id": 10811766718,
        "name": "Mallikpur",
        "place": "suburb"
      }
    },
    {
      "type": "Feature",
      "geometry": {
        "type": "Point",
        "coordinates": [
          88.3110746,
          22.0950262
        ]
      },
      "properties": {
        "osm_id": 10811772157,
        "name": "Purba Shrinagar",
        "place": "suburb"
      }
    },
    {
      "type": "Feature",
      "geometry": {
        "type": "Point",
        "coordinates": [
          88.2865353,
          22.1363579
        ]
      },
      "properties": {
        "osm_id": 10811772268,
        "name": "Uttar Shyampur",
        "place": "suburb"
      }
    },
    {
      "type": "Feature",
      "geometry": {
        "type": "Point",
        "coordinates": [
          88.3008359,
          22.088449
        ]
      },
      "properties": {
        "osm_id": 10811778862,
        "name": "Gabberia",
        "place": "suburb"
      }
    },
    {
      "type": "Feature",
      "geometry": {
        "type": "Point",
        "coordinates": [
          88.3064742,
          22.0871504
        ]
      },
      "properties": {
        "osm_id": 10811778915,
        "name": "Chotta Ramkrishnapur",
        "place": "suburb"
      }
    },
    {
      "type": "Feature",
      "geometry": {
        "type": "Point",
        "coordinates": [
          88.2943486,
          22.0980278
        ]
      },
      "properties": {
        "osm_id": 10811783628,
        "name": "Krishnanagar",
        "place": "suburb"
      }
    },
    {
      "type": "Feature",
      "geometry": {
        "type": "Point",
        "coordinates": [
          88.347567,
          22.0964682
        ]
      },
      "properties": {
        "osm_id": 10811793067,
        "name": "Dhopahat",
        "place": "suburb"
      }
    },
    {
      "type": "Feature",
      "geometry": {
        "type": "Point",
        "coordinates": [
          88.2949963,
          22.1039272
        ]
      },
      "properties": {
        "osm_id": 10811794669,
        "name": "Purba Raipur",
        "place": "suburb"
      }
    },
    {
      "type": "Feature",
      "geometry": {
        "type": "Point",
        "coordinates": [
          88.3021153,
          22.0825267
        ]
      },
      "properties": {
        "osm_id": 10811796917,
        "name": "Paschim Sankarpur",
        "place": "suburb"
      }
    },
    {
      "type": "Feature",
      "geometry": {
        "type": "Point",
        "coordinates": [
          88.2869656,
          22.0893475
        ]
      },
      "properties": {
        "osm_id": 10811797015,
        "name": "Madhusudanpur",
        "place": "suburb"
      }
    },
    {
      "type": "Feature",
      "geometry": {
        "type": "Point",
        "coordinates": [
          88.321537,
          22.1015762
        ]
      },
      "properties": {
        "osm_id": 10811800641,
        "name": "Baidyapur",
        "place": "suburb"
      }
    },
    {
      "type": "Feature",
      "geometry": {
        "type": "Point",
        "coordinates": [
          88.295873,
          22.1069795
        ]
      },
      "properties": {
        "osm_id": 10811800823,
        "name": "Raipur Dayarampur",
        "place": "suburb"
      }
    },
    {
      "type": "Feature",
      "geometry": {
        "type": "Point",
        "coordinates": [
          88.3273116,
          22.1012875
        ]
      },
      "properties": {
        "osm_id": 10811803494,
        "name": "Durgapur",
        "place": "suburb"
      }
    },
    {
      "type": "Feature",
      "geometry": {
        "type": "Point",
        "coordinates": [
          88.3028116,
          22.0964978
        ]
      },
      "properties": {
        "osm_id": 10811807406,
        "name": "Purba Rameshwarpur",
        "place": "suburb"
      }
    },
    {
      "type": "Feature",
      "geometry": {
        "type": "Point",
        "coordinates": [
          88.2930836,
          22.0794583
        ]
      },
      "properties": {
        "osm_id": 10811808930,
        "name": "Tajpur",
        "place": "suburb"
      }
    },
    {
      "type": "Feature",
      "geometry": {
        "type": "Point",
        "coordinates": [
          88.3410366,
          22.0976177
        ]
      },
      "properties": {
        "osm_id": 10811809029,
        "name": "Chak Ghateshwar",
        "place": "suburb"
      }
    },
    {
      "type": "Feature",
      "geometry": {
        "type": "Point",
        "coordinates": [
          88.3300014,
          22.0793937
        ]
      },
      "properties": {
        "osm_id": 10811831457,
        "name": "Ghateshwar",
        "place": "suburb"
      }
    },
    {
      "type": "Feature",
      "geometry": {
        "type": "Point",
        "coordinates": [
          88.3237177,
          22.0925836
        ]
      },
      "properties": {
        "osm_id": 10811839790,
        "name": "Inatpur",
        "place": "suburb"
      }
    },
    {
      "type": "Feature",
      "geometry": {
        "type": "Point",
        "coordinates": [
          88.3400502,
          22.1007285
        ]
      },
      "properties": {
        "osm_id": 10811848998,
        "name": "Kishmatmadhabnagar",
        "place": "suburb"
      }
    },
    {
      "type": "Feature",
      "geometry": {
        "type": "Point",
        "coordinates": [
          88.332259,
          22.0942505
        ]
      },
      "properties": {
        "osm_id": 10811863274,
        "name": "Ramlochanpur",
        "place": "suburb"
      }
    },
    {
      "type": "Feature",
      "geometry": {
        "type": "Point",
        "coordinates": [
          88.3177056,
          22.0859891
        ]
      },
      "properties": {
        "osm_id": 10811876196,
        "name": "Gopalpur",
        "place": "suburb"
      }
    },
    {
      "type": "Feature",
      "geometry": {
        "type": "Point",
        "coordinates": [
          88.3168877,
          22.1817357
        ]
      },
      "properties": {
        "osm_id": 10811879352,
        "name": "Khordda Mahadebpur",
        "place": "suburb"
      }
    },
    {
      "type": "Feature",
      "geometry": {
        "type": "Point",
        "coordinates": [
          88.3235846,
          22.1061669
        ]
      },
      "properties": {
        "osm_id": 10811881161,
        "name": "Mirpur",
        "place": "suburb"
      }
    },
    {
      "type": "Feature",
      "geometry": {
        "type": "Point",
        "coordinates": [
          88.3141123,
          22.103085
        ]
      },
      "properties": {
        "osm_id": 10811881204,
        "name": "Ramjibanpur",
        "place": "suburb"
      }
    },
    {
      "type": "Feature",
      "geometry": {
        "type": "Point",
        "coordinates": [
          88.3137127,
          22.108317
        ]
      },
      "properties": {
        "osm_id": 10811881437,
        "name": "Lakshmikantapur",
        "place": "suburb"
      }
    },
    {
      "type": "Feature",
      "geometry": {
        "type": "Point",
        "coordinates": [
          88.3330418,
          22.1069867
        ]
      },
      "properties": {
        "osm_id": 10811886012,
        "name": "Muraripur",
        "place": "suburb"
      }
    },
    {
      "type": "Feature",
      "geometry": {
        "type": "Point",
        "coordinates": [
          88.3280456,
          22.1139307
        ]
      },
      "properties": {
        "osm_id": 10811886100,
        "name": "Uttar Akhraberia",
        "place": "suburb"
      }
    },
    {
      "type": "Feature",
      "geometry": {
        "type": "Point",
        "coordinates": [
          88.378294,
          22.146277
        ]
      },
      "properties": {
        "osm_id": 10811886399,
        "name": "Badedurgapur",
        "place": "suburb"
      }
    },
    {
      "type": "Feature",
      "geometry": {
        "type": "Point",
        "coordinates": [
          88.3396843,
          22.110155
        ]
      },
      "properties": {
        "osm_id": 10811895378,
        "name": "Purba Chandpur",
        "place": "suburb"
      }
    },
    {
      "type": "Feature",
      "geometry": {
        "type": "Point",
        "coordinates": [
          88.3480787,
          22.151315
        ]
      },
      "properties": {
        "osm_id": 10811895854,
        "name": "Kalikapur",
        "place": "suburb"
      }
    },
    {
      "type": "Feature",
      "geometry": {
        "type": "Point",
        "coordinates": [
          88.318279,
          22.1143651
        ]
      },
      "properties": {
        "osm_id": 10811897725,
        "name": "Ramnarayanpur",
        "place": "suburb"
      }
    },
    {
      "type": "Feature",
      "geometry": {
        "type": "Point",
        "coordinates": [
          88.3329123,
          22.0871911
        ]
      },
      "properties": {
        "osm_id": 10811902767,
        "name": "Singheshwar",
        "place": "suburb"
      }
    },
    {
      "type": "Feature",
      "geometry": {
        "type": "Point",
        "coordinates": [
          88.3736755,
          22.1500809
        ]
      },
      "properties": {
        "osm_id": 10811903901,
        "name": "Maheshpur",
        "place": "suburb"
      }
    },
    {
      "type": "Feature",
      "geometry": {
        "type": "Point",
        "coordinates": [
          88.3584576,
          22.152117
        ]
      },
      "properties": {
        "osm_id": 10811908922,
        "name": "Bansberia Zafarpur",
        "place": "suburb"
      }
    },
    {
      "type": "Feature",
      "geometry": {
        "type": "Point",
        "coordinates": [
          88.3398343,
          22.1589747
        ]
      },
      "properties": {
        "osm_id": 10811908924,
        "name": "Dhananjoypur",
        "place": "suburb"
      }
    },
    {
      "type": "Feature",
      "geometry": {
        "type": "Point",
        "coordinates": [
          88.335517,
          22.1166172
        ]
      },
      "properties": {
        "osm_id": 10811908931,
        "name": "Krishnarampur",
        "place": "suburb"
      }
    },
    {
      "type": "Feature",
      "geometry": {
        "type": "Point",
        "coordinates": [
          88.338496,
          22.1748221
        ]
      },
      "properties": {
        "osm_id": 10811909097,
        "name": "Khordda Ratneshwarpur",
        "place": "suburb"
      }
    },
    {
      "type": "Feature",
      "geometry": {
        "type": "Point",
        "coordinates": [
          88.3408673,
          22.1650906
        ]
      },
      "properties": {
        "osm_id": 10811910597,
        "name": "Sarifnagar",
        "place": "suburb"
      }
    },
    {
      "type": "Feature",
      "geometry": {
        "type": "Point",
        "coordinates": [
          88.3593039,
          22.142189
        ]
      },
      "properties": {
        "osm_id": 10811913036,
        "name": "Durlavpur",
        "place": "suburb"
      }
    },
    {
      "type": "Feature",
      "geometry": {
        "type": "Point",
        "coordinates": [
          88.3264673,
          22.16724
        ]
      },
      "properties": {
        "osm_id": 10811914210,
        "name": "Krishnadebpur",
        "place": "suburb"
      }
    },
    {
      "type": "Feature",
      "geometry": {
        "type": "Point",
        "coordinates": [
          88.3205056,
          22.1742488
        ]
      },
      "properties": {
        "osm_id": 10811915091,
        "name": "Inayetpur",
        "place": "suburb"
      }
    },
    {
      "type": "Feature",
      "geometry": {
        "type": "Point",
        "coordinates": [
          88.3295866,
          22.15415
        ]
      },
      "properties": {
        "osm_id": 10811916025,
        "name": "Uttar Jagadeishpur",
        "place": "suburb"
      }
    },
    {
      "type": "Feature",
      "geometry": {
        "type": "Point",
        "coordinates": [
          88.3637583,
          22.1477691
        ]
      },
      "properties": {
        "osm_id": 10811917058,
        "name": "Maukhali",
        "place": "suburb"
      }
    },
    {
      "type": "Feature",
      "geometry": {
        "type": "Point",
        "coordinates": [
          88.307605,
          22.210456
        ]
      },
      "properties": {
        "osm_id": 10811919479,
        "name": "Tekpanza",
        "place": "suburb"
      }
    },
    {
      "type": "Feature",
      "geometry": {
        "type": "Point",
        "coordinates": [
          88.3498563,
          22.1709665
        ]
      },
      "properties": {
        "osm_id": 10811920072,
        "name": "Haridebpur",
        "place": "suburb"
      }
    },
    {
      "type": "Feature",
      "geometry": {
        "type": "Point",
        "coordinates": [
          88.3497,
          22.1560297
        ]
      },
      "properties": {
        "osm_id": 10811920316,
        "name": "Matilal",
        "place": "suburb"
      }
    },
    {
      "type": "Feature",
      "geometry": {
        "type": "Point",
        "coordinates": [
          88.3406382,
          22.1458072
        ]
      },
      "properties": {
        "osm_id": 10811920445,
        "name": "Badeballabhpur",
        "place": "suburb"
      }
    },
    {
      "type": "Feature",
      "geometry": {
        "type": "Point",
        "coordinates": [
          88.3423396,
          22.1321269
        ]
      },
      "properties": {
        "osm_id": 10811920466,
        "name": "Krishnapur",
        "place": "suburb"
      }
    },
    {
      "type": "Feature",
      "geometry": {
        "type": "Point",
        "coordinates": [
          88.344469,
          22.1550882
        ]
      },
      "properties": {
        "osm_id": 10811920521,
        "name": "Mauraltala Mukundapur",
        "place": "suburb"
      }
    },
    {
      "type": "Feature",
      "geometry": {
        "type": "Point",
        "coordinates": [
          88.3356193,
          22.1205986
        ]
      },
      "properties": {
        "osm_id": 10811922710,
        "name": "Bireshwarpur",
        "place": "suburb"
      }
    },
    {
      "type": "Feature",
      "geometry": {
        "type": "Point",
        "coordinates": [
          88.3493777,
          22.1444191
        ]
      },
      "properties": {
        "osm_id": 10811922819,
        "name": "Uttar Ballabhpur",
        "place": "suburb"
      }
    },
    {
      "type": "Feature",
      "geometry": {
        "type": "Point",
        "coordinates": [
          88.3476907,
          22.176779
        ]
      },
      "properties": {
        "osm_id": 10811926783,
        "name": "Raghudebpurbeluni",
        "place": "suburb"
      }
    },
    {
      "type": "Feature",
      "geometry": {
        "type": "Point",
        "coordinates": [
          88.3302777,
          22.1237941
        ]
      },
      "properties": {
        "osm_id": 10811929386,
        "name": "Kashipur",
        "place": "suburb"
      }
    },
    {
      "type": "Feature",
      "geometry": {
        "type": "Point",
        "coordinates": [
          88.354528,
          22.1358079
        ]
      },
      "properties": {
        "osm_id": 10811930250,
        "name": "Dadpur",
        "place": "suburb"
      }
    },
    {
      "type": "Feature",
      "geometry": {
        "type": "Point",
        "coordinates": [
          88.3340353,
          22.1412157
        ]
      },
      "properties": {
        "osm_id": 10811933250,
        "name": "Dulalpur",
        "place": "suburb"
      }
    },
    {
      "type": "Feature",
      "geometry": {
        "type": "Point",
        "coordinates": [
          88.3460826,
          22.1160472
        ]
      },
      "properties": {
        "osm_id": 10811942544,
        "name": "Madhabpur",
        "place": "suburb"
      }
    },
    {
      "type": "Feature",
      "geometry": {
        "type": "Point",
        "coordinates": [
          88.3287033,
          22.2045575
        ]
      },
      "properties": {
        "osm_id": 10811942666,
        "name": "Nishapur",
        "place": "suburb"
      }
    },
    {
      "type": "Feature",
      "geometry": {
        "type": "Point",
        "coordinates": [
          88.3501847,
          22.1245944
        ]
      },
      "properties": {
        "osm_id": 10811943865,
        "name": "Purba Raghunathpur",
        "place": "suburb"
      }
    },
    {
      "type": "Feature",
      "geometry": {
        "type": "Point",
        "coordinates": [
          88.3854433,
          22.1789899
        ]
      },
      "properties": {
        "osm_id": 10811946451,
        "name": "Gobindabati",
        "place": "suburb"
      }
    },
    {
      "type": "Feature",
      "geometry": {
        "type": "Point",
        "coordinates": [
          88.3172346,
          22.2033714
        ]
      },
      "properties": {
        "osm_id": 10811946765,
        "name": "Mallikpratap",
        "place": "suburb"
      }
    },
    {
      "type": "Feature",
      "geometry": {
        "type": "Point",
        "coordinates": [
          88.3402623,
          22.11849
        ]
      },
      "properties": {
        "osm_id": 10811949138,
        "name": "Khelarampur",
        "place": "suburb"
      }
    },
    {
      "type": "Feature",
      "geometry": {
        "type": "Point",
        "coordinates": [
          88.355785,
          22.1280676
        ]
      },
      "properties": {
        "osm_id": 10811983872,
        "name": "Purba Sankarpur",
        "place": "suburb"
      }
    },
    {
      "type": "Feature",
      "geometry": {
        "type": "Point",
        "coordinates": [
          88.395156,
          22.1817287
        ]
      },
      "properties": {
        "osm_id": 10812004729,
        "name": "Bade Muldia",
        "place": "suburb"
      }
    },
    {
      "type": "Feature",
      "geometry": {
        "type": "Point",
        "coordinates": [
          88.4033596,
          22.1815484
        ]
      },
      "properties": {
        "osm_id": 10812077850,
        "name": "Adityapur",
        "place": "suburb"
      }
    },
    {
      "type": "Feature",
      "geometry": {
        "type": "Point",
        "coordinates": [
          88.3891387,
          22.1823975
        ]
      },
      "properties": {
        "osm_id": 10812077851,
        "name": "Bade Gokulnagar",
        "place": "suburb"
      }
    },
    {
      "type": "Feature",
      "geometry": {
        "type": "Point",
        "coordinates": [
          88.3781506,
          22.1808181
        ]
      },
      "properties": {
        "osm_id": 10812128467,
        "name": "Alemaheshpur",
        "place": "suburb"
      }
    },
    {
      "type": "Feature",
      "geometry": {
        "type": "Point",
        "coordinates": [
          88.4012806,
          22.18522
        ]
      },
      "properties": {
        "osm_id": 10812132242,
        "name": "Dakshin Radhanagar",
        "place": "suburb"
      }
    },
    {
      "type": "Feature",
      "geometry": {
        "type": "Point",
        "coordinates": [
          88.380125,
          22.188321
        ]
      },
      "properties": {
        "osm_id": 10812134132,
        "name": "Krishnarampur",
        "place": "suburb"
      }
    },
    {
      "type": "Feature",
      "geometry": {
        "type": "Point",
        "coordinates": [
          88.3909607,
          22.1772794
        ]
      },
      "properties": {
        "osm_id": 10812139939,
        "name": "Nurmahammadpur",
        "place": "suburb"
      }
    },
    {
      "type": "Feature",
      "geometry": {
        "type": "Point",
        "coordinates": [
          88.3221273,
          21.9954018
        ]
      },
      "properties": {
        "osm_id": 10816353363,
        "name": "Sarasberia",
        "place": "suburb"
      }
    },
    {
      "type": "Feature",
      "geometry": {
        "type": "Point",
        "coordinates": [
          88.3328926,
          22.0275294
        ]
      },
      "properties": {
        "osm_id": 10816359195,
        "name": "Brahmapur",
        "place": "suburb"
      }
    },
    {
      "type": "Feature",
      "geometry": {
        "type": "Point",
        "coordinates": [
          88.3203936,
          22.0406176
        ]
      },
      "properties": {
        "osm_id": 10816359377,
        "name": "Harindanaga",
        "place": "suburb"
      }
    },
    {
      "type": "Feature",
      "geometry": {
        "type": "Point",
        "coordinates": [
          88.3912313,
          22.1110477
        ]
      },
      "properties": {
        "osm_id": 10816360718,
        "name": "Chak Madhusudanpur",
        "place": "suburb"
      }
    },
    {
      "type": "Feature",
      "geometry": {
        "type": "Point",
        "coordinates": [
          88.3325765,
          22.021244
        ]
      },
      "properties": {
        "osm_id": 10816370956,
        "name": "Krishnanagar",
        "place": "suburb"
      }
    },
    {
      "type": "Feature",
      "geometry": {
        "type": "Point",
        "coordinates": [
          88.358109,
          22.0279475
        ]
      },
      "properties": {
        "osm_id": 10816384070,
        "name": "Jogendra Nagar",
        "place": "suburb"
      }
    },
    {
      "type": "Feature",
      "geometry": {
        "type": "Point",
        "coordinates": [
          88.327903,
          22.0318681
        ]
      },
      "properties": {
        "osm_id": 10816384818,
        "name": "Imamdipur",
        "place": "suburb"
      }
    },
    {
      "type": "Feature",
      "geometry": {
        "type": "Point",
        "coordinates": [
          88.4147296,
          22.1461992
        ]
      },
      "properties": {
        "osm_id": 10816384835,
        "name": "Satghara",
        "place": "suburb"
      }
    },
    {
      "type": "Feature",
      "geometry": {
        "type": "Point",
        "coordinates": [
          88.4112656,
          22.1364072
        ]
      },
      "properties": {
        "osm_id": 10816385156,
        "name": "Subuddhipur",
        "place": "suburb"
      }
    },
    {
      "type": "Feature",
      "geometry": {
        "type": "Point",
        "coordinates": [
          88.328002,
          22.0397382
        ]
      },
      "properties": {
        "osm_id": 10816386974,
        "name": "Gadberia",
        "place": "suburb"
      }
    },
    {
      "type": "Feature",
      "geometry": {
        "type": "Point",
        "coordinates": [
          88.3749102,
          22.018758
        ]
      },
      "properties": {
        "osm_id": 10816389816,
        "name": "Ghatbakultala",
        "place": "suburb"
      }
    },
    {
      "type": "Feature",
      "geometry": {
        "type": "Point",
        "coordinates": [
          88.4164663,
          22.1247381
        ]
      },
      "properties": {
        "osm_id": 10816391413,
        "name": "Rampur",
        "place": "suburb"
      }
    },
    {
      "type": "Feature",
      "geometry": {
        "type": "Point",
        "coordinates": [
          88.328809,
          22.0462604
        ]
      },
      "properties": {
        "osm_id": 10816393185,
        "name": "Nandanpur",
        "place": "suburb"
      }
    },
    {
      "type": "Feature",
      "geometry": {
        "type": "Point",
        "coordinates": [
          88.3227083,
          22.0282275
        ]
      },
      "properties": {
        "osm_id": 10816393193,
        "name": "Ramchandrapur",
        "place": "suburb"
      }
    },
    {
      "type": "Feature",
      "geometry": {
        "type": "Point",
        "coordinates": [
          88.3368833,
          22.0342684
        ]
      },
      "properties": {
        "osm_id": 10816400359,
        "name": "Rajarampur",
        "place": "suburb"
      }
    },
    {
      "type": "Feature",
      "geometry": {
        "type": "Point",
        "coordinates": [
          88.405143,
          22.1436571
        ]
      },
      "properties": {
        "osm_id": 10816401752,
        "name": "Bazar",
        "place": "suburb"
      }
    },
    {
      "type": "Feature",
      "geometry": {
        "type": "Point",
        "coordinates": [
          88.3846656,
          22.1419388
        ]
      },
      "properties": {
        "osm_id": 10816403117,
        "name": "Rajapur",
        "place": "suburb"
      }
    },
    {
      "type": "Feature",
      "geometry": {
        "type": "Point",
        "coordinates": [
          88.3357253,
          22.0405752
        ]
      },
      "properties": {
        "osm_id": 10816403388,
        "name": "Rachhulpur",
        "place": "suburb"
      }
    },
    {
      "type": "Feature",
      "geometry": {
        "type": "Point",
        "coordinates": [
          88.3242616,
          22.0124789
        ]
      },
      "properties": {
        "osm_id": 10816407294,
        "name": "Uttar Sarasberia",
        "place": "suburb"
      }
    },
    {
      "type": "Feature",
      "geometry": {
        "type": "Point",
        "coordinates": [
          88.415335,
          22.1323688
        ]
      },
      "properties": {
        "osm_id": 10816407630,
        "name": "Santoshnagar",
        "place": "suburb"
      }
    },
    {
      "type": "Feature",
      "geometry": {
        "type": "Point",
        "coordinates": [
          88.4152926,
          22.1403744
        ]
      },
      "properties": {
        "osm_id": 10816410738,
        "name": "Debipur",
        "place": "suburb"
      }
    },
    {
      "type": "Feature",
      "geometry": {
        "type": "Point",
        "coordinates": [
          88.401065,
          22.130673
        ]
      },
      "properties": {
        "osm_id": 10816413900,
        "name": "Mirzapur",
        "place": "suburb"
      }
    },
    {
      "type": "Feature",
      "geometry": {
        "type": "Point",
        "coordinates": [
          88.3955346,
          22.1384793
        ]
      },
      "properties": {
        "osm_id": 10816414919,
        "name": "Siddheshwar",
        "place": "suburb"
      }
    },
    {
      "type": "Feature",
      "geometry": {
        "type": "Point",
        "coordinates": [
          88.3910287,
          22.143712
        ]
      },
      "properties": {
        "osm_id": 10816424242,
        "name": "Uttar Durgapur",
        "place": "suburb"
      }
    },
    {
      "type": "Feature",
      "geometry": {
        "type": "Point",
        "coordinates": [
          88.4182116,
          22.1177877
        ]
      },
      "properties": {
        "osm_id": 10816444336,
        "name": "Badibarasi",
        "place": "suburb"
      }
    },
    {
      "type": "Feature",
      "geometry": {
        "type": "Point",
        "coordinates": [
          88.3506373,
          22.1099356
        ]
      },
      "properties": {
        "osm_id": 10816446087,
        "name": "Mukundapur",
        "place": "suburb"
      }
    },
    {
      "type": "Feature",
      "geometry": {
        "type": "Point",
        "coordinates": [
          88.3881056,
          22.1366594
        ]
      },
      "properties": {
        "osm_id": 10816447348,
        "name": "Tentulbaria",
        "place": "suburb"
      }
    },
    {
      "type": "Feature",
      "geometry": {
        "type": "Point",
        "coordinates": [
          88.355177,
          22.0537465
        ]
      },
      "properties": {
        "osm_id": 10816449266,
        "name": "Ghoradal",
        "place": "suburb"
      }
    },
    {
      "type": "Feature",
      "geometry": {
        "type": "Point",
        "coordinates": [
          88.4014349,
          22.0977563
        ]
      },
      "properties": {
        "osm_id": 10816452977,
        "name": "Batishwar",
        "place": "suburb"
      }
    },
    {
      "type": "Feature",
      "geometry": {
        "type": "Point",
        "coordinates": [
          88.4220383,
          22.1001171
        ]
      },
      "properties": {
        "osm_id": 10816460275,
        "name": "Barasi",
        "place": "suburb"
      }
    },
    {
      "type": "Feature",
      "geometry": {
        "type": "Point",
        "coordinates": [
          88.4164387,
          22.093884
        ]
      },
      "properties": {
        "osm_id": 10816481514,
        "name": "Sarberia",
        "place": "suburb"
      }
    },
    {
      "type": "Feature",
      "geometry": {
        "type": "Point",
        "coordinates": [
          88.4183953,
          22.1120759
        ]
      },
      "properties": {
        "osm_id": 10816484153,
        "name": "Khonjkhidir",
        "place": "suburb"
      }
    },
    {
      "type": "Feature",
      "geometry": {
        "type": "Point",
        "coordinates": [
          88.4234689,
          22.1204263
        ]
      },
      "properties": {
        "osm_id": 10816484358,
        "name": "Chhatrabhog",
        "place": "suburb"
      }
    },
    {
      "type": "Feature",
      "geometry": {
        "type": "Point",
        "coordinates": [
          88.409522,
          22.0935394
        ]
      },
      "properties": {
        "osm_id": 10816484983,
        "name": "Narayanpur",
        "place": "suburb"
      }
    },
    {
      "type": "Feature",
      "geometry": {
        "type": "Point",
        "coordinates": [
          88.4068313,
          22.098095
        ]
      },
      "properties": {
        "osm_id": 10816485356,
        "name": "Chak Sarberia",
        "place": "suburb"
      }
    },
    {
      "type": "Feature",
      "geometry": {
        "type": "Point",
        "coordinates": [
          88.3944012,
          22.0982814
        ]
      },
      "properties": {
        "osm_id": 10816486643,
        "name": "Raghabpur",
        "place": "suburb"
      }
    },
    {
      "type": "Feature",
      "geometry": {
        "type": "Point",
        "coordinates": [
          88.4315813,
          22.1048168
        ]
      },
      "properties": {
        "osm_id": 10816488917,
        "name": "Sadial",
        "place": "suburb"
      }
    },
    {
      "type": "Feature",
      "geometry": {
        "type": "Point",
        "coordinates": [
          88.4165387,
          22.0984263
        ]
      },
      "properties": {
        "osm_id": 10816488970,
        "name": "Uttar Joykrishnapur",
        "place": "suburb"
      }
    },
    {
      "type": "Feature",
      "geometry": {
        "type": "Point",
        "coordinates": [
          88.3671849,
          22.1091771
        ]
      },
      "properties": {
        "osm_id": 10816489217,
        "name": "Daudpur",
        "place": "suburb"
      }
    },
    {
      "type": "Feature",
      "geometry": {
        "type": "Point",
        "coordinates": [
          88.427105,
          22.1005449
        ]
      },
      "properties": {
        "osm_id": 10816491407,
        "name": "Shobhanagar",
        "place": "suburb"
      }
    },
    {
      "type": "Feature",
      "geometry": {
        "type": "Point",
        "coordinates": [
          88.3598146,
          22.1071675
        ]
      },
      "properties": {
        "osm_id": 10816492801,
        "name": "Kaipukuria",
        "place": "suburb"
      }
    },
    {
      "type": "Feature",
      "geometry": {
        "type": "Point",
        "coordinates": [
          88.366264,
          22.0903271
        ]
      },
      "properties": {
        "osm_id": 10816494973,
        "name": "Radhakantapur",
        "place": "suburb"
      }
    },
    {
      "type": "Feature",
      "geometry": {
        "type": "Point",
        "coordinates": [
          88.363452,
          22.1038595
        ]
      },
      "properties": {
        "osm_id": 10816494974,
        "name": "Sekhpukhuria",
        "place": "suburb"
      }
    },
    {
      "type": "Feature",
      "geometry": {
        "type": "Point",
        "coordinates": [
          88.431857,
          22.1344599
        ]
      },
      "properties": {
        "osm_id": 10816494983,
        "name": "Uttarshibganj",
        "place": "suburb"
      }
    },
    {
      "type": "Feature",
      "geometry": {
        "type": "Point",
        "coordinates": [
          88.4187756,
          22.1073891
        ]
      },
      "properties": {
        "osm_id": 10816495473,
        "name": "Uttar Raypur",
        "place": "suburb"
      }
    },
    {
      "type": "Feature",
      "geometry": {
        "type": "Point",
        "coordinates": [
          88.3504273,
          22.0913097
        ]
      },
      "properties": {
        "osm_id": 10816500356,
        "name": "Jadabpur",
        "place": "suburb"
      }
    },
    {
      "type": "Feature",
      "geometry": {
        "type": "Point",
        "coordinates": [
          88.3619053,
          22.0967388
        ]
      },
      "properties": {
        "osm_id": 10816500426,
        "name": "Dakshin Ramnagar",
        "place": "suburb"
      }
    },
    {
      "type": "Feature",
      "geometry": {
        "type": "Point",
        "coordinates": [
          88.322634,
          22.0702802
        ]
      },
      "properties": {
        "osm_id": 10816503087,
        "name": "Himchi",
        "place": "suburb"
      }
    },
    {
      "type": "Feature",
      "geometry": {
        "type": "Point",
        "coordinates": [
          88.3022496,
          22.0070691
        ]
      },
      "properties": {
        "osm_id": 10816503322,
        "name": "Andharmanik",
        "place": "suburb"
      }
    },
    {
      "type": "Feature",
      "geometry": {
        "type": "Point",
        "coordinates": [
          88.3429553,
          22.089719
        ]
      },
      "properties": {
        "osm_id": 10816504912,
        "name": "Radhanagar",
        "place": "suburb"
      }
    },
    {
      "type": "Feature",
      "geometry": {
        "type": "Point",
        "coordinates": [
          88.4553716,
          22.13528
        ]
      },
      "properties": {
        "osm_id": 10816506969,
        "name": "Talukranaghat",
        "place": "suburb"
      }
    },
    {
      "type": "Feature",
      "geometry": {
        "type": "Point",
        "coordinates": [
          88.3593783,
          22.092976
        ]
      },
      "properties": {
        "osm_id": 10816507400,
        "name": "Panapukhuria",
        "place": "suburb"
      }
    },
    {
      "type": "Feature",
      "geometry": {
        "type": "Point",
        "coordinates": [
          88.3427553,
          22.0764892
        ]
      },
      "properties": {
        "osm_id": 10816507401,
        "name": "Srikrishnanagar",
        "place": "suburb"
      }
    },
    {
      "type": "Feature",
      "geometry": {
        "type": "Point",
        "coordinates": [
          88.3715587,
          22.0770172
        ]
      },
      "properties": {
        "osm_id": 10816507402,
        "name": "Uttar Lakshminarayanpur",
        "place": "suburb"
      }
    },
    {
      "type": "Feature",
      "geometry": {
        "type": "Point",
        "coordinates": [
          88.3367666,
          22.0542513
        ]
      },
      "properties": {
        "osm_id": 10816512825,
        "name": "Krishnarampur",
        "place": "suburb"
      }
    },
    {
      "type": "Feature",
      "geometry": {
        "type": "Point",
        "coordinates": [
          88.4215813,
          22.1448077
        ]
      },
      "properties": {
        "osm_id": 10816516357,
        "name": "Khodadadpur",
        "place": "suburb"
      }
    },
    {
      "type": "Feature",
      "geometry": {
        "type": "Point",
        "coordinates": [
          88.327084,
          22.0081411
        ]
      },
      "properties": {
        "osm_id": 10816527844,
        "name": "Bhagabanpur",
        "place": "suburb"
      }
    },
    {
      "type": "Feature",
      "geometry": {
        "type": "Point",
        "coordinates": [
          88.4348253,
          22.1439897
        ]
      },
      "properties": {
        "osm_id": 10816528123,
        "name": "Paschim Ranaghat",
        "place": "suburb"
      }
    },
    {
      "type": "Feature",
      "geometry": {
        "type": "Point",
        "coordinates": [
          88.3066173,
          22.0231887
        ]
      },
      "properties": {
        "osm_id": 10816531193,
        "name": "Dakshin Janardanpur",
        "place": "suburb"
      }
    },
    {
      "type": "Feature",
      "geometry": {
        "type": "Point",
        "coordinates": [
          88.3007826,
          22.0006306
        ]
      },
      "properties": {
        "osm_id": 10816531195,
        "name": "Kandarpapur",
        "place": "suburb"
      }
    },
    {
      "type": "Feature",
      "geometry": {
        "type": "Point",
        "coordinates": [
          88.311637,
          22.0099366
        ]
      },
      "properties": {
        "osm_id": 10816533439,
        "name": "Dakshin Harindanga",
        "place": "suburb"
      }
    },
    {
      "type": "Feature",
      "geometry": {
        "type": "Point",
        "coordinates": [
          88.4555866,
          22.1041872
        ]
      },
      "properties": {
        "osm_id": 10816543390,
        "name": "Nalua",
        "place": "suburb"
      }
    },
    {
      "type": "Feature",
      "geometry": {
        "type": "Point",
        "coordinates": [
          88.3140753,
          22.0311019
        ]
      },
      "properties": {
        "osm_id": 10816545444,
        "name": "Bhimnagar",
        "place": "suburb"
      }
    },
    {
      "type": "Feature",
      "geometry": {
        "type": "Point",
        "coordinates": [
          88.3436216,
          21.9989663
        ]
      },
      "properties": {
        "osm_id": 10816551222,
        "name": "Amirpur",
        "place": "suburb"
      }
    },
    {
      "type": "Feature",
      "geometry": {
        "type": "Point",
        "coordinates": [
          88.3530563,
          22.0058074
        ]
      },
      "properties": {
        "osm_id": 10816551520,
        "name": "Banshtala Baraghari",
        "place": "suburb"
      }
    },
    {
      "type": "Feature",
      "geometry": {
        "type": "Point",
        "coordinates": [
          88.3385573,
          22.0092961
        ]
      },
      "properties": {
        "osm_id": 10816552071,
        "name": "Paylabhagabanpur",
        "place": "suburb"
      }
    },
    {
      "type": "Feature",
      "geometry": {
        "type": "Point",
        "coordinates": [
          88.3744526,
          22.1362938
        ]
      },
      "properties": {
        "osm_id": 10816553431,
        "name": "Basudebpur",
        "place": "suburb"
      }
    },
    {
      "type": "Feature",
      "geometry": {
        "type": "Point",
        "coordinates": [
          88.3432683,
          22.0258888
        ]
      },
      "properties": {
        "osm_id": 10816556942,
        "name": "Abad Bhagabanpur",
        "place": "suburb"
      }
    },
    {
      "type": "Feature",
      "geometry": {
        "type": "Point",
        "coordinates": [
          88.3129396,
          22.02091
        ]
      },
      "properties": {
        "osm_id": 10816562705,
        "name": "Birampur",
        "place": "suburb"
      }
    },
    {
      "type": "Feature",
      "geometry": {
        "type": "Point",
        "coordinates": [
          88.3081666,
          22.0330288
        ]
      },
      "properties": {
        "osm_id": 10816564835,
        "name": "Fauzpur",
        "place": "suburb"
      }
    },
    {
      "type": "Feature",
      "geometry": {
        "type": "Point",
        "coordinates": [
          88.3773126,
          22.1092099
        ]
      },
      "properties": {
        "osm_id": 10816567477,
        "name": "Bhagabatipur",
        "place": "suburb"
      }
    },
    {
      "type": "Feature",
      "geometry": {
        "type": "Point",
        "coordinates": [
          88.3123699,
          22.0017885
        ]
      },
      "properties": {
        "osm_id": 10816568990,
        "name": "Kismatsarasberia",
        "place": "suburb"
      }
    },
    {
      "type": "Feature",
      "geometry": {
        "type": "Point",
        "coordinates": [
          88.3936726,
          22.10474
        ]
      },
      "properties": {
        "osm_id": 10816569268,
        "name": "Ramkrishnapur",
        "place": "suburb"
      }
    },
    {
      "type": "Feature",
      "geometry": {
        "type": "Point",
        "coordinates": [
          88.301477,
          22.013256
        ]
      },
      "properties": {
        "osm_id": 10816570073,
        "name": "Sankarpur",
        "place": "suburb"
      }
    },
    {
      "type": "Feature",
      "geometry": {
        "type": "Point",
        "coordinates": [
          88.3864906,
          22.1134902
        ]
      },
      "properties": {
        "osm_id": 10816576562,
        "name": "Gopinathpur",
        "place": "suburb"
      }
    },
    {
      "type": "Feature",
      "geometry": {
        "type": "Point",
        "coordinates": [
          88.3424087,
          22.038686
        ]
      },
      "properties": {
        "osm_id": 10816579552,
        "name": "Chak Bhagabanpur",
        "place": "suburb"
      }
    },
    {
      "type": "Feature",
      "geometry": {
        "type": "Point",
        "coordinates": [
          88.3819803,
          22.1047763
        ]
      },
      "properties": {
        "osm_id": 10816584634,
        "name": "Ramjibanpur",
        "place": "suburb"
      }
    },
    {
      "type": "Feature",
      "geometry": {
        "type": "Point",
        "coordinates": [
          88.3786263,
          22.1177878
        ]
      },
      "properties": {
        "osm_id": 10816584637,
        "name": "Uttar Gangadharpur",
        "place": "suburb"
      }
    },
    {
      "type": "Feature",
      "geometry": {
        "type": "Point",
        "coordinates": [
          88.387064,
          22.1015197
        ]
      },
      "properties": {
        "osm_id": 10816594816,
        "name": "Uttar Madhusudanpur",
        "place": "suburb"
      }
    },
    {
      "type": "Feature",
      "geometry": {
        "type": "Point",
        "coordinates": [
          88.3745163,
          22.1018905
        ]
      },
      "properties": {
        "osm_id": 10816641893,
        "name": "Rajpur",
        "place": "suburb"
      }
    },
    {
      "type": "Feature",
      "geometry": {
        "type": "Point",
        "coordinates": [
          88.3718463,
          22.1265066
        ]
      },
      "properties": {
        "osm_id": 10816646495,
        "name": "Muraripur",
        "place": "suburb"
      }
    },
    {
      "type": "Feature",
      "geometry": {
        "type": "Point",
        "coordinates": [
          88.3218963,
          22.0203263
        ]
      },
      "properties": {
        "osm_id": 10816655192,
        "name": "Raghudebpur",
        "place": "suburb"
      }
    },
    {
      "type": "Feature",
      "geometry": {
        "type": "Point",
        "coordinates": [
          88.3714656,
          22.121039
        ]
      },
      "properties": {
        "osm_id": 10816663765,
        "name": "Ramjibannagar",
        "place": "suburb"
      }
    },
    {
      "type": "Feature",
      "geometry": {
        "type": "Point",
        "coordinates": [
          88.381953,
          22.1387967
        ]
      },
      "properties": {
        "osm_id": 10816664515,
        "name": "Rambati",
        "place": "suburb"
      }
    },
    {
      "type": "Feature",
      "geometry": {
        "type": "Point",
        "coordinates": [
          88.361845,
          22.11658
        ]
      },
      "properties": {
        "osm_id": 10816664516,
        "name": "Sekhpur",
        "place": "suburb"
      }
    },
    {
      "type": "Feature",
      "geometry": {
        "type": "Point",
        "coordinates": [
          88.379069,
          22.0989872
        ]
      },
      "properties": {
        "osm_id": 10816666080,
        "name": "Daulatabad",
        "place": "suburb"
      }
    },
    {
      "type": "Feature",
      "geometry": {
        "type": "Point",
        "coordinates": [
          88.3703746,
          22.1118297
        ]
      },
      "properties": {
        "osm_id": 10816669226,
        "name": "Noabad",
        "place": "suburb"
      }
    },
    {
      "type": "Feature",
      "geometry": {
        "type": "Point",
        "coordinates": [
          88.3619026,
          22.1313173
        ]
      },
      "properties": {
        "osm_id": 10816669422,
        "name": "Gunjirpur",
        "place": "suburb"
      }
    },
    {
      "type": "Feature",
      "geometry": {
        "type": "Point",
        "coordinates": [
          88.3546693,
          22.1162583
        ]
      },
      "properties": {
        "osm_id": 10816670706,
        "name": "Harekrishnapur",
        "place": "suburb"
      }
    },
    {
      "type": "Feature",
      "geometry": {
        "type": "Point",
        "coordinates": [
          88.3700733,
          22.1172694
        ]
      },
      "properties": {
        "osm_id": 10816670720,
        "name": "Tajpur",
        "place": "suburb"
      }
    },
    {
      "type": "Feature",
      "geometry": {
        "type": "Point",
        "coordinates": [
          88.357503,
          22.1221821
        ]
      },
      "properties": {
        "osm_id": 10816672130,
        "name": "Uttar Gobindapur",
        "place": "suburb"
      }
    },
    {
      "type": "Feature",
      "geometry": {
        "type": "Point",
        "coordinates": [
          88.3847527,
          22.1274963
        ]
      },
      "properties": {
        "osm_id": 10816676769,
        "name": "Sitagachhi",
        "place": "suburb"
      }
    },
    {
      "type": "Feature",
      "geometry": {
        "type": "Point",
        "coordinates": [
          88.3779946,
          22.1243088
        ]
      },
      "properties": {
        "osm_id": 10816685634,
        "name": "Uttar Janardanpur",
        "place": "suburb"
      }
    },
    {
      "type": "Feature",
      "geometry": {
        "type": "Point",
        "coordinates": [
          88.3874133,
          22.1226974
        ]
      },
      "properties": {
        "osm_id": 10816685649,
        "name": "Uttar Ramnagar",
        "place": "suburb"
      }
    },
    {
      "type": "Feature",
      "geometry": {
        "type": "Point",
        "coordinates": [
          88.378946,
          22.1311085
        ]
      },
      "properties": {
        "osm_id": 10816689519,
        "name": "Uttar Shibpur",
        "place": "suburb"
      }
    },
    {
      "type": "Feature",
      "geometry": {
        "type": "Point",
        "coordinates": [
          88.4327066,
          22.0767716
        ]
      },
      "properties": {
        "osm_id": 10819884851,
        "name": "Khari",
        "place": "suburb"
      }
    },
    {
      "type": "Feature",
      "geometry": {
        "type": "Point",
        "coordinates": [
          88.384622,
          22.0009709
        ]
      },
      "properties": {
        "osm_id": 10819889227,
        "name": "Chaplarkhop",
        "place": "suburb"
      }
    },
    {
      "type": "Feature",
      "geometry": {
        "type": "Point",
        "coordinates": [
          88.4060123,
          22.0247767
        ]
      },
      "properties": {
        "osm_id": 10819894212,
        "name": "Dighirpar Bakultala",
        "place": "suburb"
      }
    },
    {
      "type": "Feature",
      "geometry": {
        "type": "Point",
        "coordinates": [
          88.4651873,
          21.9806879
        ]
      },
      "properties": {
        "osm_id": 10819894213,
        "name": "Kankandighi",
        "place": "suburb"
      }
    },
    {
      "type": "Feature",
      "geometry": {
        "type": "Point",
        "coordinates": [
          88.4455016,
          22.0702467
        ]
      },
      "properties": {
        "osm_id": 10819896031,
        "name": "Gilarchat",
        "place": "suburb"
      }
    },
    {
      "type": "Feature",
      "geometry": {
        "type": "Point",
        "coordinates": [
          88.4953387,
          21.9808363
        ]
      },
      "properties": {
        "osm_id": 10819904652,
        "name": "Purba Jatar Deul",
        "place": "suburb"
      }
    },
    {
      "type": "Feature",
      "geometry": {
        "type": "Point",
        "coordinates": [
          88.4838199,
          21.9939567
        ]
      },
      "properties": {
        "osm_id": 10819911298,
        "name": "Paschim Jatar Deul",
        "place": "suburb"
      }
    },
    {
      "type": "Feature",
      "geometry": {
        "type": "Point",
        "coordinates": [
          88.3940816,
          22.0607499
        ]
      },
      "properties": {
        "osm_id": 10819915729,
        "name": "Kautala",
        "place": "suburb"
      }
    },
    {
      "type": "Feature",
      "geometry": {
        "type": "Point",
        "coordinates": [
          88.382911,
          22.0521
        ]
      },
      "properties": {
        "osm_id": 10819919273,
        "name": "Istaranpur",
        "place": "suburb"
      }
    },
    {
      "type": "Feature",
      "geometry": {
        "type": "Point",
        "coordinates": [
          88.4037636,
          22.0898581
        ]
      },
      "properties": {
        "osm_id": 10819922445,
        "name": "Uttar Kashinagar",
        "place": "suburb"
      }
    },
    {
      "type": "Feature",
      "geometry": {
        "type": "Point",
        "coordinates": [
          88.440542,
          21.9187781
        ]
      },
      "properties": {
        "osm_id": 10819924336,
        "name": "Jagannath Chak",
        "place": "suburb"
      }
    },
    {
      "type": "Feature",
      "geometry": {
        "type": "Point",
        "coordinates": [
          88.4344987,
          21.9728079
        ]
      },
      "properties": {
        "osm_id": 10819925572,
        "name": "Kumarapara",
        "place": "suburb"
      }
    },
    {
      "type": "Feature",
      "geometry": {
        "type": "Point",
        "coordinates": [
          88.4834436,
          21.95633
        ]
      },
      "properties": {
        "osm_id": 10819925578,
        "name": "Baradanagar",
        "place": "suburb"
      }
    },
    {
      "type": "Feature",
      "geometry": {
        "type": "Point",
        "coordinates": [
          88.4718863,
          21.9132806
        ]
      },
      "properties": {
        "osm_id": 10819932117,
        "name": "Damkal",
        "place": "suburb"
      }
    },
    {
      "type": "Feature",
      "geometry": {
        "type": "Point",
        "coordinates": [
          88.419734,
          22.0912512
        ]
      },
      "properties": {
        "osm_id": 10819932327,
        "name": "Madpur",
        "place": "suburb"
      }
    },
    {
      "type": "Feature",
      "geometry": {
        "type": "Point",
        "coordinates": [
          88.4706146,
          21.9323769
        ]
      },
      "properties": {
        "osm_id": 10819933202,
        "name": "Nagendrapur",
        "place": "suburb"
      }
    },
    {
      "type": "Feature",
      "geometry": {
        "type": "Point",
        "coordinates": [
          88.4258723,
          21.9505296
        ]
      },
      "properties": {
        "osm_id": 10819935403,
        "name": "Naranpur",
        "place": "suburb"
      }
    },
    {
      "type": "Feature",
      "geometry": {
        "type": "Point",
        "coordinates": [
          88.4223798,
          21.9171209
        ]
      },
      "properties": {
        "osm_id": 10819936860,
        "name": "Kailaspur",
        "place": "suburb"
      }
    },
    {
      "type": "Feature",
      "geometry": {
        "type": "Point",
        "coordinates": [
          88.4933703,
          21.9310218
        ]
      },
      "properties": {
        "osm_id": 10819937510,
        "name": "Purba Shridharpur",
        "place": "suburb"
      }
    },
    {
      "type": "Feature",
      "geometry": {
        "type": "Point",
        "coordinates": [
          88.4039303,
          21.9006687
        ]
      },
      "properties": {
        "osm_id": 10819941384,
        "name": "Mahabatnagar",
        "place": "suburb"
      }
    },
    {
      "type": "Feature",
      "geometry": {
        "type": "Point",
        "coordinates": [
          88.402445,
          21.9620086
        ]
      },
      "properties": {
        "osm_id": 10819944181,
        "name": "Dakshin Jaykrishnapur",
        "place": "suburb"
      }
    },
    {
      "type": "Feature",
      "geometry": {
        "type": "Point",
        "coordinates": [
          88.4122883,
          21.9395301
        ]
      },
      "properties": {
        "osm_id": 10819946747,
        "name": "Nandakumarpur",
        "place": "suburb"
      }
    },
    {
      "type": "Feature",
      "geometry": {
        "type": "Point",
        "coordinates": [
          88.4459053,
          22.0257561
        ]
      },
      "properties": {
        "osm_id": 10819946749,
        "name": "Baribhanga Abad",
        "place": "suburb"
      }
    },
    {
      "type": "Feature",
      "geometry": {
        "type": "Point",
        "coordinates": [
          88.436135,
          21.9300578
        ]
      },
      "properties": {
        "osm_id": 10819947118,
        "name": "Madhusudan Chak",
        "place": "suburb"
      }
    },
    {
      "type": "Feature",
      "geometry": {
        "type": "Point",
        "coordinates": [
          88.4334472,
          21.9392394
        ]
      },
      "properties": {
        "osm_id": 10819955057,
        "name": "Narendrapur",
        "place": "suburb"
      }
    },
    {
      "type": "Feature",
      "geometry": {
        "type": "Point",
        "coordinates": [
          88.4791146,
          22.061769
        ]
      },
      "properties": {
        "osm_id": 10819960218,
        "name": "Radhakantapur Abad",
        "place": "suburb"
      }
    },
    {
      "type": "Feature",
      "geometry": {
        "type": "Point",
        "coordinates": [
          88.1323496,
          22.3185297
        ]
      },
      "properties": {
        "osm_id": 10821113455,
        "name": "Mahirampur",
        "place": "suburb"
      }
    },
    {
      "type": "Feature",
      "geometry": {
        "type": "Point",
        "coordinates": [
          88.2418777,
          22.302309
        ]
      },
      "properties": {
        "osm_id": 10821113588,
        "name": "Banganagar",
        "place": "suburb"
      }
    },
    {
      "type": "Feature",
      "geometry": {
        "type": "Point",
        "coordinates": [
          88.265423,
          22.2912672
        ]
      },
      "properties": {
        "osm_id": 10821117801,
        "name": "Ausbaria",
        "place": "suburb"
      }
    },
    {
      "type": "Feature",
      "geometry": {
        "type": "Point",
        "coordinates": [
          88.2688286,
          22.262813
        ]
      },
      "properties": {
        "osm_id": 10821123103,
        "name": "Kalaria",
        "place": "suburb"
      }
    },
    {
      "type": "Feature",
      "geometry": {
        "type": "Point",
        "coordinates": [
          88.2477523,
          22.2790301
        ]
      },
      "properties": {
        "osm_id": 10821131380,
        "name": "Niyogirat",
        "place": "suburb"
      }
    },
    {
      "type": "Feature",
      "geometry": {
        "type": "Point",
        "coordinates": [
          88.2333716,
          22.3225708
        ]
      },
      "properties": {
        "osm_id": 10821134758,
        "name": "Kasirampur",
        "place": "suburb"
      }
    },
    {
      "type": "Feature",
      "geometry": {
        "type": "Point",
        "coordinates": [
          88.2225873,
          22.3294378
        ]
      },
      "properties": {
        "osm_id": 10821136353,
        "name": "Amarpur",
        "place": "suburb"
      }
    },
    {
      "type": "Feature",
      "geometry": {
        "type": "Point",
        "coordinates": [
          88.1659406,
          22.3033269
        ]
      },
      "properties": {
        "osm_id": 10821136598,
        "name": "Paschim Durgapur",
        "place": "suburb"
      }
    },
    {
      "type": "Feature",
      "geometry": {
        "type": "Point",
        "coordinates": [
          88.2185189,
          22.3238206
        ]
      },
      "properties": {
        "osm_id": 10821137962,
        "name": "Jadabbati",
        "place": "suburb"
      }
    },
    {
      "type": "Feature",
      "geometry": {
        "type": "Point",
        "coordinates": [
          88.2490573,
          22.2712579
        ]
      },
      "properties": {
        "osm_id": 10821139321,
        "name": "Chaluary",
        "place": "suburb"
      }
    },
    {
      "type": "Feature",
      "geometry": {
        "type": "Point",
        "coordinates": [
          88.2620383,
          22.282237
        ]
      },
      "properties": {
        "osm_id": 10821139324,
        "name": "Sibpur",
        "place": "suburb"
      }
    },
    {
      "type": "Feature",
      "geometry": {
        "type": "Point",
        "coordinates": [
          88.2454173,
          22.3207468
        ]
      },
      "properties": {
        "osm_id": 10821140270,
        "name": "Zafarpur",
        "place": "suburb"
      }
    },
    {
      "type": "Feature",
      "geometry": {
        "type": "Point",
        "coordinates": [
          88.217124,
          22.3166399
        ]
      },
      "properties": {
        "osm_id": 10821143296,
        "name": "Gobindapur",
        "place": "suburb"
      }
    },
    {
      "type": "Feature",
      "geometry": {
        "type": "Point",
        "coordinates": [
          88.2229861,
          22.3166422
        ]
      },
      "properties": {
        "osm_id": 10821145470,
        "name": "Ghanasyampur",
        "place": "suburb"
      }
    },
    {
      "type": "Feature",
      "geometry": {
        "type": "Point",
        "coordinates": [
          88.141612,
          22.3032353
        ]
      },
      "properties": {
        "osm_id": 10821145471,
        "name": "Jagannathpur",
        "place": "suburb"
      }
    },
    {
      "type": "Feature",
      "geometry": {
        "type": "Point",
        "coordinates": [
          88.1336823,
          22.3135265
        ]
      },
      "properties": {
        "osm_id": 10821145710,
        "name": "Rasulpur",
        "place": "suburb"
      }
    },
    {
      "type": "Feature",
      "geometry": {
        "type": "Point",
        "coordinates": [
          88.1506713,
          22.2939287
        ]
      },
      "properties": {
        "osm_id": 10821146134,
        "name": "Barhay Batpur",
        "place": "suburb"
      }
    },
    {
      "type": "Feature",
      "geometry": {
        "type": "Point",
        "coordinates": [
          88.1935635,
          22.3110857
        ]
      },
      "properties": {
        "osm_id": 10821147787,
        "name": "Jangalia",
        "place": "suburb"
      }
    },
    {
      "type": "Feature",
      "geometry": {
        "type": "Point",
        "coordinates": [
          88.1980096,
          22.3223975
        ]
      },
      "properties": {
        "osm_id": 10821147788,
        "name": "Jhumnia",
        "place": "suburb"
      }
    },
    {
      "type": "Feature",
      "geometry": {
        "type": "Point",
        "coordinates": [
          88.1459896,
          22.3102945
        ]
      },
      "properties": {
        "osm_id": 10821148413,
        "name": "Banki",
        "place": "suburb"
      }
    },
    {
      "type": "Feature",
      "geometry": {
        "type": "Point",
        "coordinates": [
          88.1902073,
          22.3155935
        ]
      },
      "properties": {
        "osm_id": 10821148601,
        "name": "Laskarpur",
        "place": "suburb"
      }
    },
    {
      "type": "Feature",
      "geometry": {
        "type": "Point",
        "coordinates": [
          88.245424,
          22.2861169
        ]
      },
      "properties": {
        "osm_id": 10821152024,
        "name": "Benapur",
        "place": "suburb"
      }
    },
    {
      "type": "Feature",
      "geometry": {
        "type": "Point",
        "coordinates": [
          88.1311046,
          22.3018678
        ]
      },
      "properties": {
        "osm_id": 10821152649,
        "name": "Ishwaripur",
        "place": "suburb"
      }
    },
    {
      "type": "Feature",
      "geometry": {
        "type": "Point",
        "coordinates": [
          88.2553243,
          22.2927903
        ]
      },
      "properties": {
        "osm_id": 10821156048,
        "name": "Gotra",
        "place": "suburb"
      }
    },
    {
      "type": "Feature",
      "geometry": {
        "type": "Point",
        "coordinates": [
          88.1374696,
          22.3092659
        ]
      },
      "properties": {
        "osm_id": 10821158213,
        "name": "Sujapur",
        "place": "suburb"
      }
    },
    {
      "type": "Feature",
      "geometry": {
        "type": "Point",
        "coordinates": [
          88.209366,
          22.321717
        ]
      },
      "properties": {
        "osm_id": 10821158838,
        "name": "Hangarghata Harishpur",
        "place": "suburb"
      }
    },
    {
      "type": "Feature",
      "geometry": {
        "type": "Point",
        "coordinates": [
          88.1480993,
          22.3003324
        ]
      },
      "properties": {
        "osm_id": 10821159163,
        "name": "Belsingha",
        "place": "suburb"
      }
    },
    {
      "type": "Feature",
      "geometry": {
        "type": "Point",
        "coordinates": [
          88.2608826,
          22.2759878
        ]
      },
      "properties": {
        "osm_id": 10821160975,
        "name": "Durbarat",
        "place": "suburb"
      }
    },
    {
      "type": "Feature",
      "geometry": {
        "type": "Point",
        "coordinates": [
          88.2520043,
          22.2850307
        ]
      },
      "properties": {
        "osm_id": 10821160980,
        "name": "Kotaldanga",
        "place": "suburb"
      }
    },
    {
      "type": "Feature",
      "geometry": {
        "type": "Point",
        "coordinates": [
          88.1574663,
          22.3083187
        ]
      },
      "properties": {
        "osm_id": 10821161809,
        "name": "Nityanandapur",
        "place": "suburb"
      }
    },
    {
      "type": "Feature",
      "geometry": {
        "type": "Point",
        "coordinates": [
          88.2294146,
          22.2974168
        ]
      },
      "properties": {
        "osm_id": 10821162102,
        "name": "Katakhali",
        "place": "suburb"
      }
    },
    {
      "type": "Feature",
      "geometry": {
        "type": "Point",
        "coordinates": [
          88.1874379,
          22.3059271
        ]
      },
      "properties": {
        "osm_id": 10821162257,
        "name": "Baldari",
        "place": "suburb"
      }
    },
    {
      "type": "Feature",
      "geometry": {
        "type": "Point",
        "coordinates": [
          88.2006626,
          22.3159205
        ]
      },
      "properties": {
        "osm_id": 10821162791,
        "name": "Achanda",
        "place": "suburb"
      }
    },
    {
      "type": "Feature",
      "geometry": {
        "type": "Point",
        "coordinates": [
          88.2163203,
          22.2952675
        ]
      },
      "properties": {
        "osm_id": 10821162792,
        "name": "Alambibi Ramnagar",
        "place": "suburb"
      }
    },
    {
      "type": "Feature",
      "geometry": {
        "type": "Point",
        "coordinates": [
          88.215425,
          22.2986662
        ]
      },
      "properties": {
        "osm_id": 10821163230,
        "name": "Digra",
        "place": "suburb"
      }
    },
    {
      "type": "Feature",
      "geometry": {
        "type": "Point",
        "coordinates": [
          88.1587685,
          22.2980278
        ]
      },
      "properties": {
        "osm_id": 10821163609,
        "name": "Srirampur",
        "place": "suburb"
      }
    },
    {
      "type": "Feature",
      "geometry": {
        "type": "Point",
        "coordinates": [
          88.2293416,
          22.3015313
        ]
      },
      "properties": {
        "osm_id": 10821165995,
        "name": "Rameshwarbati",
        "place": "suburb"
      }
    },
    {
      "type": "Feature",
      "geometry": {
        "type": "Point",
        "coordinates": [
          88.2606873,
          22.2647802
        ]
      },
      "properties": {
        "osm_id": 10821167510,
        "name": "Mayna",
        "place": "suburb"
      }
    },
    {
      "type": "Feature",
      "geometry": {
        "type": "Point",
        "coordinates": [
          88.2168033,
          22.307871
        ]
      },
      "properties": {
        "osm_id": 10821168571,
        "name": "Baichbere",
        "place": "suburb"
      }
    },
    {
      "type": "Feature",
      "geometry": {
        "type": "Point",
        "coordinates": [
          88.1409033,
          22.2933872
        ]
      },
      "properties": {
        "osm_id": 10821168578,
        "name": "Punya",
        "place": "suburb"
      }
    },
    {
      "type": "Feature",
      "geometry": {
        "type": "Point",
        "coordinates": [
          88.215933,
          22.3022376
        ]
      },
      "properties": {
        "osm_id": 10821169798,
        "name": "Bhagabanpur",
        "place": "suburb"
      }
    },
    {
      "type": "Feature",
      "geometry": {
        "type": "Point",
        "coordinates": [
          88.2000736,
          22.299789
        ]
      },
      "properties": {
        "osm_id": 10821170632,
        "name": "Basudebpur",
        "place": "suburb"
      }
    },
    {
      "type": "Feature",
      "geometry": {
        "type": "Point",
        "coordinates": [
          88.118615,
          22.3128579
        ]
      },
      "properties": {
        "osm_id": 10821170934,
        "name": "Chak Dhanumandal Krishnarambasu",
        "place": "suburb"
      }
    },
    {
      "type": "Feature",
      "geometry": {
        "type": "Point",
        "coordinates": [
          88.2625976,
          22.2711475
        ]
      },
      "properties": {
        "osm_id": 10821172858,
        "name": "Ramrampur",
        "place": "suburb"
      }
    },
    {
      "type": "Feature",
      "geometry": {
        "type": "Point",
        "coordinates": [
          88.2136826,
          22.3113057
        ]
      },
      "properties": {
        "osm_id": 10821175774,
        "name": "Sri Dharat",
        "place": "suburb"
      }
    },
    {
      "type": "Feature",
      "geometry": {
        "type": "Point",
        "coordinates": [
          88.2027369,
          22.3263349
        ]
      },
      "properties": {
        "osm_id": 10821180002,
        "name": "Lakhna Gangadharpur",
        "place": "suburb"
      }
    },
    {
      "type": "Feature",
      "geometry": {
        "type": "Point",
        "coordinates": [
          88.1953203,
          22.29697
        ]
      },
      "properties": {
        "osm_id": 10821180003,
        "name": "Majlisur",
        "place": "suburb"
      }
    },
    {
      "type": "Feature",
      "geometry": {
        "type": "Point",
        "coordinates": [
          88.1580776,
          22.3139356
        ]
      },
      "properties": {
        "osm_id": 10821180457,
        "name": "Budhagram",
        "place": "suburb"
      }
    },
    {
      "type": "Feature",
      "geometry": {
        "type": "Point",
        "coordinates": [
          88.2042499,
          22.3078782
        ]
      },
      "properties": {
        "osm_id": 10821183518,
        "name": "Debipur",
        "place": "suburb"
      }
    },
    {
      "type": "Feature",
      "geometry": {
        "type": "Point",
        "coordinates": [
          88.241053,
          22.2658371
        ]
      },
      "properties": {
        "osm_id": 10821184362,
        "name": "Rantan",
        "place": "suburb"
      }
    },
    {
      "type": "Feature",
      "geometry": {
        "type": "Point",
        "coordinates": [
          88.1939173,
          22.3042853
        ]
      },
      "properties": {
        "osm_id": 10821184608,
        "name": "Gharulia",
        "place": "suburb"
      }
    },
    {
      "type": "Feature",
      "geometry": {
        "type": "Point",
        "coordinates": [
          88.190283,
          22.292188
        ]
      },
      "properties": {
        "osm_id": 10821188677,
        "name": "Jagala Ballabhpur",
        "place": "suburb"
      }
    },
    {
      "type": "Feature",
      "geometry": {
        "type": "Point",
        "coordinates": [
          88.142023,
          22.2872384
        ]
      },
      "properties": {
        "osm_id": 10821190478,
        "name": "Neoda",
        "place": "suburb"
      }
    },
    {
      "type": "Feature",
      "geometry": {
        "type": "Point",
        "coordinates": [
          88.1271073,
          22.2955103
        ]
      },
      "properties": {
        "osm_id": 10821193583,
        "name": "Bhatuli",
        "place": "suburb"
      }
    },
    {
      "type": "Feature",
      "geometry": {
        "type": "Point",
        "coordinates": [
          88.1310856,
          22.2899672
        ]
      },
      "properties": {
        "osm_id": 10821194316,
        "name": "Sahara",
        "place": "suburb"
      }
    },
    {
      "type": "Feature",
      "geometry": {
        "type": "Point",
        "coordinates": [
          88.1102806,
          22.3007772
        ]
      },
      "properties": {
        "osm_id": 10821195958,
        "name": "Basulat",
        "place": "suburb"
      }
    },
    {
      "type": "Feature",
      "geometry": {
        "type": "Point",
        "coordinates": [
          88.228134,
          22.2680369
        ]
      },
      "properties": {
        "osm_id": 10821197759,
        "name": "Sasan",
        "place": "suburb"
      }
    },
    {
      "type": "Feature",
      "geometry": {
        "type": "Point",
        "coordinates": [
          88.229825,
          22.3078267
        ]
      },
      "properties": {
        "osm_id": 10821198006,
        "name": "Garkhali",
        "place": "suburb"
      }
    },
    {
      "type": "Feature",
      "geometry": {
        "type": "Point",
        "coordinates": [
          88.2228533,
          22.2728595
        ]
      },
      "properties": {
        "osm_id": 10821198257,
        "name": "Tajpur",
        "place": "suburb"
      }
    },
    {
      "type": "Feature",
      "geometry": {
        "type": "Point",
        "coordinates": [
          88.1167016,
          22.293607
        ]
      },
      "properties": {
        "osm_id": 10821200781,
        "name": "Chandideul",
        "place": "suburb"
      }
    },
    {
      "type": "Feature",
      "geometry": {
        "type": "Point",
        "coordinates": [
          88.2229781,
          22.2838686
        ]
      },
      "properties": {
        "osm_id": 10821201257,
        "name": "Gazipur",
        "place": "suburb"
      }
    },
    {
      "type": "Feature",
      "geometry": {
        "type": "Point",
        "coordinates": [
          88.2326806,
          22.274849
        ]
      },
      "properties": {
        "osm_id": 10821201258,
        "name": "Pikhira",
        "place": "suburb"
      }
    },
    {
      "type": "Feature",
      "geometry": {
        "type": "Point",
        "coordinates": [
          88.1085486,
          22.310881
        ]
      },
      "properties": {
        "osm_id": 10821201918,
        "name": "Shyamsundarpur",
        "place": "suburb"
      }
    },
    {
      "type": "Feature",
      "geometry": {
        "type": "Point",
        "coordinates": [
          88.223972,
          22.2923603
        ]
      },
      "properties": {
        "osm_id": 10821211371,
        "name": "Barabere",
        "place": "suburb"
      }
    },
    {
      "type": "Feature",
      "geometry": {
        "type": "Point",
        "coordinates": [
          88.2129556,
          22.2750987
        ]
      },
      "properties": {
        "osm_id": 10821212093,
        "name": "Dostapur",
        "place": "suburb"
      }
    },
    {
      "type": "Feature",
      "geometry": {
        "type": "Point",
        "coordinates": [
          88.2244663,
          22.3115376
        ]
      },
      "properties": {
        "osm_id": 10821213425,
        "name": "Kaikhali",
        "place": "suburb"
      }
    },
    {
      "type": "Feature",
      "geometry": {
        "type": "Point",
        "coordinates": [
          88.141591,
          22.3355343
        ]
      },
      "properties": {
        "osm_id": 10821213595,
        "name": "Asta",
        "place": "suburb"
      }
    },
    {
      "type": "Feature",
      "geometry": {
        "type": "Point",
        "coordinates": [
          88.1631486,
          22.3357203
        ]
      },
      "properties": {
        "osm_id": 10821214282,
        "name": "Tripurapur",
        "place": "suburb"
      }
    },
    {
      "type": "Feature",
      "geometry": {
        "type": "Point",
        "coordinates": [
          88.1549943,
          22.3413742
        ]
      },
      "properties": {
        "osm_id": 10821214468,
        "name": "Jamira",
        "place": "suburb"
      }
    },
    {
      "type": "Feature",
      "geometry": {
        "type": "Point",
        "coordinates": [
          88.1651093,
          22.3463593
        ]
      },
      "properties": {
        "osm_id": 10821220422,
        "name": "Doluipur",
        "place": "suburb"
      }
    },
    {
      "type": "Feature",
      "geometry": {
        "type": "Point",
        "coordinates": [
          88.2383246,
          22.272639
        ]
      },
      "properties": {
        "osm_id": 10821222713,
        "name": "Purba Gopalpur",
        "place": "suburb"
      }
    },
    {
      "type": "Feature",
      "geometry": {
        "type": "Point",
        "coordinates": [
          88.1426263,
          22.3302291
        ]
      },
      "properties": {
        "osm_id": 10821224210,
        "name": "Chaka",
        "place": "suburb"
      }
    },
    {
      "type": "Feature",
      "geometry": {
        "type": "Point",
        "coordinates": [
          88.2181589,
          22.2827381
        ]
      },
      "properties": {
        "osm_id": 10821227878,
        "name": "Purba Durgapur",
        "place": "suburb"
      }
    },
    {
      "type": "Feature",
      "geometry": {
        "type": "Point",
        "coordinates": [
          88.1488973,
          22.3170284
        ]
      },
      "properties": {
        "osm_id": 10821228556,
        "name": "Dona",
        "place": "suburb"
      }
    },
    {
      "type": "Feature",
      "geometry": {
        "type": "Point",
        "coordinates": [
          88.1591073,
          22.32475
        ]
      },
      "properties": {
        "osm_id": 10821230028,
        "name": "Badegahara",
        "place": "suburb"
      }
    },
    {
      "type": "Feature",
      "geometry": {
        "type": "Point",
        "coordinates": [
          88.1433523,
          22.3425782
        ]
      },
      "properties": {
        "osm_id": 10821230029,
        "name": "Barasat",
        "place": "suburb"
      }
    },
    {
      "type": "Feature",
      "geometry": {
        "type": "Point",
        "coordinates": [
          88.1388836,
          22.3440076
        ]
      },
      "properties": {
        "osm_id": 10821243056,
        "name": "Krishnapur",
        "place": "suburb"
      }
    },
    {
      "type": "Feature",
      "geometry": {
        "type": "Point",
        "coordinates": [
          88.170663,
          22.3401072
        ]
      },
      "properties": {
        "osm_id": 10821245243,
        "name": "Krishnapur Madhabpur",
        "place": "suburb"
      }
    },
    {
      "type": "Feature",
      "geometry": {
        "type": "Point",
        "coordinates": [
          88.1372506,
          22.3282763
        ]
      },
      "properties": {
        "osm_id": 10821246253,
        "name": "Kalagachhia",
        "place": "suburb"
      }
    },
    {
      "type": "Feature",
      "geometry": {
        "type": "Point",
        "coordinates": [
          88.173731,
          22.3480612
        ]
      },
      "properties": {
        "osm_id": 10821248421,
        "name": "Paik Para",
        "place": "suburb"
      }
    },
    {
      "type": "Feature",
      "geometry": {
        "type": "Point",
        "coordinates": [
          88.161352,
          22.3293975
        ]
      },
      "properties": {
        "osm_id": 10821260289,
        "name": "Narayan Tala",
        "place": "suburb"
      }
    },
    {
      "type": "Feature",
      "geometry": {
        "type": "Point",
        "coordinates": [
          88.1502175,
          22.3294097
        ]
      },
      "properties": {
        "osm_id": 10821269589,
        "name": "Paschim Gopalpur",
        "place": "suburb"
      }
    },
    {
      "type": "Feature",
      "geometry": {
        "type": "Point",
        "coordinates": [
          88.1606485,
          22.3200775
        ]
      },
      "properties": {
        "osm_id": 10821270714,
        "name": "Rukhia",
        "place": "suburb"
      }
    },
    {
      "type": "Feature",
      "geometry": {
        "type": "Point",
        "coordinates": [
          88.1487903,
          22.3485293
        ]
      },
      "properties": {
        "osm_id": 10821271707,
        "name": "Paikan",
        "place": "suburb"
      }
    },
    {
      "type": "Feature",
      "geometry": {
        "type": "Point",
        "coordinates": [
          88.1566693,
          22.3489615
        ]
      },
      "properties": {
        "osm_id": 10821272755,
        "name": "Uttar Sagaria",
        "place": "suburb"
      }
    },
    {
      "type": "Feature",
      "geometry": {
        "type": "Point",
        "coordinates": [
          88.1852016,
          22.2843288
        ]
      },
      "properties": {
        "osm_id": 10821444987,
        "name": "Mulpunja",
        "place": "suburb"
      }
    },
    {
      "type": "Feature",
      "geometry": {
        "type": "Point",
        "coordinates": [
          88.1789683,
          22.2768393
        ]
      },
      "properties": {
        "osm_id": 10821476577,
        "name": "Talanda",
        "place": "suburb"
      }
    },
    {
      "type": "Feature",
      "geometry": {
        "type": "Point",
        "coordinates": [
          88.140212,
          22.3533703
        ]
      },
      "properties": {
        "osm_id": 10821486395,
        "name": "Khord Bakultala",
        "place": "suburb"
      }
    },
    {
      "type": "Feature",
      "geometry": {
        "type": "Point",
        "coordinates": [
          88.2119153,
          22.2893106
        ]
      },
      "properties": {
        "osm_id": 10821489766,
        "name": "Bayaria",
        "place": "suburb"
      }
    },
    {
      "type": "Feature",
      "geometry": {
        "type": "Point",
        "coordinates": [
          88.1791596,
          22.2894709
        ]
      },
      "properties": {
        "osm_id": 10821496847,
        "name": "Hogla",
        "place": "suburb"
      }
    },
    {
      "type": "Feature",
      "geometry": {
        "type": "Point",
        "coordinates": [
          88.1860126,
          22.2987159
        ]
      },
      "properties": {
        "osm_id": 10821497068,
        "name": "Harindanga",
        "place": "suburb"
      }
    },
    {
      "type": "Feature",
      "geometry": {
        "type": "Point",
        "coordinates": [
          88.169133,
          22.2808159
        ]
      },
      "properties": {
        "osm_id": 10821504341,
        "name": "Brihaspatipur",
        "place": "suburb"
      }
    },
    {
      "type": "Feature",
      "geometry": {
        "type": "Point",
        "coordinates": [
          88.1724189,
          22.2967191
        ]
      },
      "properties": {
        "osm_id": 10821507978,
        "name": "Dakshin Sargaria",
        "place": "suburb"
      }
    },
    {
      "type": "Feature",
      "geometry": {
        "type": "Point",
        "coordinates": [
          88.1185506,
          22.3338506
        ]
      },
      "properties": {
        "osm_id": 10821515867,
        "name": "Dakshin Nala",
        "place": "suburb"
      }
    },
    {
      "type": "Feature",
      "geometry": {
        "type": "Point",
        "coordinates": [
          88.1169463,
          22.3450165
        ]
      },
      "properties": {
        "osm_id": 10821523385,
        "name": "Mahadebpur",
        "place": "suburb"
      }
    },
    {
      "type": "Feature",
      "geometry": {
        "type": "Point",
        "coordinates": [
          88.1278663,
          22.3244809
        ]
      },
      "properties": {
        "osm_id": 10821523386,
        "name": "Mallikpur",
        "place": "suburb"
      }
    },
    {
      "type": "Feature",
      "geometry": {
        "type": "Point",
        "coordinates": [
          88.2018843,
          22.2903748
        ]
      },
      "properties": {
        "osm_id": 10821555964,
        "name": "Purba Daulatpur",
        "place": "suburb"
      }
    },
    {
      "type": "Feature",
      "geometry": {
        "type": "Point",
        "coordinates": [
          88.1786189,
          22.3030676
        ]
      },
      "properties": {
        "osm_id": 10821557819,
        "name": "Sahapur Kamalpur",
        "place": "suburb"
      }
    },
    {
      "type": "Feature",
      "geometry": {
        "type": "Point",
        "coordinates": [
          88.1922296,
          22.276059
        ]
      },
      "properties": {
        "osm_id": 10821559122,
        "name": "Narayani",
        "place": "suburb"
      }
    },
    {
      "type": "Feature",
      "geometry": {
        "type": "Point",
        "coordinates": [
          88.2071648,
          22.2833889
        ]
      },
      "properties": {
        "osm_id": 10821560349,
        "name": "Aldadpur",
        "place": "suburb"
      }
    },
    {
      "type": "Feature",
      "geometry": {
        "type": "Point",
        "coordinates": [
          88.2060803,
          22.2735619
        ]
      },
      "properties": {
        "osm_id": 10821560641,
        "name": "Keyat Khanda",
        "place": "suburb"
      }
    },
    {
      "type": "Feature",
      "geometry": {
        "type": "Point",
        "coordinates": [
          88.1952833,
          22.2835815
        ]
      },
      "properties": {
        "osm_id": 10821561072,
        "name": "Kodalia",
        "place": "suburb"
      }
    },
    {
      "type": "Feature",
      "geometry": {
        "type": "Point",
        "coordinates": [
          88.1322643,
          22.3499277
        ]
      },
      "properties": {
        "osm_id": 10821562243,
        "name": "Bakul Tala",
        "place": "suburb"
      }
    },
    {
      "type": "Feature",
      "geometry": {
        "type": "Point",
        "coordinates": [
          88.1135183,
          22.326105
        ]
      },
      "properties": {
        "osm_id": 10821563245,
        "name": "Rajarampur",
        "place": "suburb"
      }
    },
    {
      "type": "Feature",
      "geometry": {
        "type": "Point",
        "coordinates": [
          88.1060319,
          22.3404316
        ]
      },
      "properties": {
        "osm_id": 10821574528,
        "name": "Abad Simulganaja",
        "place": "suburb"
      }
    },
    {
      "type": "Feature",
      "geometry": {
        "type": "Point",
        "coordinates": [
          88.1077729,
          22.3384338
        ]
      },
      "properties": {
        "osm_id": 10821575421,
        "name": "Ahamadpur",
        "place": "suburb"
      }
    },
    {
      "type": "Feature",
      "geometry": {
        "type": "Point",
        "coordinates": [
          88.1422006,
          22.3210172
        ]
      },
      "properties": {
        "osm_id": 10821577220,
        "name": "Pakur Digra",
        "place": "suburb"
      }
    },
    {
      "type": "Feature",
      "geometry": {
        "type": "Point",
        "coordinates": [
          88.121554,
          22.3441896
        ]
      },
      "properties": {
        "osm_id": 10821577221,
        "name": "Paschim Daulatpur",
        "place": "suburb"
      }
    },
    {
      "type": "Feature",
      "geometry": {
        "type": "Point",
        "coordinates": [
          88.122196,
          22.3405572
        ]
      },
      "properties": {
        "osm_id": 10821577764,
        "name": "Guthari",
        "place": "suburb"
      }
    },
    {
      "type": "Feature",
      "geometry": {
        "type": "Point",
        "coordinates": [
          88.1278933,
          22.3367469
        ]
      },
      "properties": {
        "osm_id": 10821577768,
        "name": "Mamudpur",
        "place": "suburb"
      }
    },
    {
      "type": "Feature",
      "geometry": {
        "type": "Point",
        "coordinates": [
          88.1060097,
          22.3567977
        ]
      },
      "properties": {
        "osm_id": 10821578593,
        "name": "Baidya Khali",
        "place": "suburb"
      }
    },
    {
      "type": "Feature",
      "geometry": {
        "type": "Point",
        "coordinates": [
          88.133834,
          22.3226811
        ]
      },
      "properties": {
        "osm_id": 10821580663,
        "name": "Narayan Bere",
        "place": "suburb"
      }
    },
    {
      "type": "Feature",
      "geometry": {
        "type": "Point",
        "coordinates": [
          88.1863113,
          22.3416906
        ]
      },
      "properties": {
        "osm_id": 10821585776,
        "name": "Ponkamra",
        "place": "suburb"
      }
    },
    {
      "type": "Feature",
      "geometry": {
        "type": "Point",
        "coordinates": [
          88.1969612,
          22.3336764
        ]
      },
      "properties": {
        "osm_id": 10821586727,
        "name": "Kantalfuli",
        "place": "suburb"
      }
    },
    {
      "type": "Feature",
      "geometry": {
        "type": "Point",
        "coordinates": [
          88.166852,
          22.3246672
        ]
      },
      "properties": {
        "osm_id": 10821594736,
        "name": "Goa Beria",
        "place": "suburb"
      }
    },
    {
      "type": "Feature",
      "geometry": {
        "type": "Point",
        "coordinates": [
          88.207884,
          22.33527
        ]
      },
      "properties": {
        "osm_id": 10821600191,
        "name": "Malaya Harishpur",
        "place": "suburb"
      }
    },
    {
      "type": "Feature",
      "geometry": {
        "type": "Point",
        "coordinates": [
          88.1702553,
          22.3168118
        ]
      },
      "properties": {
        "osm_id": 10821604082,
        "name": "Ram Lakha",
        "place": "suburb"
      }
    },
    {
      "type": "Feature",
      "geometry": {
        "type": "Point",
        "coordinates": [
          88.119561,
          22.3533201
        ]
      },
      "properties": {
        "osm_id": 10821604927,
        "name": "Pakur Tala",
        "place": "suburb"
      }
    },
    {
      "type": "Feature",
      "geometry": {
        "type": "Point",
        "coordinates": [
          88.1083773,
          22.3471457
        ]
      },
      "properties": {
        "osm_id": 10821606100,
        "name": "Padmapur",
        "place": "suburb"
      }
    },
    {
      "type": "Feature",
      "geometry": {
        "type": "Point",
        "coordinates": [
          88.1836853,
          22.3228075
        ]
      },
      "properties": {
        "osm_id": 10821608812,
        "name": "Dholtikari",
        "place": "suburb"
      }
    },
    {
      "type": "Feature",
      "geometry": {
        "type": "Point",
        "coordinates": [
          88.1239343,
          22.3514064
        ]
      },
      "properties": {
        "osm_id": 10821612613,
        "name": "Sriballabhpur",
        "place": "suburb"
      }
    },
    {
      "type": "Feature",
      "geometry": {
        "type": "Point",
        "coordinates": [
          88.1754876,
          22.3257903
        ]
      },
      "properties": {
        "osm_id": 10821614127,
        "name": "Kalsa",
        "place": "suburb"
      }
    },
    {
      "type": "Feature",
      "geometry": {
        "type": "Point",
        "coordinates": [
          88.179603,
          22.331201
        ]
      },
      "properties": {
        "osm_id": 10821614454,
        "name": "Satal",
        "place": "suburb"
      }
    },
    {
      "type": "Feature",
      "geometry": {
        "type": "Point",
        "coordinates": [
          88.1642523,
          22.3123507
        ]
      },
      "properties": {
        "osm_id": 10821619741,
        "name": "Taragadi",
        "place": "suburb"
      }
    },
    {
      "type": "Feature",
      "geometry": {
        "type": "Point",
        "coordinates": [
          88.189881,
          22.3345303
        ]
      },
      "properties": {
        "osm_id": 10821623242,
        "name": "Noapukhuria",
        "place": "suburb"
      }
    },
    {
      "type": "Feature",
      "geometry": {
        "type": "Point",
        "coordinates": [
          88.1800496,
          22.3394053
        ]
      },
      "properties": {
        "osm_id": 10821623420,
        "name": "Nilambarpur",
        "place": "suburb"
      }
    },
    {
      "type": "Feature",
      "geometry": {
        "type": "Point",
        "coordinates": [
          88.170636,
          22.3327087
        ]
      },
      "properties": {
        "osm_id": 10821640243,
        "name": "Sujagalpur",
        "place": "suburb"
      }
    },
    {
      "type": "Feature",
      "geometry": {
        "type": "Point",
        "coordinates": [
          88.1771246,
          22.3120902
        ]
      },
      "properties": {
        "osm_id": 10821643546,
        "name": "Swet Kalla",
        "place": "suburb"
      }
    },
    {
      "type": "Feature",
      "geometry": {
        "type": "Point",
        "coordinates": [
          88.2660956,
          22.1737076
        ]
      },
      "properties": {
        "osm_id": 10823544987,
        "name": "Ektara",
        "place": "suburb"
      }
    },
    {
      "type": "Feature",
      "geometry": {
        "type": "Point",
        "coordinates": [
          88.2941436,
          22.1891874
        ]
      },
      "properties": {
        "osm_id": 10823550972,
        "name": "Mahishamuri",
        "place": "suburb"
      }
    },
    {
      "type": "Feature",
      "geometry": {
        "type": "Point",
        "coordinates": [
          88.2776706,
          22.2597842
        ]
      },
      "properties": {
        "osm_id": 10823554184,
        "name": "Rasa",
        "place": "suburb"
      }
    },
    {
      "type": "Feature",
      "geometry": {
        "type": "Point",
        "coordinates": [
          88.3099556,
          22.1839138
        ]
      },
      "properties": {
        "osm_id": 10823555240,
        "name": "Gopalnagar",
        "place": "suburb"
      }
    },
    {
      "type": "Feature",
      "geometry": {
        "type": "Point",
        "coordinates": [
          88.316794,
          22.2460012
        ]
      },
      "properties": {
        "osm_id": 10823555246,
        "name": "Chak Hariharpur",
        "place": "suburb"
      }
    },
    {
      "type": "Feature",
      "geometry": {
        "type": "Point",
        "coordinates": [
          88.278623,
          22.1687581
        ]
      },
      "properties": {
        "osm_id": 10823556055,
        "name": "Dakshin Bishnupur",
        "place": "suburb"
      }
    },
    {
      "type": "Feature",
      "geometry": {
        "type": "Point",
        "coordinates": [
          88.310938,
          22.2840259
        ]
      },
      "properties": {
        "osm_id": 10823565946,
        "name": "Rajballabhpur",
        "place": "suburb"
      }
    },
    {
      "type": "Feature",
      "geometry": {
        "type": "Point",
        "coordinates": [
          88.2917221,
          22.2570384
        ]
      },
      "properties": {
        "osm_id": 10823566716,
        "name": "Pratap Beria",
        "place": "suburb"
      }
    },
    {
      "type": "Feature",
      "geometry": {
        "type": "Point",
        "coordinates": [
          88.3520393,
          22.1982263
        ]
      },
      "properties": {
        "osm_id": 10823566760,
        "name": "Lakshikantapur",
        "place": "suburb"
      }
    },
    {
      "type": "Feature",
      "geometry": {
        "type": "Point",
        "coordinates": [
          88.300248,
          22.1970773
        ]
      },
      "properties": {
        "osm_id": 10823569324,
        "name": "Karpansara",
        "place": "suburb"
      }
    },
    {
      "type": "Feature",
      "geometry": {
        "type": "Point",
        "coordinates": [
          88.3497513,
          22.2228136
        ]
      },
      "properties": {
        "osm_id": 10823569676,
        "name": "Kurkuria",
        "place": "suburb"
      }
    },
    {
      "type": "Feature",
      "geometry": {
        "type": "Point",
        "coordinates": [
          88.2938055,
          22.2493179
        ]
      },
      "properties": {
        "osm_id": 10823570639,
        "name": "Dihi Sarishapara",
        "place": "suburb"
      }
    },
    {
      "type": "Feature",
      "geometry": {
        "type": "Point",
        "coordinates": [
          88.3269053,
          22.2226276
        ]
      },
      "properties": {
        "osm_id": 10823570648,
        "name": "Samashat",
        "place": "suburb"
      }
    },
    {
      "type": "Feature",
      "geometry": {
        "type": "Point",
        "coordinates": [
          88.291127,
          22.2684267
        ]
      },
      "properties": {
        "osm_id": 10823572348,
        "name": "Mahesdari",
        "place": "suburb"
      }
    },
    {
      "type": "Feature",
      "geometry": {
        "type": "Point",
        "coordinates": [
          88.3075596,
          22.2463372
        ]
      },
      "properties": {
        "osm_id": 10823577360,
        "name": "Hijalhat",
        "place": "suburb"
      }
    },
    {
      "type": "Feature",
      "geometry": {
        "type": "Point",
        "coordinates": [
          88.2960943,
          22.2682759
        ]
      },
      "properties": {
        "osm_id": 10823581190,
        "name": "Paschim Ramnathpur",
        "place": "suburb"
      }
    },
    {
      "type": "Feature",
      "geometry": {
        "type": "Point",
        "coordinates": [
          88.2956063,
          22.3264604
        ]
      },
      "properties": {
        "osm_id": 10823583094,
        "name": "Naraharipur",
        "place": "suburb"
      }
    },
    {
      "type": "Feature",
      "geometry": {
        "type": "Point",
        "coordinates": [
          88.3068816,
          22.2632722
        ]
      },
      "properties": {
        "osm_id": 10823583586,
        "name": "Kamalpur",
        "place": "suburb"
      }
    },
    {
      "type": "Feature",
      "geometry": {
        "type": "Point",
        "coordinates": [
          88.253092,
          22.1766
        ]
      },
      "properties": {
        "osm_id": 10823586167,
        "name": "Hatuganj",
        "place": "suburb"
      }
    },
    {
      "type": "Feature",
      "geometry": {
        "type": "Point",
        "coordinates": [
          88.310589,
          22.2962347
        ]
      },
      "properties": {
        "osm_id": 10823586947,
        "name": "Chak Raypur",
        "place": "suburb"
      }
    },
    {
      "type": "Feature",
      "geometry": {
        "type": "Point",
        "coordinates": [
          88.2817553,
          22.1757451
        ]
      },
      "properties": {
        "osm_id": 10823591100,
        "name": "Basudebpur",
        "place": "suburb"
      }
    },
    {
      "type": "Feature",
      "geometry": {
        "type": "Point",
        "coordinates": [
          88.306594,
          22.2523362
        ]
      },
      "properties": {
        "osm_id": 10823592679,
        "name": "Hariharpur",
        "place": "suburb"
      }
    },
    {
      "type": "Feature",
      "geometry": {
        "type": "Point",
        "coordinates": [
          88.2994333,
          22.1738587
        ]
      },
      "properties": {
        "osm_id": 10823595277,
        "name": "Atpara",
        "place": "suburb"
      }
    },
    {
      "type": "Feature",
      "geometry": {
        "type": "Point",
        "coordinates": [
          88.3070746,
          22.1680569
        ]
      },
      "properties": {
        "osm_id": 10823595297,
        "name": "Sankarpur",
        "place": "suburb"
      }
    },
    {
      "type": "Feature",
      "geometry": {
        "type": "Point",
        "coordinates": [
          88.283173,
          22.2593163
        ]
      },
      "properties": {
        "osm_id": 10823595484,
        "name": "Dogachha",
        "place": "suburb"
      }
    },
    {
      "type": "Feature",
      "geometry": {
        "type": "Point",
        "coordinates": [
          88.2906413,
          22.1709656
        ]
      },
      "properties": {
        "osm_id": 10823597226,
        "name": "Ghatakpur",
        "place": "suburb"
      }
    },
    {
      "type": "Feature",
      "geometry": {
        "type": "Point",
        "coordinates": [
          88.3447512,
          22.2372095
        ]
      },
      "properties": {
        "osm_id": 10823598672,
        "name": "Jalghara",
        "place": "suburb"
      }
    },
    {
      "type": "Feature",
      "geometry": {
        "type": "Point",
        "coordinates": [
          88.2705195,
          22.1782207
        ]
      },
      "properties": {
        "osm_id": 10823599239,
        "name": "Malaya",
        "place": "suburb"
      }
    },
    {
      "type": "Feature",
      "geometry": {
        "type": "Point",
        "coordinates": [
          88.276494,
          22.1938564
        ]
      },
      "properties": {
        "osm_id": 10823599240,
        "name": "Sarachi Bhagabanpur",
        "place": "suburb"
      }
    },
    {
      "type": "Feature",
      "geometry": {
        "type": "Point",
        "coordinates": [
          88.2906883,
          22.2453772
        ]
      },
      "properties": {
        "osm_id": 10823599526,
        "name": "Malangi Sarishapara",
        "place": "suburb"
      }
    },
    {
      "type": "Feature",
      "geometry": {
        "type": "Point",
        "coordinates": [
          88.2873142,
          22.1817003
        ]
      },
      "properties": {
        "osm_id": 10823604190,
        "name": "Sadhukhan Ardari",
        "place": "suburb"
      }
    },
    {
      "type": "Feature",
      "geometry": {
        "type": "Point",
        "coordinates": [
          88.305306,
          22.2894297
        ]
      },
      "properties": {
        "osm_id": 10823604330,
        "name": "Dhan Dhania",
        "place": "suburb"
      }
    },
    {
      "type": "Feature",
      "geometry": {
        "type": "Point",
        "coordinates": [
          88.294343,
          22.254057
        ]
      },
      "properties": {
        "osm_id": 10823604423,
        "name": "Baneswarpur",
        "place": "suburb"
      }
    },
    {
      "type": "Feature",
      "geometry": {
        "type": "Point",
        "coordinates": [
          88.2987477,
          22.2568126
        ]
      },
      "properties": {
        "osm_id": 10823607936,
        "name": "Kesili",
        "place": "suburb"
      }
    },
    {
      "type": "Feature",
      "geometry": {
        "type": "Point",
        "coordinates": [
          88.2977422,
          22.3001385
        ]
      },
      "properties": {
        "osm_id": 10823609427,
        "name": "Iyarpur",
        "place": "suburb"
      }
    },
    {
      "type": "Feature",
      "geometry": {
        "type": "Point",
        "coordinates": [
          88.3199123,
          22.2966069
        ]
      },
      "properties": {
        "osm_id": 10823613132,
        "name": "Maheswara",
        "place": "suburb"
      }
    },
    {
      "type": "Feature",
      "geometry": {
        "type": "Point",
        "coordinates": [
          88.3220532,
          22.285717
        ]
      },
      "properties": {
        "osm_id": 10823615852,
        "name": "Balarampur",
        "place": "suburb"
      }
    },
    {
      "type": "Feature",
      "geometry": {
        "type": "Point",
        "coordinates": [
          88.2775933,
          22.3304138
        ]
      },
      "properties": {
        "osm_id": 10823616471,
        "name": "Chak Jaydi",
        "place": "suburb"
      }
    },
    {
      "type": "Feature",
      "geometry": {
        "type": "Point",
        "coordinates": [
          88.3319323,
          22.2399454
        ]
      },
      "properties": {
        "osm_id": 10823617220,
        "name": "Khanpur",
        "place": "suburb"
      }
    },
    {
      "type": "Feature",
      "geometry": {
        "type": "Point",
        "coordinates": [
          88.3169912,
          22.2286369
        ]
      },
      "properties": {
        "osm_id": 10823617992,
        "name": "Tulyan",
        "place": "suburb"
      }
    },
    {
      "type": "Feature",
      "geometry": {
        "type": "Point",
        "coordinates": [
          88.3567289,
          22.2153603
        ]
      },
      "properties": {
        "osm_id": 10823626672,
        "name": "Banspalla",
        "place": "suburb"
      }
    },
    {
      "type": "Feature",
      "geometry": {
        "type": "Point",
        "coordinates": [
          88.351082,
          22.2262851
        ]
      },
      "properties": {
        "osm_id": 10823627733,
        "name": "Bahirpua",
        "place": "suburb"
      }
    },
    {
      "type": "Feature",
      "geometry": {
        "type": "Point",
        "coordinates": [
          88.3664486,
          22.1940488
        ]
      },
      "properties": {
        "osm_id": 10823630574,
        "name": "Haripur",
        "place": "suburb"
      }
    },
    {
      "type": "Feature",
      "geometry": {
        "type": "Point",
        "coordinates": [
          88.313786,
          22.2714479
        ]
      },
      "properties": {
        "osm_id": 10823630575,
        "name": "Rangilabad",
        "place": "suburb"
      }
    },
    {
      "type": "Feature",
      "geometry": {
        "type": "Point",
        "coordinates": [
          88.3183173,
          22.252106
        ]
      },
      "properties": {
        "osm_id": 10823635710,
        "name": "Jiol Pukur",
        "place": "suburb"
      }
    },
    {
      "type": "Feature",
      "geometry": {
        "type": "Point",
        "coordinates": [
          88.3179593,
          22.2762157
        ]
      },
      "properties": {
        "osm_id": 10823636317,
        "name": "Dakshin Gopinathpur",
        "place": "suburb"
      }
    },
    {
      "type": "Feature",
      "geometry": {
        "type": "Point",
        "coordinates": [
          88.3148081,
          22.2587683
        ]
      },
      "properties": {
        "osm_id": 10823642406,
        "name": "Alampur",
        "place": "suburb"
      }
    },
    {
      "type": "Feature",
      "geometry": {
        "type": "Point",
        "coordinates": [
          88.3214752,
          22.2615694
        ]
      },
      "properties": {
        "osm_id": 10823644705,
        "name": "Chkdaha",
        "place": "suburb"
      }
    },
    {
      "type": "Feature",
      "geometry": {
        "type": "Point",
        "coordinates": [
          88.3031246,
          22.3180992
        ]
      },
      "properties": {
        "osm_id": 10823645358,
        "name": "Ramchandrapur",
        "place": "suburb"
      }
    },
    {
      "type": "Feature",
      "geometry": {
        "type": "Point",
        "coordinates": [
          88.314377,
          22.3224909
        ]
      },
      "properties": {
        "osm_id": 10823654586,
        "name": "Serpur",
        "place": "suburb"
      }
    },
    {
      "type": "Feature",
      "geometry": {
        "type": "Point",
        "coordinates": [
          88.262393,
          22.3284903
        ]
      },
      "properties": {
        "osm_id": 10823661750,
        "name": "Hayatnagar Rajarhat",
        "place": "suburb"
      }
    },
    {
      "type": "Feature",
      "geometry": {
        "type": "Point",
        "coordinates": [
          88.2758187,
          22.2475667
        ]
      },
      "properties": {
        "osm_id": 10823663196,
        "name": "Jagadish Nagar",
        "place": "suburb"
      }
    },
    {
      "type": "Feature",
      "geometry": {
        "type": "Point",
        "coordinates": [
          88.28642,
          22.3235069
        ]
      },
      "properties": {
        "osm_id": 10823669157,
        "name": "Raja Rampur",
        "place": "suburb"
      }
    },
    {
      "type": "Feature",
      "geometry": {
        "type": "Point",
        "coordinates": [
          88.3016663,
          22.3264623
        ]
      },
      "properties": {
        "osm_id": 10823670369,
        "name": "Ghati Harania",
        "place": "suburb"
      }
    },
    {
      "type": "Feature",
      "geometry": {
        "type": "Point",
        "coordinates": [
          88.2926253,
          22.3126679
        ]
      },
      "properties": {
        "osm_id": 10823673336,
        "name": "Khela Rampur",
        "place": "suburb"
      }
    },
    {
      "type": "Feature",
      "geometry": {
        "type": "Point",
        "coordinates": [
          88.2713745,
          22.2774103
        ]
      },
      "properties": {
        "osm_id": 10823674842,
        "name": "Ruipukuria Bhatugachhi",
        "place": "suburb"
      }
    },
    {
      "type": "Feature",
      "geometry": {
        "type": "Point",
        "coordinates": [
          88.3175277,
          22.3061696
        ]
      },
      "properties": {
        "osm_id": 10823679940,
        "name": "Sekandarpur",
        "place": "suburb"
      }
    },
    {
      "type": "Feature",
      "geometry": {
        "type": "Point",
        "coordinates": [
          88.279245,
          22.270356
        ]
      },
      "properties": {
        "osm_id": 10823680341,
        "name": "Gandua",
        "place": "suburb"
      }
    },
    {
      "type": "Feature",
      "geometry": {
        "type": "Point",
        "coordinates": [
          88.3074853,
          22.3090089
        ]
      },
      "properties": {
        "osm_id": 10823680612,
        "name": "Bakhra Bad",
        "place": "suburb"
      }
    },
    {
      "type": "Feature",
      "geometry": {
        "type": "Point",
        "coordinates": [
          88.273473,
          22.295318
        ]
      },
      "properties": {
        "osm_id": 10823681454,
        "name": "Bagaria Khargachhi",
        "place": "suburb"
      }
    },
    {
      "type": "Feature",
      "geometry": {
        "type": "Point",
        "coordinates": [
          88.2859249,
          22.2942104
        ]
      },
      "properties": {
        "osm_id": 10823684283,
        "name": "Chak Debughosh",
        "place": "suburb"
      }
    },
    {
      "type": "Feature",
      "geometry": {
        "type": "Point",
        "coordinates": [
          88.2945264,
          22.2848147
        ]
      },
      "properties": {
        "osm_id": 10823686690,
        "name": "Dastura",
        "place": "suburb"
      }
    },
    {
      "type": "Feature",
      "geometry": {
        "type": "Point",
        "coordinates": [
          88.2873936,
          22.304849
        ]
      },
      "properties": {
        "osm_id": 10823686730,
        "name": "Chak Haturia",
        "place": "suburb"
      }
    },
    {
      "type": "Feature",
      "geometry": {
        "type": "Point",
        "coordinates": [
          88.2944277,
          22.2196789
        ]
      },
      "properties": {
        "osm_id": 10823686927,
        "name": "Kanpur",
        "place": "suburb"
      }
    },
    {
      "type": "Feature",
      "geometry": {
        "type": "Point",
        "coordinates": [
          88.2838258,
          22.2785602
        ]
      },
      "properties": {
        "osm_id": 10823689350,
        "name": "Bainch Beria",
        "place": "suburb"
      }
    },
    {
      "type": "Feature",
      "geometry": {
        "type": "Point",
        "coordinates": [
          88.2783889,
          22.28659
        ]
      },
      "properties": {
        "osm_id": 10823694468,
        "name": "Chak Naraharipur",
        "place": "suburb"
      }
    },
    {
      "type": "Feature",
      "geometry": {
        "type": "Point",
        "coordinates": [
          88.2718656,
          22.228219
        ]
      },
      "properties": {
        "osm_id": 10823695372,
        "name": "Nainanpur",
        "place": "suburb"
      }
    },
    {
      "type": "Feature",
      "geometry": {
        "type": "Point",
        "coordinates": [
          88.2801406,
          22.2414895
        ]
      },
      "properties": {
        "osm_id": 10823695922,
        "name": "Bahir Gachhi",
        "place": "suburb"
      }
    },
    {
      "type": "Feature",
      "geometry": {
        "type": "Point",
        "coordinates": [
          88.2845906,
          22.2865063
        ]
      },
      "properties": {
        "osm_id": 10823697010,
        "name": "Sibpur",
        "place": "suburb"
      }
    },
    {
      "type": "Feature",
      "geometry": {
        "type": "Point",
        "coordinates": [
          88.2871756,
          22.2737288
        ]
      },
      "properties": {
        "osm_id": 10823698477,
        "name": "Sapmara",
        "place": "suburb"
      }
    },
    {
      "type": "Feature",
      "geometry": {
        "type": "Point",
        "coordinates": [
          88.2717913,
          22.2843788
        ]
      },
      "properties": {
        "osm_id": 10823703722,
        "name": "Srichanda",
        "place": "suburb"
      }
    },
    {
      "type": "Feature",
      "geometry": {
        "type": "Point",
        "coordinates": [
          88.2856893,
          22.203409
        ]
      },
      "properties": {
        "osm_id": 10823704407,
        "name": "Deula",
        "place": "suburb"
      }
    },
    {
      "type": "Feature",
      "geometry": {
        "type": "Point",
        "coordinates": [
          88.2852542,
          22.2086813
        ]
      },
      "properties": {
        "osm_id": 10823708665,
        "name": "Dakshin Krishnapur",
        "place": "suburb"
      }
    },
    {
      "type": "Feature",
      "geometry": {
        "type": "Point",
        "coordinates": [
          88.2908303,
          22.2141253
        ]
      },
      "properties": {
        "osm_id": 10823716616,
        "name": "Khalilpur",
        "place": "suburb"
      }
    },
    {
      "type": "Feature",
      "geometry": {
        "type": "Point",
        "coordinates": [
          88.269595,
          22.2082597
        ]
      },
      "properties": {
        "osm_id": 10823716617,
        "name": "Paduma",
        "place": "suburb"
      }
    },
    {
      "type": "Feature",
      "geometry": {
        "type": "Point",
        "coordinates": [
          88.4607565,
          22.5934411
        ]
      },
      "properties": {
        "osm_id": 10823716689,
        "name": "Ghuni",
        "place": "town"
      }
    },
    {
      "type": "Feature",
      "geometry": {
        "type": "Point",
        "coordinates": [
          88.2717627,
          22.2569076
        ]
      },
      "properties": {
        "osm_id": 10823716830,
        "name": "Madhya Krishnapur",
        "place": "suburb"
      }
    },
    {
      "type": "Feature",
      "geometry": {
        "type": "Point",
        "coordinates": [
          88.275157,
          22.2184873
        ]
      },
      "properties": {
        "osm_id": 10823724750,
        "name": "Nazra",
        "place": "suburb"
      }
    },
    {
      "type": "Feature",
      "geometry": {
        "type": "Point",
        "coordinates": [
          88.299363,
          22.2449467
        ]
      },
      "properties": {
        "osm_id": 10823729697,
        "name": "Jahangirgar",
        "place": "suburb"
      }
    },
    {
      "type": "Feature",
      "geometry": {
        "type": "Point",
        "coordinates": [
          88.3095256,
          22.2369775
        ]
      },
      "properties": {
        "osm_id": 10823732349,
        "name": "Keyakona",
        "place": "suburb"
      }
    },
    {
      "type": "Feature",
      "geometry": {
        "type": "Point",
        "coordinates": [
          88.304196,
          22.2403544
        ]
      },
      "properties": {
        "osm_id": 10823735801,
        "name": "Payra Chali",
        "place": "suburb"
      }
    },
    {
      "type": "Feature",
      "geometry": {
        "type": "Point",
        "coordinates": [
          88.3420296,
          22.205388
        ]
      },
      "properties": {
        "osm_id": 10823744700,
        "name": "Sadashibpur",
        "place": "suburb"
      }
    },
    {
      "type": "Feature",
      "geometry": {
        "type": "Point",
        "coordinates": [
          88.4175566,
          22.2208557
        ]
      },
      "properties": {
        "osm_id": 10824573083,
        "name": "Kanta Pukuria",
        "place": "suburb"
      }
    },
    {
      "type": "Feature",
      "geometry": {
        "type": "Point",
        "coordinates": [
          88.326316,
          22.2803767
        ]
      },
      "properties": {
        "osm_id": 10824573084,
        "name": "Parui",
        "place": "suburb"
      }
    },
    {
      "type": "Feature",
      "geometry": {
        "type": "Point",
        "coordinates": [
          88.3763413,
          22.3180797
        ]
      },
      "properties": {
        "osm_id": 10824586968,
        "name": "Heria",
        "place": "suburb"
      }
    },
    {
      "type": "Feature",
      "geometry": {
        "type": "Point",
        "coordinates": [
          88.389026,
          22.2510297
        ]
      },
      "properties": {
        "osm_id": 10824594193,
        "name": "Shyamnagar",
        "place": "suburb"
      }
    },
    {
      "type": "Feature",
      "geometry": {
        "type": "Point",
        "coordinates": [
          88.3244543,
          22.3117076
        ]
      },
      "properties": {
        "osm_id": 10824594659,
        "name": "Chak Haranandapur",
        "place": "suburb"
      }
    },
    {
      "type": "Feature",
      "geometry": {
        "type": "Point",
        "coordinates": [
          88.3407336,
          22.2922665
        ]
      },
      "properties": {
        "osm_id": 10824609321,
        "name": "Chak Jalasi",
        "place": "suburb"
      }
    },
    {
      "type": "Feature",
      "geometry": {
        "type": "Point",
        "coordinates": [
          88.3383503,
          22.2825993
        ]
      },
      "properties": {
        "osm_id": 10824609330,
        "name": "Uttar Krishnapur",
        "place": "suburb"
      }
    },
    {
      "type": "Feature",
      "geometry": {
        "type": "Point",
        "coordinates": [
          88.3528856,
          22.2930656
        ]
      },
      "properties": {
        "osm_id": 10824610081,
        "name": "Purba Ramanathpur",
        "place": "suburb"
      }
    },
    {
      "type": "Feature",
      "geometry": {
        "type": "Point",
        "coordinates": [
          88.3324153,
          22.2978735
        ]
      },
      "properties": {
        "osm_id": 10824610165,
        "name": "Rajpur",
        "place": "suburb"
      }
    },
    {
      "type": "Feature",
      "geometry": {
        "type": "Point",
        "coordinates": [
          88.3247977,
          22.3192757
        ]
      },
      "properties": {
        "osm_id": 10824610988,
        "name": "Uttar Amratala",
        "place": "suburb"
      }
    },
    {
      "type": "Feature",
      "geometry": {
        "type": "Point",
        "coordinates": [
          88.4196876,
          22.2446078
        ]
      },
      "properties": {
        "osm_id": 10824615348,
        "name": "Benipur",
        "place": "suburb"
      }
    },
    {
      "type": "Feature",
      "geometry": {
        "type": "Point",
        "coordinates": [
          88.3240913,
          22.3002849
        ]
      },
      "properties": {
        "osm_id": 10824615455,
        "name": "Beramara",
        "place": "suburb"
      }
    },
    {
      "type": "Feature",
      "geometry": {
        "type": "Point",
        "coordinates": [
          88.3254523,
          22.3309775
        ]
      },
      "properties": {
        "osm_id": 10824615473,
        "name": "Sitarampur",
        "place": "suburb"
      }
    },
    {
      "type": "Feature",
      "geometry": {
        "type": "Point",
        "coordinates": [
          88.377457,
          22.2097778
        ]
      },
      "properties": {
        "osm_id": 10824617299,
        "name": "Paran Khali",
        "place": "suburb"
      }
    },
    {
      "type": "Feature",
      "geometry": {
        "type": "Point",
        "coordinates": [
          88.3783843,
          22.3252482
        ]
      },
      "properties": {
        "osm_id": 10824628588,
        "name": "Manirampur",
        "place": "suburb"
      }
    },
    {
      "type": "Feature",
      "geometry": {
        "type": "Point",
        "coordinates": [
          88.3632096,
          22.3103166
        ]
      },
      "properties": {
        "osm_id": 10824633367,
        "name": "Madhabpur",
        "place": "suburb"
      }
    },
    {
      "type": "Feature",
      "geometry": {
        "type": "Point",
        "coordinates": [
          88.3949093,
          22.1926872
        ]
      },
      "properties": {
        "osm_id": 10824639856,
        "name": "Bankadwar",
        "place": "suburb"
      }
    },
    {
      "type": "Feature",
      "geometry": {
        "type": "Point",
        "coordinates": [
          88.3978851,
          22.3073996
        ]
      },
      "properties": {
        "osm_id": 10824647097,
        "name": "Hotar",
        "place": "suburb"
      }
    },
    {
      "type": "Feature",
      "geometry": {
        "type": "Point",
        "coordinates": [
          88.3675146,
          22.3226547
        ]
      },
      "properties": {
        "osm_id": 10824652706,
        "name": "Moukhali",
        "place": "suburb"
      }
    },
    {
      "type": "Feature",
      "geometry": {
        "type": "Point",
        "coordinates": [
          88.3531663,
          22.256623
        ]
      },
      "properties": {
        "osm_id": 10824653745,
        "name": "Dakshin Mohanpur",
        "place": "suburb"
      }
    },
    {
      "type": "Feature",
      "geometry": {
        "type": "Point",
        "coordinates": [
          88.4066523,
          22.1938261
        ]
      },
      "properties": {
        "osm_id": 10824662473,
        "name": "Katkina Ishwaripur",
        "place": "suburb"
      }
    },
    {
      "type": "Feature",
      "geometry": {
        "type": "Point",
        "coordinates": [
          88.3979193,
          22.3180658
        ]
      },
      "properties": {
        "osm_id": 10824663162,
        "name": "Tapukur",
        "place": "suburb"
      }
    },
    {
      "type": "Feature",
      "geometry": {
        "type": "Point",
        "coordinates": [
          88.3846439,
          22.3158097
        ]
      },
      "properties": {
        "osm_id": 10824666809,
        "name": "Ratna",
        "place": "suburb"
      }
    },
    {
      "type": "Feature",
      "geometry": {
        "type": "Point",
        "coordinates": [
          88.3850616,
          22.3076116
        ]
      },
      "properties": {
        "osm_id": 10824666915,
        "name": "Panchpara",
        "place": "suburb"
      }
    },
    {
      "type": "Feature",
      "geometry": {
        "type": "Point",
        "coordinates": [
          88.372563,
          22.1936279
        ]
      },
      "properties": {
        "osm_id": 10824669364,
        "name": "Bishweshwarpur",
        "place": "suburb"
      }
    },
    {
      "type": "Feature",
      "geometry": {
        "type": "Point",
        "coordinates": [
          88.3708522,
          22.3126697
        ]
      },
      "properties": {
        "osm_id": 10824669726,
        "name": "Uttar Gopinathpur",
        "place": "suburb"
      }
    },
    {
      "type": "Feature",
      "geometry": {
        "type": "Point",
        "coordinates": [
          88.357453,
          22.2459487
        ]
      },
      "properties": {
        "osm_id": 10824672919,
        "name": "Mallarchak Ishwaripur",
        "place": "suburb"
      }
    },
    {
      "type": "Feature",
      "geometry": {
        "type": "Point",
        "coordinates": [
          88.3668836,
          22.2154659
        ]
      },
      "properties": {
        "osm_id": 10824673244,
        "name": "Dhanpota",
        "place": "suburb"
      }
    },
    {
      "type": "Feature",
      "geometry": {
        "type": "Point",
        "coordinates": [
          88.4136833,
          22.2518994
        ]
      },
      "properties": {
        "osm_id": 10824680643,
        "name": "Ghanashyampur",
        "place": "suburb"
      }
    },
    {
      "type": "Feature",
      "geometry": {
        "type": "Point",
        "coordinates": [
          88.4232486,
          22.2629813
        ]
      },
      "properties": {
        "osm_id": 10824680644,
        "name": "Ramchandranagar",
        "place": "suburb"
      }
    },
    {
      "type": "Feature",
      "geometry": {
        "type": "Point",
        "coordinates": [
          88.3952743,
          22.2582793
        ]
      },
      "properties": {
        "osm_id": 10824680944,
        "name": "Gokarni",
        "place": "suburb"
      }
    },
    {
      "type": "Feature",
      "geometry": {
        "type": "Point",
        "coordinates": [
          88.3609122,
          22.2516794
        ]
      },
      "properties": {
        "osm_id": 10824683411,
        "name": "Belgachhia",
        "place": "suburb"
      }
    },
    {
      "type": "Feature",
      "geometry": {
        "type": "Point",
        "coordinates": [
          88.3557013,
          22.3114156
        ]
      },
      "properties": {
        "osm_id": 10824686474,
        "name": "Chak Kamal Halder",
        "place": "suburb"
      }
    },
    {
      "type": "Feature",
      "geometry": {
        "type": "Point",
        "coordinates": [
          88.379701,
          22.2641972
        ]
      },
      "properties": {
        "osm_id": 10824688381,
        "name": "Uttar Radhanagar",
        "place": "suburb"
      }
    },
    {
      "type": "Feature",
      "geometry": {
        "type": "Point",
        "coordinates": [
          88.3816896,
          22.252079
        ]
      },
      "properties": {
        "osm_id": 10824693107,
        "name": "Gotbaria",
        "place": "suburb"
      }
    },
    {
      "type": "Feature",
      "geometry": {
        "type": "Point",
        "coordinates": [
          88.4065673,
          22.2434181
        ]
      },
      "properties": {
        "osm_id": 10824694421,
        "name": "Maitir Hat",
        "place": "suburb"
      }
    },
    {
      "type": "Feature",
      "geometry": {
        "type": "Point",
        "coordinates": [
          88.4129543,
          22.3094003
        ]
      },
      "properties": {
        "osm_id": 10824699986,
        "name": "Makaltala",
        "place": "suburb"
      }
    },
    {
      "type": "Feature",
      "geometry": {
        "type": "Point",
        "coordinates": [
          88.355449,
          22.3242386
        ]
      },
      "properties": {
        "osm_id": 10824704812,
        "name": "Uttar Mohanpur",
        "place": "suburb"
      }
    },
    {
      "type": "Feature",
      "geometry": {
        "type": "Point",
        "coordinates": [
          88.4123926,
          22.2985256
        ]
      },
      "properties": {
        "osm_id": 10824705204,
        "name": "Uttar Mukundapur",
        "place": "suburb"
      }
    },
    {
      "type": "Feature",
      "geometry": {
        "type": "Point",
        "coordinates": [
          88.4076646,
          22.2917305
        ]
      },
      "properties": {
        "osm_id": 10824705519,
        "name": "Baniber",
        "place": "suburb"
      }
    },
    {
      "type": "Feature",
      "geometry": {
        "type": "Point",
        "coordinates": [
          88.434193,
          22.2432796
        ]
      },
      "properties": {
        "osm_id": 10824707101,
        "name": "Jugdia",
        "place": "suburb"
      }
    },
    {
      "type": "Feature",
      "geometry": {
        "type": "Point",
        "coordinates": [
          88.4020413,
          22.30086
        ]
      },
      "properties": {
        "osm_id": 10824707112,
        "name": "Marjyada",
        "place": "suburb"
      }
    },
    {
      "type": "Feature",
      "geometry": {
        "type": "Point",
        "coordinates": [
          88.3887588,
          22.2332275
        ]
      },
      "properties": {
        "osm_id": 10824710469,
        "name": "Harisankarpur",
        "place": "suburb"
      }
    },
    {
      "type": "Feature",
      "geometry": {
        "type": "Point",
        "coordinates": [
          88.4213273,
          22.2786001
        ]
      },
      "properties": {
        "osm_id": 10824722860,
        "name": "Jaldhapa",
        "place": "suburb"
      }
    },
    {
      "type": "Feature",
      "geometry": {
        "type": "Point",
        "coordinates": [
          88.359441,
          22.2356799
        ]
      },
      "properties": {
        "osm_id": 10824724281,
        "name": "Dakshin Kashi",
        "place": "suburb"
      }
    },
    {
      "type": "Feature",
      "geometry": {
        "type": "Point",
        "coordinates": [
          88.3641113,
          22.2263009
        ]
      },
      "properties": {
        "osm_id": 10824725479,
        "name": "Sarbanandapur",
        "place": "suburb"
      }
    },
    {
      "type": "Feature",
      "geometry": {
        "type": "Point",
        "coordinates": [
          88.3416503,
          22.3055478
        ]
      },
      "properties": {
        "osm_id": 10824726785,
        "name": "Dihi Narayani",
        "place": "suburb"
      }
    },
    {
      "type": "Feature",
      "geometry": {
        "type": "Point",
        "coordinates": [
          88.3741234,
          22.2503762
        ]
      },
      "properties": {
        "osm_id": 10824727683,
        "name": "Belaria",
        "place": "suburb"
      }
    },
    {
      "type": "Feature",
      "geometry": {
        "type": "Point",
        "coordinates": [
          88.3662173,
          22.2502715
        ]
      },
      "properties": {
        "osm_id": 10824728682,
        "name": "Azam Khali",
        "place": "suburb"
      }
    },
    {
      "type": "Feature",
      "geometry": {
        "type": "Point",
        "coordinates": [
          88.3650636,
          22.2382269
        ]
      },
      "properties": {
        "osm_id": 10824728683,
        "name": "Mamudpur",
        "place": "suburb"
      }
    },
    {
      "type": "Feature",
      "geometry": {
        "type": "Point",
        "coordinates": [
          88.3719063,
          22.2266179
        ]
      },
      "properties": {
        "osm_id": 10824730828,
        "name": "Maitala",
        "place": "suburb"
      }
    },
    {
      "type": "Feature",
      "geometry": {
        "type": "Point",
        "coordinates": [
          88.4317907,
          22.2753469
        ]
      },
      "properties": {
        "osm_id": 10824730857,
        "name": "Tasrala",
        "place": "suburb"
      }
    },
    {
      "type": "Feature",
      "geometry": {
        "type": "Point",
        "coordinates": [
          88.3567896,
          22.3054094
        ]
      },
      "properties": {
        "osm_id": 10824738352,
        "name": "Chakiswari",
        "place": "suburb"
      }
    },
    {
      "type": "Feature",
      "geometry": {
        "type": "Point",
        "coordinates": [
          88.341106,
          22.3241489
        ]
      },
      "properties": {
        "osm_id": 10824741617,
        "name": "Chak Parankanta Khali",
        "place": "suburb"
      }
    },
    {
      "type": "Feature",
      "geometry": {
        "type": "Point",
        "coordinates": [
          88.387306,
          22.2751569
        ]
      },
      "properties": {
        "osm_id": 10824745792,
        "name": "Barat Kamdebpur",
        "place": "suburb"
      }
    },
    {
      "type": "Feature",
      "geometry": {
        "type": "Point",
        "coordinates": [
          88.4241173,
          22.2729005
        ]
      },
      "properties": {
        "osm_id": 10824746599,
        "name": "Tantihati",
        "place": "suburb"
      }
    },
    {
      "type": "Feature",
      "geometry": {
        "type": "Point",
        "coordinates": [
          88.4065926,
          22.284108
        ]
      },
      "properties": {
        "osm_id": 10824750493,
        "name": "Multi",
        "place": "suburb"
      }
    },
    {
      "type": "Feature",
      "geometry": {
        "type": "Point",
        "coordinates": [
          88.3560712,
          22.3181476
        ]
      },
      "properties": {
        "osm_id": 10824751107,
        "name": "Jayenkhan",
        "place": "suburb"
      }
    },
    {
      "type": "Feature",
      "geometry": {
        "type": "Point",
        "coordinates": [
          88.3500166,
          22.3168063
        ]
      },
      "properties": {
        "osm_id": 10824754905,
        "name": "Karimabad",
        "place": "suburb"
      }
    },
    {
      "type": "Feature",
      "geometry": {
        "type": "Point",
        "coordinates": [
          88.422939,
          22.2866111
        ]
      },
      "properties": {
        "osm_id": 10824759053,
        "name": "Bansundaria",
        "place": "suburb"
      }
    },
    {
      "type": "Feature",
      "geometry": {
        "type": "Point",
        "coordinates": [
          88.3424255,
          22.2722166
        ]
      },
      "properties": {
        "osm_id": 10824787429,
        "name": "Balbalia",
        "place": "suburb"
      }
    },
    {
      "type": "Feature",
      "geometry": {
        "type": "Point",
        "coordinates": [
          88.331629,
          22.2478662
        ]
      },
      "properties": {
        "osm_id": 10824796066,
        "name": "Enayetpur",
        "place": "suburb"
      }
    },
    {
      "type": "Feature",
      "geometry": {
        "type": "Point",
        "coordinates": [
          88.3426962,
          22.2647663
        ]
      },
      "properties": {
        "osm_id": 10824796361,
        "name": "Mirzapur",
        "place": "suburb"
      }
    },
    {
      "type": "Feature",
      "geometry": {
        "type": "Point",
        "coordinates": [
          88.3315973,
          22.2749965
        ]
      },
      "properties": {
        "osm_id": 10824796984,
        "name": "Atparui",
        "place": "suburb"
      }
    },
    {
      "type": "Feature",
      "geometry": {
        "type": "Point",
        "coordinates": [
          88.3317077,
          22.255725
        ]
      },
      "properties": {
        "osm_id": 10824800566,
        "name": "Hansuri",
        "place": "suburb"
      }
    },
    {
      "type": "Feature",
      "geometry": {
        "type": "Point",
        "coordinates": [
          88.3367399,
          22.2775305
        ]
      },
      "properties": {
        "osm_id": 10824803869,
        "name": "Dodalia",
        "place": "suburb"
      }
    },
    {
      "type": "Feature",
      "geometry": {
        "type": "Point",
        "coordinates": [
          88.3834263,
          22.1954687
        ]
      },
      "properties": {
        "osm_id": 10824804990,
        "name": "Dakshin Mukundapur",
        "place": "suburb"
      }
    },
    {
      "type": "Feature",
      "geometry": {
        "type": "Point",
        "coordinates": [
          88.360285,
          22.2643164
        ]
      },
      "properties": {
        "osm_id": 10824805216,
        "name": "Kuldia",
        "place": "suburb"
      }
    },
    {
      "type": "Feature",
      "geometry": {
        "type": "Point",
        "coordinates": [
          88.3658716,
          22.2749694
        ]
      },
      "properties": {
        "osm_id": 10824806875,
        "name": "Byaspur",
        "place": "suburb"
      }
    },
    {
      "type": "Feature",
      "geometry": {
        "type": "Point",
        "coordinates": [
          88.4007846,
          22.202989
        ]
      },
      "properties": {
        "osm_id": 10824821666,
        "name": "Abad Ishwaripur",
        "place": "suburb"
      }
    },
    {
      "type": "Feature",
      "geometry": {
        "type": "Point",
        "coordinates": [
          88.4141323,
          22.2098178
        ]
      },
      "properties": {
        "osm_id": 10824823781,
        "name": "Ishwaripur",
        "place": "suburb"
      }
    },
    {
      "type": "Feature",
      "geometry": {
        "type": "Point",
        "coordinates": [
          88.3299053,
          22.2680507
        ]
      },
      "properties": {
        "osm_id": 10824824227,
        "name": "Jaypur",
        "place": "suburb"
      }
    },
    {
      "type": "Feature",
      "geometry": {
        "type": "Point",
        "coordinates": [
          88.4075483,
          22.2141761
        ]
      },
      "properties": {
        "osm_id": 10824833200,
        "name": "Abad Chandpur",
        "place": "suburb"
      }
    },
    {
      "type": "Feature",
      "geometry": {
        "type": "Point",
        "coordinates": [
          88.4189556,
          22.2288989
        ]
      },
      "properties": {
        "osm_id": 10824833644,
        "name": "Gobindapur",
        "place": "suburb"
      }
    },
    {
      "type": "Feature",
      "geometry": {
        "type": "Point",
        "coordinates": [
          88.4079633,
          22.231745
        ]
      },
      "properties": {
        "osm_id": 10824834453,
        "name": "Purba Kamar Pukuria",
        "place": "suburb"
      }
    },
    {
      "type": "Feature",
      "geometry": {
        "type": "Point",
        "coordinates": [
          88.4018573,
          22.2187494
        ]
      },
      "properties": {
        "osm_id": 10824836180,
        "name": "Urel Chandpur",
        "place": "suburb"
      }
    },
    {
      "type": "Feature",
      "geometry": {
        "type": "Point",
        "coordinates": [
          88.392267,
          22.2138168
        ]
      },
      "properties": {
        "osm_id": 10824836963,
        "name": "Taldi",
        "place": "suburb"
      }
    },
    {
      "type": "Feature",
      "geometry": {
        "type": "Point",
        "coordinates": [
          88.3504207,
          22.2844371
        ]
      },
      "properties": {
        "osm_id": 10824839186,
        "name": "Paschim Kamar Pukuria",
        "place": "suburb"
      }
    },
    {
      "type": "Feature",
      "geometry": {
        "type": "Point",
        "coordinates": [
          88.2299146,
          22.2119685
        ]
      },
      "properties": {
        "osm_id": 10826167875,
        "name": "Chanda",
        "place": "suburb"
      }
    },
    {
      "type": "Feature",
      "geometry": {
        "type": "Point",
        "coordinates": [
          88.2518487,
          22.2274969
        ]
      },
      "properties": {
        "osm_id": 10826168367,
        "name": "Purba Durgapur",
        "place": "suburb"
      }
    },
    {
      "type": "Feature",
      "geometry": {
        "type": "Point",
        "coordinates": [
          88.2398599,
          22.2053575
        ]
      },
      "properties": {
        "osm_id": 10826171880,
        "name": "Ambalhara",
        "place": "suburb"
      }
    },
    {
      "type": "Feature",
      "geometry": {
        "type": "Point",
        "coordinates": [
          88.2483383,
          22.2200851
        ]
      },
      "properties": {
        "osm_id": 10826175839,
        "name": "Naogan Sitagachhi",
        "place": "suburb"
      }
    },
    {
      "type": "Feature",
      "geometry": {
        "type": "Point",
        "coordinates": [
          88.2007603,
          22.2057361
        ]
      },
      "properties": {
        "osm_id": 10826176587,
        "name": "Bahadurpur",
        "place": "suburb"
      }
    },
    {
      "type": "Feature",
      "geometry": {
        "type": "Point",
        "coordinates": [
          88.2427303,
          22.2246991
        ]
      },
      "properties": {
        "osm_id": 10826183084,
        "name": "Lakshmipur",
        "place": "suburb"
      }
    },
    {
      "type": "Feature",
      "geometry": {
        "type": "Point",
        "coordinates": [
          88.2353693,
          22.2255463
        ]
      },
      "properties": {
        "osm_id": 10826194479,
        "name": "Panch Gansingber",
        "place": "suburb"
      }
    },
    {
      "type": "Feature",
      "geometry": {
        "type": "Point",
        "coordinates": [
          88.244517,
          22.2156459
        ]
      },
      "properties": {
        "osm_id": 10826199495,
        "name": "Joktabala",
        "place": "suburb"
      }
    },
    {
      "type": "Feature",
      "geometry": {
        "type": "Point",
        "coordinates": [
          88.244807,
          22.1979815
        ]
      },
      "properties": {
        "osm_id": 10826199550,
        "name": "Mainan",
        "place": "suburb"
      }
    },
    {
      "type": "Feature",
      "geometry": {
        "type": "Point",
        "coordinates": [
          88.2222109,
          22.2104775
        ]
      },
      "properties": {
        "osm_id": 10826199702,
        "name": "Kabira",
        "place": "suburb"
      }
    },
    {
      "type": "Feature",
      "geometry": {
        "type": "Point",
        "coordinates": [
          88.2313497,
          22.2034259
        ]
      },
      "properties": {
        "osm_id": 10826201310,
        "name": "Basuldanga",
        "place": "suburb"
      }
    },
    {
      "type": "Feature",
      "geometry": {
        "type": "Point",
        "coordinates": [
          88.201599,
          22.2140293
        ]
      },
      "properties": {
        "osm_id": 10826203420,
        "name": "Mangrajpur",
        "place": "suburb"
      }
    },
    {
      "type": "Feature",
      "geometry": {
        "type": "Point",
        "coordinates": [
          88.241865,
          22.2097766
        ]
      },
      "properties": {
        "osm_id": 10826204745,
        "name": "Bazarbaria Krishnarampur",
        "place": "suburb"
      }
    },
    {
      "type": "Feature",
      "geometry": {
        "type": "Point",
        "coordinates": [
          88.220489,
          22.204915
        ]
      },
      "properties": {
        "osm_id": 10826206388,
        "name": "Maruibaria",
        "place": "suburb"
      }
    },
    {
      "type": "Feature",
      "geometry": {
        "type": "Point",
        "coordinates": [
          88.2626663,
          22.2479487
        ]
      },
      "properties": {
        "osm_id": 10826206476,
        "name": "Kuleshwar",
        "place": "suburb"
      }
    },
    {
      "type": "Feature",
      "geometry": {
        "type": "Point",
        "coordinates": [
          88.2372683,
          22.1943865
        ]
      },
      "properties": {
        "osm_id": 10826207926,
        "name": "Taldanga",
        "place": "suburb"
      }
    },
    {
      "type": "Feature",
      "geometry": {
        "type": "Point",
        "coordinates": [
          88.2101796,
          22.1745858
        ]
      },
      "properties": {
        "osm_id": 10826208087,
        "name": "Atkrishnarampur",
        "place": "suburb"
      }
    },
    {
      "type": "Feature",
      "geometry": {
        "type": "Point",
        "coordinates": [
          88.216566,
          22.1823721
        ]
      },
      "properties": {
        "osm_id": 10826208088,
        "name": "Banbahadurpur",
        "place": "suburb"
      }
    },
    {
      "type": "Feature",
      "geometry": {
        "type": "Point",
        "coordinates": [
          88.237894,
          22.1980763
        ]
      },
      "properties": {
        "osm_id": 10826209347,
        "name": "Dagira",
        "place": "suburb"
      }
    },
    {
      "type": "Feature",
      "geometry": {
        "type": "Point",
        "coordinates": [
          88.2334616,
          22.234918
        ]
      },
      "properties": {
        "osm_id": 10826210187,
        "name": "Gatura",
        "place": "suburb"
      }
    },
    {
      "type": "Feature",
      "geometry": {
        "type": "Point",
        "coordinates": [
          88.2199987,
          22.190628
        ]
      },
      "properties": {
        "osm_id": 10826210703,
        "name": "Baria",
        "place": "suburb"
      }
    },
    {
      "type": "Feature",
      "geometry": {
        "type": "Point",
        "coordinates": [
          88.2274542,
          22.1960957
        ]
      },
      "properties": {
        "osm_id": 10826213416,
        "name": "Shatminsa",
        "place": "suburb"
      }
    },
    {
      "type": "Feature",
      "geometry": {
        "type": "Point",
        "coordinates": [
          88.2502887,
          22.2357392
        ]
      },
      "properties": {
        "osm_id": 10826215874,
        "name": "Dakshin Diarak",
        "place": "suburb"
      }
    },
    {
      "type": "Feature",
      "geometry": {
        "type": "Point",
        "coordinates": [
          88.2270952,
          22.1844662
        ]
      },
      "properties": {
        "osm_id": 10826217616,
        "name": "Bolsiddhi",
        "place": "suburb"
      }
    },
    {
      "type": "Feature",
      "geometry": {
        "type": "Point",
        "coordinates": [
          88.207828,
          22.2047788
        ]
      },
      "properties": {
        "osm_id": 10826220253,
        "name": "Purba Gobindapur",
        "place": "suburb"
      }
    },
    {
      "type": "Feature",
      "geometry": {
        "type": "Point",
        "coordinates": [
          88.2332183,
          22.1723096
        ]
      },
      "properties": {
        "osm_id": 10826220575,
        "name": "Hansdahara",
        "place": "suburb"
      }
    },
    {
      "type": "Feature",
      "geometry": {
        "type": "Point",
        "coordinates": [
          88.259315,
          22.2366684
        ]
      },
      "properties": {
        "osm_id": 10826222882,
        "name": "Radhaballabhpur",
        "place": "suburb"
      }
    },
    {
      "type": "Feature",
      "geometry": {
        "type": "Point",
        "coordinates": [
          88.148589,
          22.2147779
        ]
      },
      "properties": {
        "osm_id": 10826224544,
        "name": "Jangalpara",
        "place": "suburb"
      }
    },
    {
      "type": "Feature",
      "geometry": {
        "type": "Point",
        "coordinates": [
          88.2386387,
          22.2493772
        ]
      },
      "properties": {
        "osm_id": 10826225572,
        "name": "Naogan",
        "place": "suburb"
      }
    },
    {
      "type": "Feature",
      "geometry": {
        "type": "Point",
        "coordinates": [
          88.2332983,
          22.2565781
        ]
      },
      "properties": {
        "osm_id": 10826225573,
        "name": "Ramchandrapur",
        "place": "suburb"
      }
    },
    {
      "type": "Feature",
      "geometry": {
        "type": "Point",
        "coordinates": [
          88.247626,
          22.1821675
        ]
      },
      "properties": {
        "osm_id": 10826228503,
        "name": "Hazraband",
        "place": "suburb"
      }
    },
    {
      "type": "Feature",
      "geometry": {
        "type": "Point",
        "coordinates": [
          88.259538,
          22.2296201
        ]
      },
      "properties": {
        "osm_id": 10826228667,
        "name": "Chousa",
        "place": "suburb"
      }
    },
    {
      "type": "Feature",
      "geometry": {
        "type": "Point",
        "coordinates": [
          88.222056,
          22.174939
        ]
      },
      "properties": {
        "osm_id": 10826228944,
        "name": "Narayanpur",
        "place": "suburb"
      }
    },
    {
      "type": "Feature",
      "geometry": {
        "type": "Point",
        "coordinates": [
          88.2490893,
          22.2453772
        ]
      },
      "properties": {
        "osm_id": 10826229473,
        "name": "Uttar Diarak",
        "place": "suburb"
      }
    },
    {
      "type": "Feature",
      "geometry": {
        "type": "Point",
        "coordinates": [
          88.2469466,
          22.1769889
        ]
      },
      "properties": {
        "osm_id": 10826231148,
        "name": "Basarali",
        "place": "suburb"
      }
    },
    {
      "type": "Feature",
      "geometry": {
        "type": "Point",
        "coordinates": [
          88.2356906,
          22.1840341
        ]
      },
      "properties": {
        "osm_id": 10826235951,
        "name": "Baradron",
        "place": "suburb"
      }
    },
    {
      "type": "Feature",
      "geometry": {
        "type": "Point",
        "coordinates": [
          88.2250346,
          22.2430474
        ]
      },
      "properties": {
        "osm_id": 10826235952,
        "name": "Bendal",
        "place": "suburb"
      }
    },
    {
      "type": "Feature",
      "geometry": {
        "type": "Point",
        "coordinates": [
          88.2271063,
          22.1730355
        ]
      },
      "properties": {
        "osm_id": 10826236096,
        "name": "Gauripur",
        "place": "suburb"
      }
    },
    {
      "type": "Feature",
      "geometry": {
        "type": "Point",
        "coordinates": [
          88.1915446,
          22.2140793
        ]
      },
      "properties": {
        "osm_id": 10826240524,
        "name": "Ramgobindapur",
        "place": "suburb"
      }
    },
    {
      "type": "Feature",
      "geometry": {
        "type": "Point",
        "coordinates": [
          88.1517266,
          22.2219719
        ]
      },
      "properties": {
        "osm_id": 10826240988,
        "name": "Gangadharpur",
        "place": "suburb"
      }
    },
    {
      "type": "Feature",
      "geometry": {
        "type": "Point",
        "coordinates": [
          88.2005056,
          22.1668644
        ]
      },
      "properties": {
        "osm_id": 10826242728,
        "name": "Sultanpur",
        "place": "suburb"
      }
    },
    {
      "type": "Feature",
      "geometry": {
        "type": "Point",
        "coordinates": [
          88.241628,
          22.1783385
        ]
      },
      "properties": {
        "osm_id": 10826244648,
        "name": "Kanpur",
        "place": "suburb"
      }
    },
    {
      "type": "Feature",
      "geometry": {
        "type": "Point",
        "coordinates": [
          88.2178693,
          22.2501518
        ]
      },
      "properties": {
        "osm_id": 10826247528,
        "name": "Kanaigachhi",
        "place": "suburb"
      }
    },
    {
      "type": "Feature",
      "geometry": {
        "type": "Point",
        "coordinates": [
          88.2590963,
          22.211926
        ]
      },
      "properties": {
        "osm_id": 10826247529,
        "name": "Netra",
        "place": "suburb"
      }
    },
    {
      "type": "Feature",
      "geometry": {
        "type": "Point",
        "coordinates": [
          88.2143913,
          22.2606689
        ]
      },
      "properties": {
        "osm_id": 10826248433,
        "name": "Bhogpunji",
        "place": "suburb"
      }
    },
    {
      "type": "Feature",
      "geometry": {
        "type": "Point",
        "coordinates": [
          88.255285,
          22.1820585
        ]
      },
      "properties": {
        "osm_id": 10826250072,
        "name": "Joaru",
        "place": "suburb"
      }
    },
    {
      "type": "Feature",
      "geometry": {
        "type": "Point",
        "coordinates": [
          88.2305843,
          22.2485587
        ]
      },
      "properties": {
        "osm_id": 10826250807,
        "name": "Ghatu",
        "place": "suburb"
      }
    },
    {
      "type": "Feature",
      "geometry": {
        "type": "Point",
        "coordinates": [
          88.2600036,
          22.1885813
        ]
      },
      "properties": {
        "osm_id": 10826251536,
        "name": "Dakshin Sehardaha",
        "place": "suburb"
      }
    },
    {
      "type": "Feature",
      "geometry": {
        "type": "Point",
        "coordinates": [
          88.253707,
          22.1995601
        ]
      },
      "properties": {
        "osm_id": 10826253210,
        "name": "Kamalpur",
        "place": "suburb"
      }
    },
    {
      "type": "Feature",
      "geometry": {
        "type": "Point",
        "coordinates": [
          88.2262863,
          22.2591313
        ]
      },
      "properties": {
        "osm_id": 10826254228,
        "name": "Raghunathnagar",
        "place": "suburb"
      }
    },
    {
      "type": "Feature",
      "geometry": {
        "type": "Point",
        "coordinates": [
          88.2586553,
          22.1953112
        ]
      },
      "properties": {
        "osm_id": 10826255047,
        "name": "Uttar Sehardaha",
        "place": "suburb"
      }
    },
    {
      "type": "Feature",
      "geometry": {
        "type": "Point",
        "coordinates": [
          88.2275873,
          22.2634885
        ]
      },
      "properties": {
        "osm_id": 10826255220,
        "name": "Kankura",
        "place": "suburb"
      }
    },
    {
      "type": "Feature",
      "geometry": {
        "type": "Point",
        "coordinates": [
          88.223419,
          22.2535266
        ]
      },
      "properties": {
        "osm_id": 10826255221,
        "name": "Matra",
        "place": "suburb"
      }
    },
    {
      "type": "Feature",
      "geometry": {
        "type": "Point",
        "coordinates": [
          88.1575227,
          22.2309769
        ]
      },
      "properties": {
        "osm_id": 10826259342,
        "name": "Haridebpur",
        "place": "suburb"
      }
    },
    {
      "type": "Feature",
      "geometry": {
        "type": "Point",
        "coordinates": [
          88.1601156,
          22.2077084
        ]
      },
      "properties": {
        "osm_id": 10826262233,
        "name": "Harinarayanpur",
        "place": "suburb"
      }
    },
    {
      "type": "Feature",
      "geometry": {
        "type": "Point",
        "coordinates": [
          88.2590893,
          22.2204985
        ]
      },
      "properties": {
        "osm_id": 10826263276,
        "name": "Sultanbaga",
        "place": "suburb"
      }
    },
    {
      "type": "Feature",
      "geometry": {
        "type": "Point",
        "coordinates": [
          88.263686,
          22.2017215
        ]
      },
      "properties": {
        "osm_id": 10826263656,
        "name": "Malancha",
        "place": "suburb"
      }
    },
    {
      "type": "Feature",
      "geometry": {
        "type": "Point",
        "coordinates": [
          88.2507349,
          22.2080593
        ]
      },
      "properties": {
        "osm_id": 10826263943,
        "name": "Nudia",
        "place": "suburb"
      }
    },
    {
      "type": "Feature",
      "geometry": {
        "type": "Point",
        "coordinates": [
          88.1637073,
          22.217709
        ]
      },
      "properties": {
        "osm_id": 10826271416,
        "name": "Darikrishnanagar",
        "place": "suburb"
      }
    },
    {
      "type": "Feature",
      "geometry": {
        "type": "Point",
        "coordinates": [
          88.1805126,
          22.2092287
        ]
      },
      "properties": {
        "osm_id": 10826271574,
        "name": "Jaydebpur",
        "place": "suburb"
      }
    },
    {
      "type": "Feature",
      "geometry": {
        "type": "Point",
        "coordinates": [
          88.1369173,
          22.2030094
        ]
      },
      "properties": {
        "osm_id": 10826271575,
        "name": "Kalicharanpur",
        "place": "suburb"
      }
    },
    {
      "type": "Feature",
      "geometry": {
        "type": "Point",
        "coordinates": [
          88.1558256,
          22.2013763
        ]
      },
      "properties": {
        "osm_id": 10826273194,
        "name": "Chak Deulpotar",
        "place": "suburb"
      }
    },
    {
      "type": "Feature",
      "geometry": {
        "type": "Point",
        "coordinates": [
          88.2460896,
          22.1885285
        ]
      },
      "properties": {
        "osm_id": 10826273240,
        "name": "Tetuagari",
        "place": "suburb"
      }
    },
    {
      "type": "Feature",
      "geometry": {
        "type": "Point",
        "coordinates": [
          88.1701773,
          22.2078966
        ]
      },
      "properties": {
        "osm_id": 10826274967,
        "name": "Parulia",
        "place": "suburb"
      }
    },
    {
      "type": "Feature",
      "geometry": {
        "type": "Point",
        "coordinates": [
          88.1718907,
          22.2252593
        ]
      },
      "properties": {
        "osm_id": 10826274968,
        "name": "Santoshpur",
        "place": "suburb"
      }
    },
    {
      "type": "Feature",
      "geometry": {
        "type": "Point",
        "coordinates": [
          88.146249,
          22.2063105
        ]
      },
      "properties": {
        "osm_id": 10826276783,
        "name": "Krishnarampur",
        "place": "suburb"
      }
    },
    {
      "type": "Feature",
      "geometry": {
        "type": "Point",
        "coordinates": [
          88.157737,
          22.2117976
        ]
      },
      "properties": {
        "osm_id": 10826278786,
        "name": "Khorda Sadasibpur",
        "place": "suburb"
      }
    },
    {
      "type": "Feature",
      "geometry": {
        "type": "Point",
        "coordinates": [
          88.2117406,
          22.2185372
        ]
      },
      "properties": {
        "osm_id": 10826279673,
        "name": "Patra",
        "place": "suburb"
      }
    },
    {
      "type": "Feature",
      "geometry": {
        "type": "Point",
        "coordinates": [
          88.1353263,
          22.2857391
        ]
      },
      "properties": {
        "osm_id": 10828747972,
        "name": "Barada",
        "place": "suburb"
      }
    },
    {
      "type": "Feature",
      "geometry": {
        "type": "Point",
        "coordinates": [
          88.1213216,
          22.248889
        ]
      },
      "properties": {
        "osm_id": 10828759289,
        "name": "Kalia",
        "place": "suburb"
      }
    },
    {
      "type": "Feature",
      "geometry": {
        "type": "Point",
        "coordinates": [
          88.0937323,
          22.2666447
        ]
      },
      "properties": {
        "osm_id": 10828759292,
        "name": "Nainan",
        "place": "suburb"
      }
    },
    {
      "type": "Feature",
      "geometry": {
        "type": "Point",
        "coordinates": [
          88.1797577,
          22.2681948
        ]
      },
      "properties": {
        "osm_id": 10828767916,
        "name": "Hinchabaria",
        "place": "suburb"
      }
    },
    {
      "type": "Feature",
      "geometry": {
        "type": "Point",
        "coordinates": [
          88.1652596,
          22.2773592
        ]
      },
      "properties": {
        "osm_id": 10828767941,
        "name": "Seora Hati",
        "place": "suburb"
      }
    },
    {
      "type": "Feature",
      "geometry": {
        "type": "Point",
        "coordinates": [
          88.2181326,
          22.2268154
        ]
      },
      "properties": {
        "osm_id": 10828767955,
        "name": "Agneshwar",
        "place": "suburb"
      }
    },
    {
      "type": "Feature",
      "geometry": {
        "type": "Point",
        "coordinates": [
          88.1723956,
          22.2731262
        ]
      },
      "properties": {
        "osm_id": 10828768299,
        "name": "Bangla",
        "place": "suburb"
      }
    },
    {
      "type": "Feature",
      "geometry": {
        "type": "Point",
        "coordinates": [
          88.116894,
          22.2708969
        ]
      },
      "properties": {
        "osm_id": 10828769515,
        "name": "Pana",
        "place": "suburb"
      }
    },
    {
      "type": "Feature",
      "geometry": {
        "type": "Point",
        "coordinates": [
          88.0926366,
          22.2509572
        ]
      },
      "properties": {
        "osm_id": 10828771500,
        "name": "Ramnagar",
        "place": "suburb"
      }
    },
    {
      "type": "Feature",
      "geometry": {
        "type": "Point",
        "coordinates": [
          88.1266353,
          22.2736572
        ]
      },
      "properties": {
        "osm_id": 10828771728,
        "name": "Gondia Raghunathpur",
        "place": "suburb"
      }
    },
    {
      "type": "Feature",
      "geometry": {
        "type": "Point",
        "coordinates": [
          88.1523059,
          22.2324342
        ]
      },
      "properties": {
        "osm_id": 10828779600,
        "name": "Rekha",
        "place": "suburb"
      }
    },
    {
      "type": "Feature",
      "geometry": {
        "type": "Point",
        "coordinates": [
          88.1749845,
          22.2376588
        ]
      },
      "properties": {
        "osm_id": 10828784159,
        "name": "Uttar Kamarpol",
        "place": "suburb"
      }
    },
    {
      "type": "Feature",
      "geometry": {
        "type": "Point",
        "coordinates": [
          88.150675,
          22.2605819
        ]
      },
      "properties": {
        "osm_id": 10828784186,
        "name": "Jiancha",
        "place": "suburb"
      }
    },
    {
      "type": "Feature",
      "geometry": {
        "type": "Point",
        "coordinates": [
          88.1588736,
          22.2712969
        ]
      },
      "properties": {
        "osm_id": 10828784324,
        "name": "Dakjoari",
        "place": "suburb"
      }
    },
    {
      "type": "Feature",
      "geometry": {
        "type": "Point",
        "coordinates": [
          88.1402303,
          22.2705191
        ]
      },
      "properties": {
        "osm_id": 10828787243,
        "name": "Sankhua",
        "place": "suburb"
      }
    },
    {
      "type": "Feature",
      "geometry": {
        "type": "Point",
        "coordinates": [
          88.1151177,
          22.2192262
        ]
      },
      "properties": {
        "osm_id": 10828787268,
        "name": "Paschim Kankjal",
        "place": "suburb"
      }
    },
    {
      "type": "Feature",
      "geometry": {
        "type": "Point",
        "coordinates": [
          88.1260844,
          22.2835293
        ]
      },
      "properties": {
        "osm_id": 10828789299,
        "name": "Sankarparulia",
        "place": "suburb"
      }
    },
    {
      "type": "Feature",
      "geometry": {
        "type": "Point",
        "coordinates": [
          88.1385406,
          22.2770185
        ]
      },
      "properties": {
        "osm_id": 10828790118,
        "name": "Bhaduria",
        "place": "suburb"
      }
    },
    {
      "type": "Feature",
      "geometry": {
        "type": "Point",
        "coordinates": [
          88.12245,
          22.2640799
        ]
      },
      "properties": {
        "osm_id": 10828790119,
        "name": "Bhaukol",
        "place": "suburb"
      }
    },
    {
      "type": "Feature",
      "geometry": {
        "type": "Point",
        "coordinates": [
          88.1922163,
          22.2685666
        ]
      },
      "properties": {
        "osm_id": 10828793237,
        "name": "Amira",
        "place": "suburb"
      }
    },
    {
      "type": "Feature",
      "geometry": {
        "type": "Point",
        "coordinates": [
          88.1056413,
          22.2824403
        ]
      },
      "properties": {
        "osm_id": 10828796768,
        "name": "Bishra",
        "place": "suburb"
      }
    },
    {
      "type": "Feature",
      "geometry": {
        "type": "Point",
        "coordinates": [
          88.0929746,
          22.2746188
        ]
      },
      "properties": {
        "osm_id": 10828800363,
        "name": "Akalmegh",
        "place": "suburb"
      }
    },
    {
      "type": "Feature",
      "geometry": {
        "type": "Point",
        "coordinates": [
          88.1120203,
          22.2672879
        ]
      },
      "properties": {
        "osm_id": 10828802094,
        "name": "Basudebpur",
        "place": "suburb"
      }
    },
    {
      "type": "Feature",
      "geometry": {
        "type": "Point",
        "coordinates": [
          88.1164866,
          22.2835091
        ]
      },
      "properties": {
        "osm_id": 10828803188,
        "name": "Sehalampur",
        "place": "suburb"
      }
    },
    {
      "type": "Feature",
      "geometry": {
        "type": "Point",
        "coordinates": [
          88.178533,
          22.2586799
        ]
      },
      "properties": {
        "osm_id": 10828803375,
        "name": "Khamarkur",
        "place": "suburb"
      }
    },
    {
      "type": "Feature",
      "geometry": {
        "type": "Point",
        "coordinates": [
          88.136955,
          22.2188092
        ]
      },
      "properties": {
        "osm_id": 10828803402,
        "name": "Kholakhali",
        "place": "suburb"
      }
    },
    {
      "type": "Feature",
      "geometry": {
        "type": "Point",
        "coordinates": [
          88.1217473,
          22.2134281
        ]
      },
      "properties": {
        "osm_id": 10828803975,
        "name": "Chakloknath",
        "place": "suburb"
      }
    },
    {
      "type": "Feature",
      "geometry": {
        "type": "Point",
        "coordinates": [
          88.104507,
          22.2695157
        ]
      },
      "properties": {
        "osm_id": 10828804307,
        "name": "Gopalpur",
        "place": "suburb"
      }
    },
    {
      "type": "Feature",
      "geometry": {
        "type": "Point",
        "coordinates": [
          88.1297993,
          22.2492846
        ]
      },
      "properties": {
        "osm_id": 10828806835,
        "name": "Gagankalia",
        "place": "suburb"
      }
    },
    {
      "type": "Feature",
      "geometry": {
        "type": "Point",
        "coordinates": [
          88.1146573,
          22.247349
        ]
      },
      "properties": {
        "osm_id": 10828806836,
        "name": "Haldighi",
        "place": "suburb"
      }
    },
    {
      "type": "Feature",
      "geometry": {
        "type": "Point",
        "coordinates": [
          88.1696223,
          22.2567324
        ]
      },
      "properties": {
        "osm_id": 10828808474,
        "name": "Pitambara",
        "place": "suburb"
      }
    },
    {
      "type": "Feature",
      "geometry": {
        "type": "Point",
        "coordinates": [
          88.100916,
          22.2455168
        ]
      },
      "properties": {
        "osm_id": 10828810154,
        "name": "Birpara",
        "place": "suburb"
      }
    },
    {
      "type": "Feature",
      "geometry": {
        "type": "Point",
        "coordinates": [
          88.1026312,
          22.2538088
        ]
      },
      "properties": {
        "osm_id": 10828811599,
        "name": "Sundarika",
        "place": "suburb"
      }
    },
    {
      "type": "Feature",
      "geometry": {
        "type": "Point",
        "coordinates": [
          88.1776646,
          22.2518909
        ]
      },
      "properties": {
        "osm_id": 10828812543,
        "name": "Bhushna",
        "place": "suburb"
      }
    },
    {
      "type": "Feature",
      "geometry": {
        "type": "Point",
        "coordinates": [
          88.1077573,
          22.2589478
        ]
      },
      "properties": {
        "osm_id": 10828813115,
        "name": "Khandalia",
        "place": "suburb"
      }
    },
    {
      "type": "Feature",
      "geometry": {
        "type": "Point",
        "coordinates": [
          88.1090379,
          22.2678288
        ]
      },
      "properties": {
        "osm_id": 10828814605,
        "name": "Parasurampur",
        "place": "suburb"
      }
    },
    {
      "type": "Feature",
      "geometry": {
        "type": "Point",
        "coordinates": [
          88.1461599,
          22.2382503
        ]
      },
      "properties": {
        "osm_id": 10828815795,
        "name": "Mathur",
        "place": "suburb"
      }
    },
    {
      "type": "Feature",
      "geometry": {
        "type": "Point",
        "coordinates": [
          88.1342146,
          22.260901
        ]
      },
      "properties": {
        "osm_id": 10828815965,
        "name": "Asurali",
        "place": "suburb"
      }
    },
    {
      "type": "Feature",
      "geometry": {
        "type": "Point",
        "coordinates": [
          88.131703,
          22.2391325
        ]
      },
      "properties": {
        "osm_id": 10828815967,
        "name": "Goragachha",
        "place": "suburb"
      }
    },
    {
      "type": "Feature",
      "geometry": {
        "type": "Point",
        "coordinates": [
          88.1001952,
          22.2756992
        ]
      },
      "properties": {
        "osm_id": 10828816105,
        "name": "Uttar Simulberia",
        "place": "suburb"
      }
    },
    {
      "type": "Feature",
      "geometry": {
        "type": "Point",
        "coordinates": [
          88.1449863,
          22.225789
        ]
      },
      "properties": {
        "osm_id": 10828818730,
        "name": "Andharia",
        "place": "suburb"
      }
    },
    {
      "type": "Feature",
      "geometry": {
        "type": "Point",
        "coordinates": [
          88.1563353,
          22.2453588
        ]
      },
      "properties": {
        "osm_id": 10828818731,
        "name": "Kushbaria",
        "place": "suburb"
      }
    },
    {
      "type": "Feature",
      "geometry": {
        "type": "Point",
        "coordinates": [
          88.149856,
          22.2692962
        ]
      },
      "properties": {
        "osm_id": 10828819845,
        "name": "Chandabamuntala",
        "place": "suburb"
      }
    },
    {
      "type": "Feature",
      "geometry": {
        "type": "Point",
        "coordinates": [
          88.1499596,
          22.252919
        ]
      },
      "properties": {
        "osm_id": 10828819846,
        "name": "Jhaudari",
        "place": "suburb"
      }
    },
    {
      "type": "Feature",
      "geometry": {
        "type": "Point",
        "coordinates": [
          88.107578,
          22.240837
        ]
      },
      "properties": {
        "osm_id": 10828819848,
        "name": "Karaibaria",
        "place": "suburb"
      }
    },
    {
      "type": "Feature",
      "geometry": {
        "type": "Point",
        "coordinates": [
          88.136038,
          22.247545
        ]
      },
      "properties": {
        "osm_id": 10828820963,
        "name": "Dakshin Simla",
        "place": "suburb"
      }
    },
    {
      "type": "Feature",
      "geometry": {
        "type": "Point",
        "coordinates": [
          88.1256993,
          22.236649
        ]
      },
      "properties": {
        "osm_id": 10828821386,
        "name": "Akrapunji",
        "place": "suburb"
      }
    },
    {
      "type": "Feature",
      "geometry": {
        "type": "Point",
        "coordinates": [
          88.1552422,
          22.2771999
        ]
      },
      "properties": {
        "osm_id": 10828821605,
        "name": "Aoasberia",
        "place": "suburb"
      }
    },
    {
      "type": "Feature",
      "geometry": {
        "type": "Point",
        "coordinates": [
          88.129197,
          22.2305113
        ]
      },
      "properties": {
        "osm_id": 10828822581,
        "name": "Goanara",
        "place": "suburb"
      }
    },
    {
      "type": "Feature",
      "geometry": {
        "type": "Point",
        "coordinates": [
          88.120843,
          22.2278347
        ]
      },
      "properties": {
        "osm_id": 10828825253,
        "name": "Asapur",
        "place": "suburb"
      }
    },
    {
      "type": "Feature",
      "geometry": {
        "type": "Point",
        "coordinates": [
          88.2081753,
          22.259076
        ]
      },
      "properties": {
        "osm_id": 10828825398,
        "name": "Sukdebpur",
        "place": "suburb"
      }
    },
    {
      "type": "Feature",
      "geometry": {
        "type": "Point",
        "coordinates": [
          88.1453646,
          22.2624484
        ]
      },
      "properties": {
        "osm_id": 10828826317,
        "name": "Dhukrijhara",
        "place": "suburb"
      }
    },
    {
      "type": "Feature",
      "geometry": {
        "type": "Point",
        "coordinates": [
          88.1696246,
          22.2670262
        ]
      },
      "properties": {
        "osm_id": 10828828849,
        "name": "Khorda",
        "place": "suburb"
      }
    },
    {
      "type": "Feature",
      "geometry": {
        "type": "Point",
        "coordinates": [
          88.1393146,
          22.2375009
        ]
      },
      "properties": {
        "osm_id": 10828828865,
        "name": "Mankhanda",
        "place": "suburb"
      }
    },
    {
      "type": "Feature",
      "geometry": {
        "type": "Point",
        "coordinates": [
          88.1407636,
          22.2521287
        ]
      },
      "properties": {
        "osm_id": 10828829402,
        "name": "Khordnahala",
        "place": "suburb"
      }
    },
    {
      "type": "Feature",
      "geometry": {
        "type": "Point",
        "coordinates": [
          88.131975,
          22.2075902
        ]
      },
      "properties": {
        "osm_id": 10828837390,
        "name": "Singhalganja Abad",
        "place": "suburb"
      }
    },
    {
      "type": "Feature",
      "geometry": {
        "type": "Point",
        "coordinates": [
          88.0862883,
          22.2290177
        ]
      },
      "properties": {
        "osm_id": 10828838328,
        "name": "Sriphalbaria",
        "place": "suburb"
      }
    },
    {
      "type": "Feature",
      "geometry": {
        "type": "Point",
        "coordinates": [
          88.1123493,
          22.2305595
        ]
      },
      "properties": {
        "osm_id": 10828839542,
        "name": "Gandabaria",
        "place": "suburb"
      }
    },
    {
      "type": "Feature",
      "geometry": {
        "type": "Point",
        "coordinates": [
          88.1364706,
          22.2275591
        ]
      },
      "properties": {
        "osm_id": 10828839573,
        "name": "Kultikri",
        "place": "suburb"
      }
    },
    {
      "type": "Feature",
      "geometry": {
        "type": "Point",
        "coordinates": [
          88.1850063,
          22.2533173
        ]
      },
      "properties": {
        "osm_id": 10828841322,
        "name": "Narayantala",
        "place": "suburb"
      }
    },
    {
      "type": "Feature",
      "geometry": {
        "type": "Point",
        "coordinates": [
          88.1004116,
          22.2168763
        ]
      },
      "properties": {
        "osm_id": 10828844703,
        "name": "Paschim Bhabanipur",
        "place": "suburb"
      }
    },
    {
      "type": "Feature",
      "geometry": {
        "type": "Point",
        "coordinates": [
          88.1027056,
          22.2298699
        ]
      },
      "properties": {
        "osm_id": 10828845758,
        "name": "Khanjapur",
        "place": "suburb"
      }
    },
    {
      "type": "Feature",
      "geometry": {
        "type": "Point",
        "coordinates": [
          88.1168987,
          22.2387078
        ]
      },
      "properties": {
        "osm_id": 10828847307,
        "name": "Pipulat",
        "place": "suburb"
      }
    },
    {
      "type": "Feature",
      "geometry": {
        "type": "Point",
        "coordinates": [
          88.109738,
          22.2115893
        ]
      },
      "properties": {
        "osm_id": 10828847518,
        "name": "Dakshin Simulbaria",
        "place": "suburb"
      }
    },
    {
      "type": "Feature",
      "geometry": {
        "type": "Point",
        "coordinates": [
          88.1270863,
          22.219296
        ]
      },
      "properties": {
        "osm_id": 10828850828,
        "name": "Paschim Gobindapur",
        "place": "suburb"
      }
    },
    {
      "type": "Feature",
      "geometry": {
        "type": "Point",
        "coordinates": [
          88.0857123,
          22.210656
        ]
      },
      "properties": {
        "osm_id": 10828851862,
        "name": "Durgapur",
        "place": "suburb"
      }
    },
    {
      "type": "Feature",
      "geometry": {
        "type": "Point",
        "coordinates": [
          88.1956546,
          22.2308966
        ]
      },
      "properties": {
        "osm_id": 10828852002,
        "name": "Bagda",
        "place": "suburb"
      }
    },
    {
      "type": "Feature",
      "geometry": {
        "type": "Point",
        "coordinates": [
          88.1880133,
          22.2410978
        ]
      },
      "properties": {
        "osm_id": 10828854382,
        "name": "Kalagachhia",
        "place": "suburb"
      }
    },
    {
      "type": "Feature",
      "geometry": {
        "type": "Point",
        "coordinates": [
          88.1984046,
          22.2433481
        ]
      },
      "properties": {
        "osm_id": 10828854383,
        "name": "Kalikamerya",
        "place": "suburb"
      }
    },
    {
      "type": "Feature",
      "geometry": {
        "type": "Point",
        "coordinates": [
          88.121608,
          22.2193094
        ]
      },
      "properties": {
        "osm_id": 10828878723,
        "name": "Purba Kankjal",
        "place": "suburb"
      }
    },
    {
      "type": "Feature",
      "geometry": {
        "type": "Point",
        "coordinates": [
          88.0928087,
          22.224789
        ]
      },
      "properties": {
        "osm_id": 10828897388,
        "name": "Sukdebpur",
        "place": "suburb"
      }
    },
    {
      "type": "Feature",
      "geometry": {
        "type": "Point",
        "coordinates": [
          88.1095483,
          22.2201459
        ]
      },
      "properties": {
        "osm_id": 10828897458,
        "name": "Mukundapur",
        "place": "suburb"
      }
    },
    {
      "type": "Feature",
      "geometry": {
        "type": "Point",
        "coordinates": [
          88.0796466,
          22.2166668
        ]
      },
      "properties": {
        "osm_id": 10828897459,
        "name": "Nurpur",
        "place": "suburb"
      }
    },
    {
      "type": "Feature",
      "geometry": {
        "type": "Point",
        "coordinates": [
          88.0939653,
          22.2354781
        ]
      },
      "properties": {
        "osm_id": 10828904549,
        "name": "Nila",
        "place": "suburb"
      }
    },
    {
      "type": "Feature",
      "geometry": {
        "type": "Point",
        "coordinates": [
          88.2014246,
          22.2234966
        ]
      },
      "properties": {
        "osm_id": 10828920237,
        "name": "Mollapukur",
        "place": "suburb"
      }
    },
    {
      "type": "Feature",
      "geometry": {
        "type": "Point",
        "coordinates": [
          88.2024673,
          22.2670407
        ]
      },
      "properties": {
        "osm_id": 10828920887,
        "name": "Jhinga",
        "place": "suburb"
      }
    },
    {
      "type": "Feature",
      "geometry": {
        "type": "Point",
        "coordinates": [
          88.2153896,
          22.2358981
        ]
      },
      "properties": {
        "osm_id": 10828933111,
        "name": "Purba Bhabanipur",
        "place": "suburb"
      }
    },
    {
      "type": "Feature",
      "geometry": {
        "type": "Point",
        "coordinates": [
          88.1933633,
          22.2527824
        ]
      },
      "properties": {
        "osm_id": 10828933275,
        "name": "Nabasan",
        "place": "suburb"
      }
    },
    {
      "type": "Feature",
      "geometry": {
        "type": "Point",
        "coordinates": [
          88.209702,
          22.2330091
        ]
      },
      "properties": {
        "osm_id": 10828933954,
        "name": "Paschim Durgapur",
        "place": "suburb"
      }
    },
    {
      "type": "Feature",
      "geometry": {
        "type": "Point",
        "coordinates": [
          88.2148146,
          22.2438867
        ]
      },
      "properties": {
        "osm_id": 10828939332,
        "name": "Murigachhi",
        "place": "suburb"
      }
    },
    {
      "type": "Feature",
      "geometry": {
        "type": "Point",
        "coordinates": [
          88.1852503,
          22.2598496
        ]
      },
      "properties": {
        "osm_id": 10828939425,
        "name": "Tapha",
        "place": "suburb"
      }
    },
    {
      "type": "Feature",
      "geometry": {
        "type": "Point",
        "coordinates": [
          88.2236866,
          22.2337314
        ]
      },
      "properties": {
        "osm_id": 10828939962,
        "name": "Mirzapur",
        "place": "suburb"
      }
    },
    {
      "type": "Feature",
      "geometry": {
        "type": "Point",
        "coordinates": [
          88.1841423,
          22.2699791
        ]
      },
      "properties": {
        "osm_id": 10828939990,
        "name": "Panchsata",
        "place": "suburb"
      }
    },
    {
      "type": "Feature",
      "geometry": {
        "type": "Point",
        "coordinates": [
          88.190085,
          22.2241016
        ]
      },
      "properties": {
        "osm_id": 10828940805,
        "name": "Chandnagar",
        "place": "suburb"
      }
    },
    {
      "type": "Feature",
      "geometry": {
        "type": "Point",
        "coordinates": [
          88.19595,
          22.25816
        ]
      },
      "properties": {
        "osm_id": 10828942388,
        "name": "Cheora",
        "place": "suburb"
      }
    },
    {
      "type": "Feature",
      "geometry": {
        "type": "Point",
        "coordinates": [
          88.2089746,
          22.2427306
        ]
      },
      "properties": {
        "osm_id": 10828944956,
        "name": "Katapukharia",
        "place": "suburb"
      }
    },
    {
      "type": "Feature",
      "geometry": {
        "type": "Point",
        "coordinates": [
          88.2019193,
          22.2484387
        ]
      },
      "properties": {
        "osm_id": 10828948070,
        "name": "Nasa",
        "place": "suburb"
      }
    },
    {
      "type": "Feature",
      "geometry": {
        "type": "Point",
        "coordinates": [
          88.2074463,
          22.2514687
        ]
      },
      "properties": {
        "osm_id": 10828950530,
        "name": "Nahanna",
        "place": "suburb"
      }
    },
    {
      "type": "Feature",
      "geometry": {
        "type": "Point",
        "coordinates": [
          88.2204984,
          22.2136011
        ]
      },
      "properties": {
        "osm_id": 10830451304,
        "name": "Patra",
        "place": "suburb"
      }
    },
    {
      "type": "Feature",
      "geometry": {
        "type": "Point",
        "coordinates": [
          88.338506,
          22.1882433
        ]
      },
      "properties": {
        "osm_id": 10830484742,
        "name": "Sadashibpur",
        "place": "suburb"
      }
    },
    {
      "type": "Feature",
      "geometry": {
        "type": "Point",
        "coordinates": [
          88.4207899,
          22.1710321
        ]
      },
      "properties": {
        "osm_id": 10856373600,
        "name": "Majilpur",
        "place": "suburb"
      }
    },
    {
      "type": "Feature",
      "geometry": {
        "type": "Point",
        "coordinates": [
          88.3323692,
          22.5264928
        ]
      },
      "properties": {
        "osm_id": 10917936011,
        "name": "Alipore",
        "place": "suburb"
      }
    },
    {
      "type": "Feature",
      "geometry": {
        "type": "Point",
        "coordinates": [
          87.9816289,
          22.5976769
        ]
      },
      "properties": {
        "osm_id": 10978494274,
        "name": "Kalikata",
        "place": "village"
      }
    },
    {
      "type": "Feature",
      "geometry": {
        "type": "Point",
        "coordinates": [
          87.9689846,
          22.4674309
        ]
      },
      "properties": {
        "osm_id": 11056279874,
        "name": "Bagnan",
        "place": "town"
      }
    },
    {
      "type": "Feature",
      "geometry": {
        "type": "Point",
        "coordinates": [
          88.4338521,
          22.5973333
        ]
      },
      "properties": {
        "osm_id": 11126031785,
        "name": "Keshtopur",
        "place": "suburb"
      }
    },
    {
      "type": "Feature",
      "geometry": {
        "type": "Point",
        "coordinates": [
          88.4098286,
          22.4442753
        ]
      },
      "properties": {
        "osm_id": 11183897898,
        "name": "Shimultala",
        "place": "suburb"
      }
    },
    {
      "type": "Feature",
      "geometry": {
        "type": "Point",
        "coordinates": [
          88.3333078,
          22.5819734
        ]
      },
      "properties": {
        "osm_id": 11231291700,
        "name": "Howrah Maidan",
        "place": "suburb"
      }
    },
    {
      "type": "Feature",
      "geometry": {
        "type": "Point",
        "coordinates": [
          88.4390387,
          22.5363359
        ]
      },
      "properties": {
        "osm_id": 11260040607,
        "name": "East Kolkata Wetlands",
        "place": "suburb"
      }
    },
    {
      "type": "Feature",
      "geometry": {
        "type": "Point",
        "coordinates": [
          88.41692,
          22.590425
        ]
      },
      "properties": {
        "osm_id": 11962929957,
        "name": "Bidhannagar",
        "place": "city",
        "population_tag": "304000"
      }
    }
  ]
}